ISO-10303-21;
HEADER;
FILE_DESCRIPTION(('ViewDefinition [Ifc4X3NotAssigned]'),'2;1');
FILE_NAME(
/* name */ '/tmp/urn_adsk-forma-elements_proposal_pro_i5ejxrzg17_c1e51a32-cfcb-4da0-a11a-9d9579024695_1782142340044.ifc',
/* time_stamp */ '2026-06-22T16:36:14',
/* author */ ('Autodesk Forma'),
/* organization */ ('Autodesk Forma'),
/* preprocessor_version */ 'GeometryGymIFCcore v25.7.30.0 by Geometry Gym Pty Ltd built 2026-06-22T09:12:03',
/* originating_system */ 'Autodesk Forma',
/* authorization */ 'None'
);

FILE_SCHEMA (('IFC4X3_ADD2'));
ENDSEC;

DATA;
#1= IFCCARTESIANPOINT((0.0,0.0,0.0));
#2= IFCPROJECTEDCRS('EPSG:32617','+proj=utm +zone=17 +datum=WGS84 +units=m +no_defs','WGS84',$,'utm','17',#3);
#3= IFCSIUNIT(*,.LENGTHUNIT.,$,.METRE.);
#4= IFCGEOMETRICREPRESENTATIONCONTEXT('3D','Model',3,0.0001,#6,#7);
#5= IFCCARTESIANPOINT((0.0,0.0,0.0));
#6= IFCAXIS2PLACEMENT3D(#5,$,$);
#7= IFCDIRECTION((0.0,1.0));
#8= IFCMAPCONVERSION(#4,#2,510647.283354869,3899635.04173386,0.0,$,$,$);
#9= IFCCARTESIANPOINT((0.0,0.0,0.0));
#10= IFCAXIS2PLACEMENT3D(#9,$,$);
#11= IFCLOCALPLACEMENT($,#10);
#12= IFCSITE('14QW8SsYT2ZGf557SO8ddH',#18,'Site',$,$,#11,$,$,$,$,$,$,$,$);
#13= IFCPERSON('sbx_user1051',$,$,$,$,$,$,$);
#14= IFCORGANIZATION($,'Autodesk Forma',$,$,$);
#15= IFCPERSONANDORGANIZATION(#13,#14,$);
#17= IFCAPPLICATION(#14,'2.1.1.0','Autodesk Forma','Autodesk Forma');
#18= IFCOWNERHISTORY(#15,#17,$,.ADDED.,1782146169,$,$,1782146169);
#19= IFCPROJECT('2_sVwH2WQcayoiBOsUsRQr',#18,'pro_i5ejxrzg17',$,$,$,$,(#4),#20);
#20= IFCUNITASSIGNMENT((#21,#22,#23,#24,#25));
#21= IFCSIUNIT(*,.LENGTHUNIT.,$,.METRE.);
#22= IFCSIUNIT(*,.AREAUNIT.,$,.SQUARE_METRE.);
#23= IFCSIUNIT(*,.VOLUMEUNIT.,$,.CUBIC_METRE.);
#24= IFCSIUNIT(*,.PLANEANGLEUNIT.,$,.RADIAN.);
#25= IFCSIUNIT(*,.TIMEUNIT.,$,.SECOND.);
#26= IFCRELAGGREGATES('1t0mCwSnQRRb2ffdriWwld',#18,$,$,#19,(#12));
#27= IFCPROPERTYSET('25LId9RPnQH_gfY0$EIU37',#18,'Forma Element Properties',$,(#28));
#28= IFCPROPERTYSINGLEVALUE('URN',$,IFCLABEL('urn:adsk-forma-elements:proposal:pro_i5ejxrzg17:c1e51a32-cfcb-4da0-a11a-9d9579024695:1782142340044'),$);
#29= IFCRELDEFINESBYPROPERTIES('0sigtDKY_FM5qKA76u0PW_',#18,$,$,(#19),#27);
#30= IFCCARTESIANPOINTLIST3D(((-265.072815,262.82666,221.81636),(264.506104,262.82666,230.838348),(-265.072815,-263.910156,222.904816),(264.506104,-263.910156,215.123688),(-206.230728,87.247726,233.171585),(-117.967567,87.247726,215.125732),(-29.704409,-88.331223,227.341797),(29.137697,-29.804907,211.339706),(117.400856,-176.120697,206.988968),(-176.809677,57.98457,219.833832),(117.400856,-263.910156,207.549881),(-265.072815,175.037201,231.01329),(87.979805,-88.331223,217.866043),(-0.283356,-59.068066,211.977295),(117.400856,-117.594383,210.241119),(-0.283356,87.247726,224.046265),(29.137697,28.721411,213.453995),(264.506104,-205.38385,222.891541),(-0.283356,-263.910156,217.922821),(-59.125462,-29.804907,217.865311),(-29.704409,57.98457,213.308731),(-176.809677,-29.804907,226.658264),(-206.230728,57.98457,226.081268),(58.55875,87.247726,224.895844),(58.55875,-0.541748,213.002136),(117.400856,-0.541748,221.533524),(87.979805,116.510887,220.912903),(146.821915,204.300354,232.432831),(58.55875,145.774048,221.605408),(-59.125462,116.510887,223.146851),(-176.809677,145.774048,217.647675),(58.55875,233.563522,224.262466),(29.137697,175.037201,228.728806),(-0.283356,145.774048,221.045593),(176.242966,-29.804907,218.202545),(58.55875,-176.120697,218.470367),(87.979805,-205.38385,207.520996),(58.55875,-234.647018,216.029358),(-29.704409,-0.541748,211.874771),(-147.388626,116.510887,220.460678),(-265.072815,116.510887,225.94014),(-206.230728,116.510887,231.048737),(-265.072815,-146.857544,227.712677),(-88.546516,-88.331223,222.968872),(-59.125462,87.247726,221.336929),(-29.704409,87.247726,218.303711),(-0.283356,233.563522,227.305496),(-59.125462,175.037201,220.047714),(264.506104,175.037201,225.656372),(176.242966,87.247726,226.467316),(-0.283356,175.037201,226.807526),(264.506104,87.247726,228.691879),(87.979805,-176.120697,209.119171),(205.664017,87.247726,223.6586),(-29.704409,233.563522,222.951462),(264.506104,-29.804907,222.983948),(-59.125462,-0.541748,213.361191),(264.506104,-88.331223,226.224182),(-88.546516,28.721411,217.793182),(-88.546516,57.98457,214.741089),(235.085068,-0.541748,225.535767),(58.55875,-88.331223,217.135345),(87.979805,-146.857544,211.324112),(-176.809677,116.510887,222.778366),(-176.809677,87.247726,225.115921),(87.979805,28.721411,218.256134),(87.979805,57.98457,222.725906),(87.979805,-29.804907,214.559433),(117.400856,-29.804907,219.329086),(29.137697,-59.068066,210.592422),(-235.651779,204.300354,225.303314),(-176.809677,175.037201,217.687195),(-206.230728,204.300354,222.088623),(-235.651779,145.774048,228.311218),(146.821915,-263.910156,211.777206),(-88.546516,-29.804907,222.692551),(117.400856,233.563522,229.826096),(176.242966,233.563522,227.982483),(235.085068,233.563522,231.751358),(-59.125462,57.98457,216.639236),(205.664017,204.300354,230.547562),(176.242966,145.774048,226.225937),(58.55875,-263.910156,215.334335),(-88.546516,-0.541748,217.657043),(-88.546516,204.300354,223.199875),(-147.388626,145.774048,217.460724),(-29.704409,116.510887,223.407578),(-235.651779,175.037201,224.281738),(117.400856,175.037201,225.454132),(205.664017,57.98457,222.715256),(-265.072815,204.300354,230.417313),(-235.651779,57.98457,228.667923),(-206.230728,-29.804907,224.518341),(87.979805,-234.647018,207.919479),(-147.388626,-176.120697,224.798416),(-59.125462,-146.857544,221.399689),(-0.283356,204.300354,224.814636),(-235.651779,28.721411,225.958679),(205.664017,262.82666,227.64418),(117.400856,262.82666,229.442581),(58.55875,262.82666,225.44191),(-176.809677,-176.120697,223.085037),(205.664017,145.774048,227.835388),(235.085068,116.510887,223.979446),(146.821915,57.98457,222.529785),(146.821915,175.037201,230.019485),(117.400856,116.510887,224.624939),(-117.967567,145.774048,220.668289),(-117.967567,116.510887,220.545868),(-176.809677,-205.38385,222.216751),(-88.546516,233.563522,224.537415),(29.137697,-117.594383,222.722061),(29.137697,-88.331223,221.501511),(-0.283356,-146.857544,222.983414),(-0.283356,-176.120697,219.831635),(117.400856,-59.068066,218.012924),(87.979805,-59.068066,217.904449),(176.242966,204.300354,229.806305),(235.085068,-29.804907,223.07132),(-206.230728,262.82666,224.137314),(-59.125462,-59.068066,223.152695),(-29.704409,-59.068066,220.575165),(-29.704409,-29.804907,213.851425),(-0.283356,-29.804907,210.499985),(205.664017,-205.38385,218.399033),(58.55875,-146.857544,219.132492),(-147.388626,233.563522,222.229645),(146.821915,28.721411,223.057266),(-206.230728,-59.068066,226.119003),(146.821915,233.563522,230.480515),(-59.125462,-263.910156,217.46048),(-176.809677,-263.910156,222.73645),(-29.704409,-205.38385,220.800598),(-59.125462,262.82666,223.309723),(-0.283356,262.82666,226.026993),(-88.546516,262.82666,225.122787),(-176.809677,262.82666,222.834854),(29.137697,87.247726,222.933975),(205.664017,-234.647018,217.437164),(235.085068,-263.910156,212.798645),(-29.704409,145.774048,220.033829),(-88.546516,-263.910156,220.234161),(-88.546516,-205.38385,220.726059),(235.085068,-176.120697,220.050537),(-235.651779,262.82666,221.590317),(235.085068,87.247726,224.793732),(146.821915,-29.804907,217.430603),(58.55875,175.037201,223.818939),(-29.704409,175.037201,222.105927),(-147.388626,57.98457,217.16246),(-117.967567,28.721411,218.914139),(-0.283356,28.721411,211.705521),(176.242966,-146.857544,216.430679),(146.821915,-117.594383,212.026215),(176.242966,-88.331223,217.930328),(146.821915,-88.331223,213.471771),(-117.967567,-205.38385,222.431946),(-147.388626,-234.647018,221.036163),(-0.283356,-88.331223,223.227249),(-0.283356,-117.594383,224.646667),(146.821915,116.510887,224.305466),(146.821915,87.247726,225.351013),(117.400856,87.247726,222.654068),(-88.546516,145.774048,219.966537),(-176.809677,28.721411,223.271957),(-206.230728,28.721411,226.580811),(-147.388626,28.721411,219.449707),(-29.704409,-263.910156,218.847168),(-235.651779,87.247726,228.116074),(-265.072815,233.563522,224.986908),(29.137697,145.774048,222.447754),(-117.967567,175.037201,221.37886),(117.400856,-146.857544,207.571991),(87.979805,-263.910156,210.405655),(-147.388626,-263.910156,220.868591),(-59.125462,233.563522,222.71106),(264.506104,233.563522,230.140732),(117.400856,145.774048,224.018402),(58.55875,57.98457,219.342133),(176.242966,-117.594383,216.170349),(176.242966,-0.541748,219.075012),(-59.125462,145.774048,220.613235),(264.506104,116.510887,226.696198),(176.242966,116.510887,225.372253),(-176.809677,204.300354,221.616211),(-117.967567,57.98457,216.892868),(87.979805,175.037201,223.696518),(146.821915,145.774048,226.235413),(87.979805,262.82666,228.364639),(235.085068,145.774048,224.923508),(205.664017,175.037201,228.310989),(-235.651779,-146.857544,225.435699),(-265.072815,-29.804907,227.790009),(-265.072815,28.721411,225.864441),(-265.072815,-88.331223,226.577515),(-235.651779,-29.804907,227.222687),(-235.651779,-0.541748,225.662628),(-59.125462,204.300354,222.234772),(-88.546516,87.247726,217.376022),(235.085068,-234.647018,216.855026),(-59.125462,28.721411,215.8396),(-147.388626,175.037201,218.703552),(-265.072815,-205.38385,226.132935),(176.242966,57.98457,223.44072),(-88.546516,116.510887,221.036087),(264.506104,28.721411,226.638168),(235.085068,57.98457,226.305496),(205.664017,-59.068066,221.300919),(58.55875,-29.804907,212.167252),(-235.651779,-88.331223,226.934799),(-265.072815,87.247726,226.683029),(-117.967567,-146.857544,223.023346),(-147.388626,-146.857544,225.163956),(-176.809677,-117.594383,224.881424),(-176.809677,-59.068066,225.003296),(-117.967567,-88.331223,224.524689),(176.242966,-263.910156,212.880646),(-88.546516,-176.120697,222.227417),(87.979805,233.563522,227.789597),(264.506104,-59.068066,223.868805),(-88.546516,175.037201,220.856888),(-117.967567,-0.541748,220.947235),(146.821915,-176.120697,210.437592),(-59.125462,-176.120697,220.770325),(-206.230728,-263.910156,222.097107),(-147.388626,-117.594383,224.181702),(-206.230728,-205.38385,222.847351),(29.137697,-263.910156,215.969299),(235.085068,262.82666,229.888443),(205.664017,-29.804907,221.284103),(264.506104,-176.120697,223.086044),(235.085068,-117.594383,222.783447),(205.664017,-146.857544,218.242401),(205.664017,233.563522,230.482498),(235.085068,28.721411,225.308273),(29.137697,-0.541748,211.787613),(-235.651779,-234.647018,223.521072),(-117.967567,-176.120697,223.300339),(-147.388626,-88.331223,225.141052),(-0.283356,116.510887,221.979828),(235.085068,-59.068066,223.13916),(-235.651779,116.510887,229.042145),(-88.546516,-234.647018,219.93425),(-117.967567,-234.647018,221.240143),(117.400856,57.98457,222.089142),(58.55875,-117.594383,217.595825),(146.821915,-205.38385,210.347534),(117.400856,-205.38385,207.054596),(176.242966,-234.647018,214.693085),(176.242966,-205.38385,215.115311),(87.979805,-0.541748,216.734222),(-265.072815,-0.541748,226.295593),(-206.230728,145.774048,223.509048),(146.821915,262.82666,229.361893),(-147.388626,204.300354,220.983994),(-117.967567,204.300354,222.732071),(-147.388626,-59.068066,224.958405),(-147.388626,-29.804907,225.677048),(146.821915,-234.647018,211.555664),(-235.651779,233.563522,222.95488),(87.979805,-117.594383,214.106461),(-176.809677,-146.857544,224.467636),(-0.283356,57.98457,217.402145),(-176.809677,-0.541748,225.436371),(29.137697,262.82666,226.196243),(-235.651779,-176.120697,225.423569),(235.085068,204.300354,229.767715),(117.400856,-234.647018,207.747894),(235.085068,-205.38385,220.21077),(-117.967567,-59.068066,223.633179),(176.242966,-176.120697,215.351471),(-29.704409,-176.120697,220.712158),(-29.704409,28.721411,213.001236),(-117.967567,-29.804907,223.779099),(58.55875,116.510887,222.846359),(-29.704409,-146.857544,222.59407),(205.664017,-176.120697,217.919647),(-147.388626,87.247726,220.519119),(58.55875,-205.38385,216.853577),(264.506104,57.98457,228.056213),(58.55875,204.300354,224.42923),(29.137697,204.300354,225.831192),(-265.072815,-59.068066,226.805527),(-235.651779,-59.068066,226.713974),(205.664017,28.721411,222.724411),(58.55875,-59.068066,213.919388),(-206.230728,-0.541748,225.221313),(117.400856,28.721411,220.984665),(-0.283356,-205.38385,218.867844),(-176.809677,-88.331223,225.266556),(-117.967567,262.82666,224.681595),(-0.283356,-234.647018,218.713821),(29.137697,-234.647018,217.048599),(-117.967567,233.563522,223.694702),(87.979805,204.300354,225.435577),(-206.230728,-234.647018,222.164749),(-29.704409,204.300354,222.835968),(-265.072815,57.98457,225.97049),(235.085068,175.037201,226.688293),(29.137697,233.563522,225.489304),(235.085068,-88.331223,223.252487),(264.506104,-234.647018,219.297394),(-265.072815,-176.120697,226.633194),(-265.072815,-234.647018,224.231628),(-206.230728,233.563522,223.394135),(-0.283356,-0.541748,211.372101),(29.137697,116.510887,222.427185),(-59.125462,-88.331223,224.891678),(264.506104,-0.541748,225.074478),(-117.967567,-117.594383,223.512848),(205.664017,-88.331223,220.843994),(-235.651779,-205.38385,224.238373)),$);
#31= IFCTRIANGULATEDFACESET(#30,$,$,((192,102,262),(285,204,181),(214,192,262),(114,126,112),(181,204,128),(126,114,36),(177,267,49),(305,185,137),(168,133,131),(137,185,127),(88,72,73),(181,230,61),(27,24,67),(88,253,72),(7,276,160),(12,41,74),(147,155,35),(55,135,134),(110,132,158),(179,138,17),(266,102,192),(163,27,67),(195,192,210),(96,212,218),(180,233,232),(3,225,237),(167,258,222),(254,78,99),(102,266,227),(270,44,76),(276,7,96),(289,279,115),(293,279,289),(311,180,232),(95,110,157),(16,21,263),(77,89,28),(173,153,154),(66,179,17),(147,181,128),(103,184,54),(190,183,49),(35,155,208),(210,129,284),(282,32,300),(121,44,308),(192,214,210),(139,217,140),(224,143,133),(157,110,158),(232,231,58),(171,240,307),(267,191,299),(133,243,131),(304,237,203),(180,311,155),(18,144,269),(12,74,88),(264,258,167),(185,305,73),(178,29,27),(156,147,116),(61,285,181),(147,128,26),(290,210,214),(36,114,115),(82,118,106),(309,61,56),(96,7,308),(303,266,43),(103,54,104),(246,63,261),(31,86,72),(40,65,278),(138,24,275),(82,161,184),(240,171,34),(199,30,205),(51,141,34),(13,15,116),(26,128,288),(267,177,79),(178,187,29),(112,126,246),(191,118,82),(192,195,43),(125,144,277),(5,10,65),(152,21,273),(132,296,225),(264,166,287),(207,280,52),(236,152,306),(26,69,147),(15,156,116),(194,197,98),(66,17,25),(172,85,256),(173,223,153),(121,7,122),(231,232,144),(144,232,233),(61,309,206),(283,210,284),(191,190,299),(94,174,11),(150,65,10),(243,133,143),(244,175,142),(237,304,3),(71,91,12),(206,207,235),(204,285,90),(125,200,269),(259,248,268),(271,125,277),(32,265,300),(138,263,17),(298,92,211),(166,197,287),(266,303,203),(200,302,18),(92,298,194),(27,163,107),(36,115,279),(229,79,2),(310,96,44),(64,5,65),(121,76,44),(127,291,137),(210,290,129),(252,197,194),(296,132,110),(23,10,5),(45,60,80),(258,270,274),(275,171,307),(147,156,155),(44,96,308),(42,74,242),(73,71,88),(79,177,2),(63,15,261),(197,166,98),(78,81,234),(134,111,176),(161,178,107),(130,254,100),(129,93,196),(100,77,130),(11,75,259),(163,105,162),(6,60,199),(184,103,82),(230,181,35),(123,14,124),(151,150,167),(114,112,160),(5,92,23),(149,97,297),(79,99,234),(39,201,57),(86,31,40),(70,14,113),(21,80,201),(142,243,244),(161,82,188),(127,256,294),(38,37,279),(170,145,1),(282,47,97),(200,125,139),(102,227,110),(28,89,106),(74,41,242),(112,113,159),(104,54,146),(248,259,247),(99,78,234),(144,125,269),(265,32,101),(196,283,284),(28,78,130),(112,62,113),(9,63,53),(239,215,290),(136,111,134),(21,45,80),(26,66,251),(71,12,88),(281,187,295),(153,223,271),(40,6,109),(152,39,306),(36,53,63),(239,214,226),(249,75,217),(171,275,29),(156,15,154),(122,14,123),(218,212,238),(30,45,46),(33,29,148),(270,258,257),(44,216,310),(66,26,288),(34,87,240),(62,13,117),(62,112,246),(111,291,294),(263,138,16),(81,78,118),(245,128,105),(117,209,286),(87,34,141),(65,150,278),(163,67,245),(254,130,78),(68,26,251),(54,50,90),(77,28,130),(37,38,94),(125,249,139),(79,229,99),(36,63,126),(248,94,268),(51,33,97),(257,239,216),(239,257,215),(109,164,108),(21,152,263),(246,13,62),(73,260,71),(213,95,212),(84,59,151),(85,48,198),(89,295,187),(105,50,162),(256,111,294),(199,109,6),(57,59,84),(212,95,238),(21,201,273),(114,272,115),(102,213,262),(126,63,246),(76,222,274),(226,216,239),(211,169,41),(189,77,100),(128,245,288),(119,61,230),(169,42,242),(210,283,195),(129,22,93),(185,202,255),(109,199,205),(213,214,262),(291,111,136),(245,66,288),(292,168,19),(168,292,133),(48,164,182),(151,60,186),(138,179,24),(30,164,205),(295,89,77),(45,21,46),(179,66,67),(174,94,83),(108,40,109),(270,76,274),(7,14,122),(149,198,48),(29,33,171),(62,117,286),(48,141,149),(281,219,32),(96,310,212),(57,76,20),(76,121,20),(14,7,159),(113,14,159),(112,159,160),(159,7,160),(175,158,132),(42,169,5),(50,161,162),(161,107,162),(178,161,188),(162,107,163),(150,10,165),(10,23,165),(165,23,166),(102,110,95),(60,59,80),(23,98,166),(36,37,53),(150,165,167),(39,57,20),(85,172,221),(92,5,169),(141,51,149),(71,170,91),(60,151,59),(86,108,172),(164,172,108),(63,9,173),(15,63,173),(154,15,173),(118,191,81),(111,85,176),(55,134,176),(106,89,178),(150,151,186),(27,107,178),(60,6,186),(67,24,179),(154,153,180),(155,154,180),(35,208,230),(231,144,18),(181,147,35),(164,30,182),(30,141,182),(161,50,184),(50,54,184),(73,72,185),(223,173,9),(6,150,186),(32,189,101),(148,29,187),(20,121,122),(187,178,89),(82,106,188),(106,178,188),(183,190,104),(82,103,191),(103,190,191),(33,34,171),(62,70,113),(209,117,68),(116,68,117),(92,194,98),(37,9,53),(141,48,182),(193,196,197),(196,93,197),(68,25,209),(55,176,198),(176,85,198),(60,45,199),(45,30,199),(139,140,200),(4,200,140),(59,57,201),(80,59,201),(86,172,202),(72,86,202),(185,72,202),(105,128,204),(90,50,204),(50,105,204),(164,109,205),(271,233,153),(8,14,70),(146,90,207),(207,52,146),(189,32,219),(25,8,209),(8,70,209),(68,116,69),(135,55,47),(164,48,221),(22,129,215),(95,213,102),(83,94,38),(40,108,86),(38,228,83),(98,23,92),(67,66,245),(280,207,206),(167,222,151),(56,61,119),(175,244,158),(41,169,242),(28,106,118),(218,157,143),(52,104,146),(77,189,219),(119,220,56),(48,85,221),(222,76,84),(84,151,222),(51,97,149),(103,104,190),(96,218,224),(143,224,218),(152,236,17),(214,213,226),(212,226,213),(13,116,117),(39,20,123),(47,265,135),(166,264,165),(208,119,230),(34,33,51),(183,104,52),(14,8,124),(279,293,38),(47,282,300),(26,68,69),(233,180,153),(81,79,234),(207,90,235),(61,206,235),(25,17,236),(8,25,236),(124,8,236),(172,164,221),(253,88,74),(95,157,238),(157,218,238),(255,172,256),(87,16,240),(16,138,240),(58,220,241),(220,119,241),(119,208,241),(143,157,243),(142,131,243),(21,16,46),(157,158,244),(243,157,244),(223,9,247),(42,5,64),(197,252,193),(20,122,123),(9,37,248),(40,64,65),(37,94,248),(247,9,248),(39,123,124),(217,139,249),(223,247,250),(247,249,250),(249,125,250),(66,25,251),(25,68,251),(31,72,253),(74,42,253),(42,31,253),(202,172,255),(127,185,255),(127,255,256),(31,42,64),(111,256,85),(257,22,215),(22,257,258),(16,87,46),(249,247,259),(75,249,259),(120,145,260),(145,170,260),(170,71,260),(15,13,261),(13,246,261),(169,211,92),(152,17,263),(93,22,264),(258,264,22),(167,165,264),(47,55,97),(43,266,192),(105,163,245),(79,81,267),(191,267,81),(141,30,87),(94,11,268),(11,259,268),(200,18,269),(257,216,270),(44,270,216),(223,250,271),(250,125,271),(96,224,272),(224,133,272),(133,115,272),(201,39,273),(39,152,273),(222,258,274),(27,29,275),(24,27,275),(114,160,276),(96,272,276),(272,114,276),(144,233,277),(233,271,277),(150,6,278),(6,40,278),(37,36,279),(33,148,281),(148,187,281),(76,57,84),(33,281,282),(281,32,282),(97,33,282),(283,196,193),(129,196,284),(54,90,146),(235,90,285),(285,61,235),(209,70,286),(70,62,286),(197,93,287),(93,264,287),(30,46,87),(115,133,289),(69,116,147),(215,129,290),(214,239,290),(289,133,292),(19,228,292),(78,28,118),(289,292,293),(292,228,293),(228,38,293),(291,127,294),(77,219,295),(219,281,295),(110,227,296),(227,237,296),(237,225,296),(97,55,297),(55,198,297),(198,149,297),(190,49,299),(49,267,299),(265,47,300),(58,241,301),(241,208,301),(232,58,301),(40,31,64),(302,200,4),(260,73,305),(120,260,305),(137,120,305),(39,124,306),(124,236,306),(240,138,307),(138,275,307),(154,155,156),(7,121,308),(226,212,310),(216,226,310),(232,301,311),(301,208,311),(208,155,311),(237,227,312),(227,266,312),(266,203,312),(203,237,312)),$);
#32= IFCCOLOURRGB('ffcccccc',0.8,0.8,0.8);
#33= IFCSURFACESTYLESHADING(#32,0.0);
#34= IFCSURFACESTYLE($,.BOTH.,(#33));
#35= IFCSTYLEDITEM(#31,(#34),$);
#36= IFCGEOMETRICREPRESENTATIONSUBCONTEXT('Body','Model',*,*,*,*,#4,$,.MODEL_VIEW.,$);
#37= IFCSHAPEREPRESENTATION(#36,'Body','Tessellation',(#31));
#38= IFCPRODUCTDEFINITIONSHAPE($,$,(#37));
#39= IFCAXIS2PLACEMENT3D(#1,$,$);
#40= IFCLOCALPLACEMENT($,#39);
#41= IFCGEOGRAPHICELEMENT('1HD1UIJl$wJ5twNtx5AcO_',#18,'Terrain',$,$,#40,#38,$,.TERRAIN.);
#42= IFCRELCONTAINEDINSPATIALSTRUCTURE('2bGEKo6bbovQ4IGcuShE95',#18,'Site','Site Container for Elements',(#41,#64,#84,#112,#135,#155,#175,#195,#219,#239,#259,#279,#299,#322,#346,#368,#389,#409,#429,#451,#474,#496,#516,#536,#558,#578,#598,#620,#640,#660,#684,#704,#728,#748,#770,#794,#814,#834,#854,#883,#903,#925,#945,#965,#985,#1013,#1033,#1053,#1077,#1097,#1121,#1143,#1163,#1183,#1205,#1225,#1245,#1265,#1285,#1305,#1325,#1347,#1367,#1387,#1407,#1427,#1450,#1472,#1492,#1519,#1543,#1566,#1587,#1611,#1631,#1651,#1671,#1691,#1711,#1731,#1760,#1790,#1812,#1835,#1855,#1875,#1895,#1915,#1935,#1955,#1978,#1998,#2021,#2043,#2065,#2089,#2109,#2129,#2149,#2183,#2203,#2225,#2245,#2267,#2293,#2317,#2339,#2359,#2379,#2399,#2419,#2439,#2459,#2479,#2504,#2524,#2546,#2566,#2586,#2606,#2626,#2646,#2666,#2686,#2710,#2730,#2753,#2776,#2796,#2823,#2843,#2867,#2887,#2907,#2927,#2950),#12);
#43= IFCPROPERTYSET('3DO0l9VWPebcH8X5B1tmi4',#18,'Forma Element Properties',$,(#44));
#44= IFCPROPERTYSINGLEVALUE('URN',$,IFCLABEL('urn:adsk-forma-elements:terrain:pro_i5ejxrzg17:bdb66678-83c0-49b6-8844-f71fca500277:1782141552907'),$);
#45= IFCRELDEFINESBYPROPERTIES('09$GrU8m7tCv4RVevcyU90',#18,$,$,(#41),#43);
#46= IFCCARTESIANPOINT((-18.688861,126.586708));
#47= IFCCARTESIANPOINT((-29.813396,131.658525));
#48= IFCCARTESIANPOINT((-32.912041,124.862028));
#49= IFCCARTESIANPOINT((-21.7875,119.790204));
#50= IFCPOLYLINE((#46,#47,#48,#49,#46));
#51= IFCARBITRARYCLOSEDPROFILEDEF(.AREA.,'BoundaryProfile',#50);
#52= IFCCARTESIANPOINT((0.0,0.0,221.660241));
#53= IFCAXIS2PLACEMENT3D(#52,$,$);
#54= IFCDIRECTION((0.0,0.0,1.0));
#55= IFCEXTRUDEDAREASOLID(#51,#53,#54,5.5);
#56= IFCSHAPEREPRESENTATION(#36,'Body','SweptSolid',(#55));
#57= IFCCOLOURRGB('ffeeeeee',0.933333333333333,0.933333333333333,0.933333333333333);
#58= IFCSURFACESTYLESHADING(#57,0.2);
#59= IFCSURFACESTYLE($,.BOTH.,(#58));
#60= IFCSTYLEDITEM(#55,(#59),$);
#61= IFCPRODUCTDEFINITIONSHAPE($,$,(#56));
#62= IFCAXIS2PLACEMENT3D(#1,$,$);
#63= IFCLOCALPLACEMENT($,#62);
#64= IFCBUILDINGELEMENTPROXY('1ZiXT_ugf5vpM$gQBrTrw2',#18,'Contextual Building',$,$,#63,#61,$,$);
#65= IFCPROPERTYSET('1HSQEsb0h5JD10a59zDCjk',#18,'Forma Element Properties',$,(#66,#67));
#66= IFCPROPERTYSINGLEVALUE('URN',$,IFCLABEL('urn:adsk-forma-elements:basic:pro_i5ejxrzg17:09c154fa-9828-4740-b356-33d2ac7b5b42+47517a12-7deb-4794-8f7a-b5044d8e9c58:1782142332233'),$);
#67= IFCPROPERTYSINGLEVALUE('Key Path',$,IFCLABEL('bd3161c0-0d5f-4676-ad00-0a3c78e1be8c/20bcd131'),$);
#68= IFCRELDEFINESBYPROPERTIES('2rTPHHY2yNZUbYGVjvvFui',#18,$,$,(#64),#65);
#69= IFCCARTESIANPOINT((-30.560388,237.410083));
#70= IFCCARTESIANPOINT((-30.560486,249.316408));
#71= IFCCARTESIANPOINT((-41.40838,249.316359));
#72= IFCCARTESIANPOINT((-41.40846,237.410115));
#73= IFCPOLYLINE((#69,#70,#71,#72,#69));
#74= IFCARBITRARYCLOSEDPROFILEDEF(.AREA.,'BoundaryProfile',#73);
#75= IFCCARTESIANPOINT((0.0,0.0,222.93452));
#76= IFCAXIS2PLACEMENT3D(#75,$,$);
#77= IFCDIRECTION((0.0,0.0,1.0));
#78= IFCEXTRUDEDAREASOLID(#74,#76,#77,3.3);
#79= IFCSHAPEREPRESENTATION(#36,'Body','SweptSolid',(#78));
#80= IFCSTYLEDITEM(#78,(#59),$);
#81= IFCPRODUCTDEFINITIONSHAPE($,$,(#79));
#82= IFCAXIS2PLACEMENT3D(#1,$,$);
#83= IFCLOCALPLACEMENT($,#82);
#84= IFCBUILDINGELEMENTPROXY('2YVhqF$caX0hexfpNRBgTP',#18,'Contextual Building',$,$,#83,#81,$,$);
#85= IFCPROPERTYSET('0WoFawTciHx95WJN1L4Iti',#18,'Forma Element Properties',$,(#86,#87));
#86= IFCPROPERTYSINGLEVALUE('URN',$,IFCLABEL('urn:adsk-forma-elements:basic:pro_i5ejxrzg17:09c154fa-9828-4740-b356-33d2ac7b5b42+5b73f506-ff9f-46f5-8252-f112499e613b:1782142332233'),$);
#87= IFCPROPERTYSINGLEVALUE('Key Path',$,IFCLABEL('bd3161c0-0d5f-4676-ad00-0a3c78e1be8c/8c0747ac'),$);
#88= IFCRELDEFINESBYPROPERTIES('2z4d8V5krtIymcXFpZYBAz',#18,$,$,(#84),#85);
#89= IFCCARTESIANPOINT((-211.404661,28.412244));
#90= IFCCARTESIANPOINT((-218.150405,20.980521));
#91= IFCCARTESIANPOINT((-208.069599,11.83022));
#92= IFCCARTESIANPOINT((-211.981349,7.520642));
#93= IFCCARTESIANPOINT((-204.656676,0.872041));
#94= IFCCARTESIANPOINT((-200.745008,5.181625));
#95= IFCCARTESIANPOINT((-199.760808,4.288211));
#96= IFCCARTESIANPOINT((-193.014904,11.719962));
#97= IFCCARTESIANPOINT((-199.549615,17.651394));
#98= IFCCARTESIANPOINT((-197.248332,20.186689));
#99= IFCCARTESIANPOINT((-202.693864,25.129547));
#100= IFCCARTESIANPOINT((-204.995066,22.594255));
#101= IFCPOLYLINE((#89,#90,#91,#92,#93,#94,#95,#96,#97,#98,#99,#100,#89));
#102= IFCARBITRARYCLOSEDPROFILEDEF(.AREA.,'BoundaryProfile',#101);
#103= IFCCARTESIANPOINT((0.0,0.0,225.298501));
#104= IFCAXIS2PLACEMENT3D(#103,$,$);
#105= IFCDIRECTION((0.0,0.0,1.0));
#106= IFCEXTRUDEDAREASOLID(#102,#104,#105,4.2);
#107= IFCSHAPEREPRESENTATION(#36,'Body','SweptSolid',(#106));
#108= IFCSTYLEDITEM(#106,(#59),$);
#109= IFCPRODUCTDEFINITIONSHAPE($,$,(#107));
#110= IFCAXIS2PLACEMENT3D(#1,$,$);
#111= IFCLOCALPLACEMENT($,#110);
#112= IFCBUILDINGELEMENTPROXY('2eTukqr2d3B7CDKm$rUE3P',#18,'Contextual Building',$,$,#111,#109,$,$);
#113= IFCPROPERTYSET('227BvuwL24ceowCuhGKb91',#18,'Forma Element Properties',$,(#114,#115));
#114= IFCPROPERTYSINGLEVALUE('URN',$,IFCLABEL('urn:adsk-forma-elements:basic:pro_i5ejxrzg17:09c154fa-9828-4740-b356-33d2ac7b5b42+bec21971-a352-4409-bcdc-4c4bcbb5d3ee:1782142332233'),$);
#115= IFCPROPERTYSINGLEVALUE('Key Path',$,IFCLABEL('bd3161c0-0d5f-4676-ad00-0a3c78e1be8c/36618e66'),$);
#116= IFCRELDEFINESBYPROPERTIES('2bKFHeIK6t9VxpTkUxTvvR',#18,$,$,(#112),#113);
#117= IFCCARTESIANPOINT((113.398798,119.982675));
#118= IFCCARTESIANPOINT((107.552296,123.10986));
#119= IFCCARTESIANPOINT((105.33355,118.961852));
#120= IFCCARTESIANPOINT((102.525083,120.46403));
#121= IFCCARTESIANPOINT((98.632832,113.186962));
#122= IFCCARTESIANPOINT((101.441218,111.684782));
#123= IFCCARTESIANPOINT((107.287725,108.557752));
#124= IFCPOLYLINE((#117,#118,#119,#120,#121,#122,#123,#117));
#125= IFCARBITRARYCLOSEDPROFILEDEF(.AREA.,'BoundaryProfile',#124);
#126= IFCCARTESIANPOINT((0.0,0.0,222.033123));
#127= IFCAXIS2PLACEMENT3D(#126,$,$);
#128= IFCDIRECTION((0.0,0.0,1.0));
#129= IFCEXTRUDEDAREASOLID(#125,#127,#128,3.9);
#130= IFCSHAPEREPRESENTATION(#36,'Body','SweptSolid',(#129));
#131= IFCSTYLEDITEM(#129,(#59),$);
#132= IFCPRODUCTDEFINITIONSHAPE($,$,(#130));
#133= IFCAXIS2PLACEMENT3D(#1,$,$);
#134= IFCLOCALPLACEMENT($,#133);
#135= IFCBUILDINGELEMENTPROXY('2kv$Lx1C6eT5m4rPXeKmJp',#18,'Contextual Building',$,$,#134,#132,$,$);
#136= IFCPROPERTYSET('0NS40ohw3q82u2Rs8iM4ty',#18,'Forma Element Properties',$,(#137,#138));
#137= IFCPROPERTYSINGLEVALUE('URN',$,IFCLABEL('urn:adsk-forma-elements:basic:pro_i5ejxrzg17:09c154fa-9828-4740-b356-33d2ac7b5b42+146d2c79-ddf1-42a4-ab59-82c5581c70a0:1782142332233'),$);
#138= IFCPROPERTYSINGLEVALUE('Key Path',$,IFCLABEL('bd3161c0-0d5f-4676-ad00-0a3c78e1be8c/6af34a11'),$);
#139= IFCRELDEFINESBYPROPERTIES('23aS3WR1GwVYwemo9AoSFB',#18,$,$,(#135),#136);
#140= IFCCARTESIANPOINT((-244.079677,134.751529));
#141= IFCCARTESIANPOINT((-255.039876,143.305867));
#142= IFCCARTESIANPOINT((-262.335955,133.957709));
#143= IFCCARTESIANPOINT((-251.375752,125.403516));
#144= IFCPOLYLINE((#140,#141,#142,#143,#140));
#145= IFCARBITRARYCLOSEDPROFILEDEF(.AREA.,'BoundaryProfile',#144);
#146= IFCCARTESIANPOINT((0.0,0.0,227.162171));
#147= IFCAXIS2PLACEMENT3D(#146,$,$);
#148= IFCDIRECTION((0.0,0.0,1.0));
#149= IFCEXTRUDEDAREASOLID(#145,#147,#148,3.1);
#150= IFCSHAPEREPRESENTATION(#36,'Body','SweptSolid',(#149));
#151= IFCSTYLEDITEM(#149,(#59),$);
#152= IFCPRODUCTDEFINITIONSHAPE($,$,(#150));
#153= IFCAXIS2PLACEMENT3D(#1,$,$);
#154= IFCLOCALPLACEMENT($,#153);
#155= IFCBUILDINGELEMENTPROXY('2tgBeNMvCBEAY4Rb8Tvwup',#18,'Contextual Building',$,$,#154,#152,$,$);
#156= IFCPROPERTYSET('1x6_D1cQUHA2EDb2C0xYeP',#18,'Forma Element Properties',$,(#157,#158));
#157= IFCPROPERTYSINGLEVALUE('URN',$,IFCLABEL('urn:adsk-forma-elements:basic:pro_i5ejxrzg17:09c154fa-9828-4740-b356-33d2ac7b5b42+f70f0803-4a31-49f6-a738-d69e8f54ef75:1782142332233'),$);
#158= IFCPROPERTYSINGLEVALUE('Key Path',$,IFCLABEL('bd3161c0-0d5f-4676-ad00-0a3c78e1be8c/c32b2f00'),$);
#159= IFCRELDEFINESBYPROPERTIES('0BRgP7dzd1BWtabo2O6jL4',#18,$,$,(#155),#156);
#160= IFCCARTESIANPOINT((39.276393,226.195916));
#161= IFCCARTESIANPOINT((32.243385,230.038781));
#162= IFCCARTESIANPOINT((28.69592,223.546438));
#163= IFCCARTESIANPOINT((35.728849,219.70373));
#164= IFCPOLYLINE((#160,#161,#162,#163,#160));
#165= IFCARBITRARYCLOSEDPROFILEDEF(.AREA.,'BoundaryProfile',#164);
#166= IFCCARTESIANPOINT((0.0,0.0,225.152605));
#167= IFCAXIS2PLACEMENT3D(#166,$,$);
#168= IFCDIRECTION((0.0,0.0,1.0));
#169= IFCEXTRUDEDAREASOLID(#165,#167,#168,3.3);
#170= IFCSHAPEREPRESENTATION(#36,'Body','SweptSolid',(#169));
#171= IFCSTYLEDITEM(#169,(#59),$);
#172= IFCPRODUCTDEFINITIONSHAPE($,$,(#170));
#173= IFCAXIS2PLACEMENT3D(#1,$,$);
#174= IFCLOCALPLACEMENT($,#173);
#175= IFCBUILDINGELEMENTPROXY('0c17FzlBX8pIE_mZzaTzWr',#18,'Contextual Building',$,$,#174,#172,$,$);
#176= IFCPROPERTYSET('1ssapNmaD6DDhs3$xu2eGY',#18,'Forma Element Properties',$,(#177,#178));
#177= IFCPROPERTYSINGLEVALUE('URN',$,IFCLABEL('urn:adsk-forma-elements:basic:pro_i5ejxrzg17:09c154fa-9828-4740-b356-33d2ac7b5b42+2cddfc02-c158-40c7-a18e-792d8516a83a:1782142332233'),$);
#178= IFCPROPERTYSINGLEVALUE('Key Path',$,IFCLABEL('bd3161c0-0d5f-4676-ad00-0a3c78e1be8c/dc57f133'),$);
#179= IFCRELDEFINESBYPROPERTIES('2i_Zj_GJTiF2MTZpYDUMx_',#18,$,$,(#175),#176);
#180= IFCCARTESIANPOINT((-233.893408,243.502975));
#181= IFCCARTESIANPOINT((-241.279347,250.170553));
#182= IFCCARTESIANPOINT((-246.762788,244.09668));
#183= IFCCARTESIANPOINT((-239.376848,237.42893));
#184= IFCPOLYLINE((#180,#181,#182,#183,#180));
#185= IFCARBITRARYCLOSEDPROFILEDEF(.AREA.,'BoundaryProfile',#184);
#186= IFCCARTESIANPOINT((0.0,0.0,222.569161));
#187= IFCAXIS2PLACEMENT3D(#186,$,$);
#188= IFCDIRECTION((0.0,0.0,1.0));
#189= IFCEXTRUDEDAREASOLID(#185,#187,#188,6.3);
#190= IFCSHAPEREPRESENTATION(#36,'Body','SweptSolid',(#189));
#191= IFCSTYLEDITEM(#189,(#59),$);
#192= IFCPRODUCTDEFINITIONSHAPE($,$,(#190));
#193= IFCAXIS2PLACEMENT3D(#1,$,$);
#194= IFCLOCALPLACEMENT($,#193);
#195= IFCBUILDINGELEMENTPROXY('2yEpbkAKD6Vr3cDQ3nL6sk',#18,'Contextual Building',$,$,#194,#192,$,$);
#196= IFCPROPERTYSET('1jlKtsGnVUoHeHlVLWQXnL',#18,'Forma Element Properties',$,(#197,#198));
#197= IFCPROPERTYSINGLEVALUE('URN',$,IFCLABEL('urn:adsk-forma-elements:basic:pro_i5ejxrzg17:09c154fa-9828-4740-b356-33d2ac7b5b42+3502d815-a146-4261-8668-29cfa5c98115:1782142332233'),$);
#198= IFCPROPERTYSINGLEVALUE('Key Path',$,IFCLABEL('bd3161c0-0d5f-4676-ad00-0a3c78e1be8c/78722f78'),$);
#199= IFCRELDEFINESBYPROPERTIES('3B23eFR1lI76B5l7FV_J8j',#18,$,$,(#195),#196);
#200= IFCCARTESIANPOINT((50.666765,254.078926));
#201= IFCCARTESIANPOINT((47.565414,257.80039));
#202= IFCCARTESIANPOINT((51.989631,261.487232));
#203= IFCCARTESIANPOINT((46.871491,267.628946));
#204= IFCCARTESIANPOINT((39.168282,261.209573));
#205= IFCCARTESIANPOINT((40.729677,259.335713));
#206= IFCCARTESIANPOINT((38.231341,257.2538));
#207= IFCCARTESIANPOINT((44.889271,249.264305));
#208= IFCPOLYLINE((#200,#201,#202,#203,#204,#205,#206,#207,#200));
#209= IFCARBITRARYCLOSEDPROFILEDEF(.AREA.,'BoundaryProfile',#208);
#210= IFCCARTESIANPOINT((0.0,0.0,225.245758));
#211= IFCAXIS2PLACEMENT3D(#210,$,$);
#212= IFCDIRECTION((0.0,0.0,1.0));
#213= IFCEXTRUDEDAREASOLID(#209,#211,#212,3.5);
#214= IFCSHAPEREPRESENTATION(#36,'Body','SweptSolid',(#213));
#215= IFCSTYLEDITEM(#213,(#59),$);
#216= IFCPRODUCTDEFINITIONSHAPE($,$,(#214));
#217= IFCAXIS2PLACEMENT3D(#1,$,$);
#218= IFCLOCALPLACEMENT($,#217);
#219= IFCBUILDINGELEMENTPROXY('0wNHL439bEGl7b1iN7XOiC',#18,'Contextual Building',$,$,#218,#216,$,$);
#220= IFCPROPERTYSET('1UdSLEbYcdFuUnUN94OGaz',#18,'Forma Element Properties',$,(#221,#222));
#221= IFCPROPERTYSINGLEVALUE('URN',$,IFCLABEL('urn:adsk-forma-elements:basic:pro_i5ejxrzg17:09c154fa-9828-4740-b356-33d2ac7b5b42+c06105f7-c495-43ea-bf8f-71b9e196fe0a:1782142332233'),$);
#222= IFCPROPERTYSINGLEVALUE('Key Path',$,IFCLABEL('bd3161c0-0d5f-4676-ad00-0a3c78e1be8c/41feb7b6'),$);
#223= IFCRELDEFINESBYPROPERTIES('0fQrIDXgsNAUmGYE_B27mF',#18,$,$,(#219),#220);
#224= IFCCARTESIANPOINT((-109.666584,258.645212));
#225= IFCCARTESIANPOINT((-110.290082,272.146592));
#226= IFCCARTESIANPOINT((-120.360311,271.681568));
#227= IFCCARTESIANPOINT((-119.736828,258.180268));
#228= IFCPOLYLINE((#224,#225,#226,#227,#224));
#229= IFCARBITRARYCLOSEDPROFILEDEF(.AREA.,'BoundaryProfile',#228);
#230= IFCCARTESIANPOINT((0.0,0.0,224.436794));
#231= IFCAXIS2PLACEMENT3D(#230,$,$);
#232= IFCDIRECTION((0.0,0.0,1.0));
#233= IFCEXTRUDEDAREASOLID(#229,#231,#232,3.7);
#234= IFCSHAPEREPRESENTATION(#36,'Body','SweptSolid',(#233));
#235= IFCSTYLEDITEM(#233,(#59),$);
#236= IFCPRODUCTDEFINITIONSHAPE($,$,(#234));
#237= IFCAXIS2PLACEMENT3D(#1,$,$);
#238= IFCLOCALPLACEMENT($,#237);
#239= IFCBUILDINGELEMENTPROXY('3rcPNqNhCbfNyh39Ax8Vhr',#18,'Contextual Building',$,$,#238,#236,$,$);
#240= IFCPROPERTYSET('3gJjw5DfqIekh4KyDevUvN',#18,'Forma Element Properties',$,(#241,#242));
#241= IFCPROPERTYSINGLEVALUE('URN',$,IFCLABEL('urn:adsk-forma-elements:basic:pro_i5ejxrzg17:09c154fa-9828-4740-b356-33d2ac7b5b42+c2a72c94-cd3a-4d38-b71c-bff6e5ef6a55:1782142332233'),$);
#242= IFCPROPERTYSINGLEVALUE('Key Path',$,IFCLABEL('bd3161c0-0d5f-4676-ad00-0a3c78e1be8c/8711f6dc'),$);
#243= IFCRELDEFINESBYPROPERTIES('1uO7p93T3i0tIkWuLD2kmc',#18,$,$,(#239),#240);
#244= IFCCARTESIANPOINT((-93.70901,260.774204));
#245= IFCCARTESIANPOINT((-94.166134,274.350629));
#246= IFCCARTESIANPOINT((-106.211532,273.945039));
#247= IFCCARTESIANPOINT((-105.754508,260.368693));
#248= IFCPOLYLINE((#244,#245,#246,#247,#244));
#249= IFCARBITRARYCLOSEDPROFILEDEF(.AREA.,'BoundaryProfile',#248);
#250= IFCCARTESIANPOINT((0.0,0.0,224.815571));
#251= IFCAXIS2PLACEMENT3D(#250,$,$);
#252= IFCDIRECTION((0.0,0.0,1.0));
#253= IFCEXTRUDEDAREASOLID(#249,#251,#252,3.5);
#254= IFCSHAPEREPRESENTATION(#36,'Body','SweptSolid',(#253));
#255= IFCSTYLEDITEM(#253,(#59),$);
#256= IFCPRODUCTDEFINITIONSHAPE($,$,(#254));
#257= IFCAXIS2PLACEMENT3D(#1,$,$);
#258= IFCLOCALPLACEMENT($,#257);
#259= IFCBUILDINGELEMENTPROXY('3LVcEYIt_5NBXKe1JwenrI',#18,'Contextual Building',$,$,#258,#256,$,$);
#260= IFCPROPERTYSET('2G$vD88n0_eFvQvZtOhyYi',#18,'Forma Element Properties',$,(#261,#262));
#261= IFCPROPERTYSINGLEVALUE('URN',$,IFCLABEL('urn:adsk-forma-elements:basic:pro_i5ejxrzg17:09c154fa-9828-4740-b356-33d2ac7b5b42+96911aff-f134-480b-a828-e11116fce40c:1782142332233'),$);
#262= IFCPROPERTYSINGLEVALUE('Key Path',$,IFCLABEL('bd3161c0-0d5f-4676-ad00-0a3c78e1be8c/0d1266f0'),$);
#263= IFCRELDEFINESBYPROPERTIES('3V9DsgfgSGfnRFZ6fUTrAX',#18,$,$,(#259),#260);
#264= IFCCARTESIANPOINT((-126.473702,261.451755));
#265= IFCCARTESIANPOINT((-128.572229,269.670914));
#266= IFCCARTESIANPOINT((-140.843635,266.537916));
#267= IFCCARTESIANPOINT((-138.745201,258.31867));
#268= IFCPOLYLINE((#264,#265,#266,#267,#264));
#269= IFCARBITRARYCLOSEDPROFILEDEF(.AREA.,'BoundaryProfile',#268);
#270= IFCCARTESIANPOINT((0.0,0.0,223.794018));
#271= IFCAXIS2PLACEMENT3D(#270,$,$);
#272= IFCDIRECTION((0.0,0.0,1.0));
#273= IFCEXTRUDEDAREASOLID(#269,#271,#272,4.0);
#274= IFCSHAPEREPRESENTATION(#36,'Body','SweptSolid',(#273));
#275= IFCSTYLEDITEM(#273,(#59),$);
#276= IFCPRODUCTDEFINITIONSHAPE($,$,(#274));
#277= IFCAXIS2PLACEMENT3D(#1,$,$);
#278= IFCLOCALPLACEMENT($,#277);
#279= IFCBUILDINGELEMENTPROXY('29kk5oS3nO$CxomuSOVMVW',#18,'Contextual Building',$,$,#278,#276,$,$);
#280= IFCPROPERTYSET('0JA$yzOLBHYNvKlZI2mwb6',#18,'Forma Element Properties',$,(#281,#282));
#281= IFCPROPERTYSINGLEVALUE('URN',$,IFCLABEL('urn:adsk-forma-elements:basic:pro_i5ejxrzg17:09c154fa-9828-4740-b356-33d2ac7b5b42+c920275a-9b5c-40f0-9069-af4014e4c6ce:1782142332233'),$);
#282= IFCPROPERTYSINGLEVALUE('Key Path',$,IFCLABEL('bd3161c0-0d5f-4676-ad00-0a3c78e1be8c/54c5d55b'),$);
#283= IFCRELDEFINESBYPROPERTIES('16iiYKPWnv_IwbS0qTJtgo',#18,$,$,(#279),#280);
#284= IFCCARTESIANPOINT((191.894138,259.052608));
#285= IFCCARTESIANPOINT((182.353594,263.233335));
#286= IFCCARTESIANPOINT((177.591741,252.366617));
#287= IFCCARTESIANPOINT((187.132376,248.18588));
#288= IFCPOLYLINE((#284,#285,#286,#287,#284));
#289= IFCARBITRARYCLOSEDPROFILEDEF(.AREA.,'BoundaryProfile',#288);
#290= IFCCARTESIANPOINT((0.0,0.0,227.924713));
#291= IFCAXIS2PLACEMENT3D(#290,$,$);
#292= IFCDIRECTION((0.0,0.0,1.0));
#293= IFCEXTRUDEDAREASOLID(#289,#291,#292,3.9);
#294= IFCSHAPEREPRESENTATION(#36,'Body','SweptSolid',(#293));
#295= IFCSTYLEDITEM(#293,(#59),$);
#296= IFCPRODUCTDEFINITIONSHAPE($,$,(#294));
#297= IFCAXIS2PLACEMENT3D(#1,$,$);
#298= IFCLOCALPLACEMENT($,#297);
#299= IFCBUILDINGELEMENTPROXY('1ASmZnID$gZIHhT08bMmI4',#18,'Contextual Building',$,$,#298,#296,$,$);
#300= IFCPROPERTYSET('2RUQim3tcpbe_Q93lT8B$n',#18,'Forma Element Properties',$,(#301,#302));
#301= IFCPROPERTYSINGLEVALUE('URN',$,IFCLABEL('urn:adsk-forma-elements:basic:pro_i5ejxrzg17:09c154fa-9828-4740-b356-33d2ac7b5b42+23ae2a1e-3d6f-4fc8-8ccb-5259e7330c7d:1782142332233'),$);
#302= IFCPROPERTYSINGLEVALUE('Key Path',$,IFCLABEL('bd3161c0-0d5f-4676-ad00-0a3c78e1be8c/842c7bb8'),$);
#303= IFCRELDEFINESBYPROPERTIES('3lm7LqiIq0rlWdhwaK1FMy',#18,$,$,(#299),#300);
#304= IFCCARTESIANPOINT((-44.552482,256.695247));
#305= IFCCARTESIANPOINT((-55.695981,262.545419));
#306= IFCCARTESIANPOINT((-59.430911,255.431203));
#307= IFCCARTESIANPOINT((-62.07978,250.385824));
#308= IFCCARTESIANPOINT((-57.018832,247.728757));
#309= IFCCARTESIANPOINT((-54.370129,252.774139));
#310= IFCCARTESIANPOINT((-48.287651,249.58094));
#311= IFCPOLYLINE((#304,#305,#306,#307,#308,#309,#310,#304));
#312= IFCARBITRARYCLOSEDPROFILEDEF(.AREA.,'BoundaryProfile',#311);
#313= IFCCARTESIANPOINT((0.0,0.0,223.018064));
#314= IFCAXIS2PLACEMENT3D(#313,$,$);
#315= IFCDIRECTION((0.0,0.0,1.0));
#316= IFCEXTRUDEDAREASOLID(#312,#314,#315,3.4);
#317= IFCSHAPEREPRESENTATION(#36,'Body','SweptSolid',(#316));
#318= IFCSTYLEDITEM(#316,(#59),$);
#319= IFCPRODUCTDEFINITIONSHAPE($,$,(#317));
#320= IFCAXIS2PLACEMENT3D(#1,$,$);
#321= IFCLOCALPLACEMENT($,#320);
#322= IFCBUILDINGELEMENTPROXY('2JB$LMXVsj5q0k1CyKPEy6',#18,'Contextual Building',$,$,#321,#319,$,$);
#323= IFCPROPERTYSET('1y_$pv4JDIC6Noo92fky5H',#18,'Forma Element Properties',$,(#324,#325));
#324= IFCPROPERTYSINGLEVALUE('URN',$,IFCLABEL('urn:adsk-forma-elements:basic:pro_i5ejxrzg17:09c154fa-9828-4740-b356-33d2ac7b5b42+202cd0f7-ca55-44c1-be4e-0dc318ae6c28:1782142332233'),$);
#325= IFCPROPERTYSINGLEVALUE('Key Path',$,IFCLABEL('bd3161c0-0d5f-4676-ad00-0a3c78e1be8c/22ad2227'),$);
#326= IFCRELDEFINESBYPROPERTIES('1mX3zpwFSex3reieQnwMqj',#18,$,$,(#322),#323);
#327= IFCCARTESIANPOINT((95.80918,237.428071));
#328= IFCCARTESIANPOINT((92.714164,238.687748));
#329= IFCCARTESIANPOINT((94.38974,242.804703));
#330= IFCCARTESIANPOINT((86.784267,245.900232));
#331= IFCCARTESIANPOINT((83.418847,237.63181));
#332= IFCCARTESIANPOINT((86.133383,236.526922));
#333= IFCCARTESIANPOINT((85.317392,234.522253));
#334= IFCCARTESIANPOINT((93.303434,231.271845));
#335= IFCPOLYLINE((#327,#328,#329,#330,#331,#332,#333,#334,#327));
#336= IFCARBITRARYCLOSEDPROFILEDEF(.AREA.,'BoundaryProfile',#335);
#337= IFCCARTESIANPOINT((0.0,0.0,227.322753));
#338= IFCAXIS2PLACEMENT3D(#337,$,$);
#339= IFCDIRECTION((0.0,0.0,1.0));
#340= IFCEXTRUDEDAREASOLID(#336,#338,#339,3.8);
#341= IFCSHAPEREPRESENTATION(#36,'Body','SweptSolid',(#340));
#342= IFCSTYLEDITEM(#340,(#59),$);
#343= IFCPRODUCTDEFINITIONSHAPE($,$,(#341));
#344= IFCAXIS2PLACEMENT3D(#1,$,$);
#345= IFCLOCALPLACEMENT($,#344);
#346= IFCBUILDINGELEMENTPROXY('2XXKEyBbMEGRglQHuOjxbB',#18,'Contextual Building',$,$,#345,#343,$,$);
#347= IFCPROPERTYSET('3_z1UjdnPbsg8oLW8OcQtc',#18,'Forma Element Properties',$,(#348,#349));
#348= IFCPROPERTYSINGLEVALUE('URN',$,IFCLABEL('urn:adsk-forma-elements:basic:pro_i5ejxrzg17:09c154fa-9828-4740-b356-33d2ac7b5b42+d27a7d1a-17a0-4656-84c7-17f7b4b65c84:1782142332233'),$);
#349= IFCPROPERTYSINGLEVALUE('Key Path',$,IFCLABEL('bd3161c0-0d5f-4676-ad00-0a3c78e1be8c/397d9eea'),$);
#350= IFCRELDEFINESBYPROPERTIES('2ZMDKFu7Mv3d1Hp1EP$25h',#18,$,$,(#346),#347);
#351= IFCCARTESIANPOINT((111.922477,237.880272));
#352= IFCCARTESIANPOINT((103.686743,241.751424));
#353= IFCCARTESIANPOINT((98.792574,231.339397));
#354= IFCCARTESIANPOINT((102.954113,229.383282));
#355= IFCCARTESIANPOINT((103.624198,227.758482));
#356= IFCCARTESIANPOINT((107.053752,227.522455));
#357= IFCPOLYLINE((#351,#352,#353,#354,#355,#356,#351));
#358= IFCARBITRARYCLOSEDPROFILEDEF(.AREA.,'BoundaryProfile',#357);
#359= IFCCARTESIANPOINT((0.0,0.0,228.359131));
#360= IFCAXIS2PLACEMENT3D(#359,$,$);
#361= IFCDIRECTION((0.0,0.0,1.0));
#362= IFCEXTRUDEDAREASOLID(#358,#360,#361,4.6);
#363= IFCSHAPEREPRESENTATION(#36,'Body','SweptSolid',(#362));
#364= IFCSTYLEDITEM(#362,(#59),$);
#365= IFCPRODUCTDEFINITIONSHAPE($,$,(#363));
#366= IFCAXIS2PLACEMENT3D(#1,$,$);
#367= IFCLOCALPLACEMENT($,#366);
#368= IFCBUILDINGELEMENTPROXY('1nbS2NpmBHB$9h_eaMVM5C',#18,'Contextual Building',$,$,#367,#365,$,$);
#369= IFCPROPERTYSET('1toY58k69bH4PhzgLyG8lT',#18,'Forma Element Properties',$,(#370,#371));
#370= IFCPROPERTYSINGLEVALUE('URN',$,IFCLABEL('urn:adsk-forma-elements:basic:pro_i5ejxrzg17:09c154fa-9828-4740-b356-33d2ac7b5b42+8c481e4d-4c82-4ea2-8035-585bbf982c67:1782142332233'),$);
#371= IFCPROPERTYSINGLEVALUE('Key Path',$,IFCLABEL('bd3161c0-0d5f-4676-ad00-0a3c78e1be8c/7500d594'),$);
#372= IFCRELDEFINESBYPROPERTIES('2x_ml2LI4ZSTkUR9wEUz8c',#18,$,$,(#368),#369);
#373= IFCCARTESIANPOINT((138.360094,221.439559));
#374= IFCCARTESIANPOINT((130.05268,225.564142));
#375= IFCCARTESIANPOINT((128.513998,226.328199));
#376= IFCCARTESIANPOINT((124.338005,217.917364));
#377= IFCCARTESIANPOINT((134.184026,213.028634));
#378= IFCPOLYLINE((#373,#374,#375,#376,#377,#373));
#379= IFCARBITRARYCLOSEDPROFILEDEF(.AREA.,'BoundaryProfile',#378);
#380= IFCCARTESIANPOINT((0.0,0.0,229.787383));
#381= IFCAXIS2PLACEMENT3D(#380,$,$);
#382= IFCDIRECTION((0.0,0.0,1.0));
#383= IFCEXTRUDEDAREASOLID(#379,#381,#382,3.6);
#384= IFCSHAPEREPRESENTATION(#36,'Body','SweptSolid',(#383));
#385= IFCSTYLEDITEM(#383,(#59),$);
#386= IFCPRODUCTDEFINITIONSHAPE($,$,(#384));
#387= IFCAXIS2PLACEMENT3D(#1,$,$);
#388= IFCLOCALPLACEMENT($,#387);
#389= IFCBUILDINGELEMENTPROXY('0j$A5INrc$Yr0CG5HCV$3S',#18,'Contextual Building',$,$,#388,#386,$,$);
#390= IFCPROPERTYSET('3HOy$GJlUb59przs4e1lkD',#18,'Forma Element Properties',$,(#391,#392));
#391= IFCPROPERTYSINGLEVALUE('URN',$,IFCLABEL('urn:adsk-forma-elements:basic:pro_i5ejxrzg17:09c154fa-9828-4740-b356-33d2ac7b5b42+a32fdc09-e091-423e-909b-0eca9d702c05:1782142332233'),$);
#392= IFCPROPERTYSINGLEVALUE('Key Path',$,IFCLABEL('bd3161c0-0d5f-4676-ad00-0a3c78e1be8c/2e719881'),$);
#393= IFCRELDEFINESBYPROPERTIES('20PTHD8Jr5gxMViGpzD0c0',#18,$,$,(#389),#390);
#394= IFCCARTESIANPOINT((13.240536,210.274741));
#395= IFCCARTESIANPOINT((2.72579,217.920127));
#396= IFCCARTESIANPOINT((-3.711061,209.06755));
#397= IFCCARTESIANPOINT((6.803771,201.422149));
#398= IFCPOLYLINE((#394,#395,#396,#397,#394));
#399= IFCARBITRARYCLOSEDPROFILEDEF(.AREA.,'BoundaryProfile',#398);
#400= IFCCARTESIANPOINT((0.0,0.0,224.713149));
#401= IFCAXIS2PLACEMENT3D(#400,$,$);
#402= IFCDIRECTION((0.0,0.0,1.0));
#403= IFCEXTRUDEDAREASOLID(#399,#401,#402,3.9);
#404= IFCSHAPEREPRESENTATION(#36,'Body','SweptSolid',(#403));
#405= IFCSTYLEDITEM(#403,(#59),$);
#406= IFCPRODUCTDEFINITIONSHAPE($,$,(#404));
#407= IFCAXIS2PLACEMENT3D(#1,$,$);
#408= IFCLOCALPLACEMENT($,#407);
#409= IFCBUILDINGELEMENTPROXY('2Db3s$7GTSSIgkWfOvlutL',#18,'Contextual Building',$,$,#408,#406,$,$);
#410= IFCPROPERTYSET('2U$UwD7VArZbVHdd1GIUo7',#18,'Forma Element Properties',$,(#411,#412));
#411= IFCPROPERTYSINGLEVALUE('URN',$,IFCLABEL('urn:adsk-forma-elements:basic:pro_i5ejxrzg17:09c154fa-9828-4740-b356-33d2ac7b5b42+99f25222-06be-4911-991c-09314e4056be:1782142332233'),$);
#412= IFCPROPERTYSINGLEVALUE('Key Path',$,IFCLABEL('bd3161c0-0d5f-4676-ad00-0a3c78e1be8c/fc840787'),$);
#413= IFCRELDEFINESBYPROPERTIES('2DFcNlNPfLdSW6ePBLM7BP',#18,$,$,(#409),#410);
#414= IFCCARTESIANPOINT((178.042231,201.902278));
#415= IFCCARTESIANPOINT((169.729508,205.924551));
#416= IFCCARTESIANPOINT((165.914657,198.040547));
#417= IFCCARTESIANPOINT((174.227385,194.018184));
#418= IFCPOLYLINE((#414,#415,#416,#417,#414));
#419= IFCARBITRARYCLOSEDPROFILEDEF(.AREA.,'BoundaryProfile',#418);
#420= IFCCARTESIANPOINT((0.0,0.0,229.314536));
#421= IFCAXIS2PLACEMENT3D(#420,$,$);
#422= IFCDIRECTION((0.0,0.0,1.0));
#423= IFCEXTRUDEDAREASOLID(#419,#421,#422,4.3);
#424= IFCSHAPEREPRESENTATION(#36,'Body','SweptSolid',(#423));
#425= IFCSTYLEDITEM(#423,(#59),$);
#426= IFCPRODUCTDEFINITIONSHAPE($,$,(#424));
#427= IFCAXIS2PLACEMENT3D(#1,$,$);
#428= IFCLOCALPLACEMENT($,#427);
#429= IFCBUILDINGELEMENTPROXY('3ThGdCqXB9K2dxggJoLypN',#18,'Contextual Building',$,$,#428,#426,$,$);
#430= IFCPROPERTYSET('2icthmmiysmpSSdropgw8w',#18,'Forma Element Properties',$,(#431,#432));
#431= IFCPROPERTYSINGLEVALUE('URN',$,IFCLABEL('urn:adsk-forma-elements:basic:pro_i5ejxrzg17:09c154fa-9828-4740-b356-33d2ac7b5b42+e15951b1-6179-4ec7-9c1a-cba96563f2e2:1782142332233'),$);
#432= IFCPROPERTYSINGLEVALUE('Key Path',$,IFCLABEL('bd3161c0-0d5f-4676-ad00-0a3c78e1be8c/00202dc7'),$);
#433= IFCRELDEFINESBYPROPERTIES('3Md_7oS2DurCTdLdJ8ag6I',#18,$,$,(#429),#430);
#434= IFCCARTESIANPOINT((234.993638,190.260891));
#435= IFCCARTESIANPOINT((222.963046,196.2149));
#436= IFCCARTESIANPOINT((218.61594,187.431296));
#437= IFCCARTESIANPOINT((228.827584,182.377431));
#438= IFCCARTESIANPOINT((230.607615,185.97431));
#439= IFCCARTESIANPOINT((232.426652,185.073993));
#440= IFCPOLYLINE((#434,#435,#436,#437,#438,#439,#434));
#441= IFCARBITRARYCLOSEDPROFILEDEF(.AREA.,'BoundaryProfile',#440);
#442= IFCCARTESIANPOINT((0.0,0.0,227.805848));
#443= IFCAXIS2PLACEMENT3D(#442,$,$);
#444= IFCDIRECTION((0.0,0.0,1.0));
#445= IFCEXTRUDEDAREASOLID(#441,#443,#444,4.1);
#446= IFCSHAPEREPRESENTATION(#36,'Body','SweptSolid',(#445));
#447= IFCSTYLEDITEM(#445,(#59),$);
#448= IFCPRODUCTDEFINITIONSHAPE($,$,(#446));
#449= IFCAXIS2PLACEMENT3D(#1,$,$);
#450= IFCLOCALPLACEMENT($,#449);
#451= IFCBUILDINGELEMENTPROXY('3xIR$kADlgMCt6KDNuX8mY',#18,'Contextual Building',$,$,#450,#448,$,$);
#452= IFCPROPERTYSET('3BSgazjWmHD2crmBkLoUDs',#18,'Forma Element Properties',$,(#453,#454));
#453= IFCPROPERTYSINGLEVALUE('URN',$,IFCLABEL('urn:adsk-forma-elements:basic:pro_i5ejxrzg17:09c154fa-9828-4740-b356-33d2ac7b5b42+c2825869-80e6-4f81-8409-666537b900d2:1782142332233'),$);
#454= IFCPROPERTYSINGLEVALUE('Key Path',$,IFCLABEL('bd3161c0-0d5f-4676-ad00-0a3c78e1be8c/a532cf9c'),$);
#455= IFCRELDEFINESBYPROPERTIES('3qV0W$9aVnTNcFokXVUOUF',#18,$,$,(#451),#452);
#456= IFCCARTESIANPOINT((143.417018,166.035703));
#457= IFCCARTESIANPOINT((139.037778,168.618232));
#458= IFCCARTESIANPOINT((134.401804,171.352286));
#459= IFCCARTESIANPOINT((129.512702,163.061945));
#460= IFCCARTESIANPOINT((134.148679,160.327968));
#461= IFCCARTESIANPOINT((133.071102,158.500831));
#462= IFCCARTESIANPOINT((137.450264,155.918133));
#463= IFCPOLYLINE((#456,#457,#458,#459,#460,#461,#462,#456));
#464= IFCARBITRARYCLOSEDPROFILEDEF(.AREA.,'BoundaryProfile',#463);
#465= IFCCARTESIANPOINT((0.0,0.0,226.746025));
#466= IFCAXIS2PLACEMENT3D(#465,$,$);
#467= IFCDIRECTION((0.0,0.0,1.0));
#468= IFCEXTRUDEDAREASOLID(#464,#466,#467,3.5);
#469= IFCSHAPEREPRESENTATION(#36,'Body','SweptSolid',(#468));
#470= IFCSTYLEDITEM(#468,(#59),$);
#471= IFCPRODUCTDEFINITIONSHAPE($,$,(#469));
#472= IFCAXIS2PLACEMENT3D(#1,$,$);
#473= IFCLOCALPLACEMENT($,#472);
#474= IFCBUILDINGELEMENTPROXY('2JR2gynPJaqXggCyu1eBzE',#18,'Contextual Building',$,$,#473,#471,$,$);
#475= IFCPROPERTYSET('3jmNeT$_$xKD5Hf1APoXYG',#18,'Forma Element Properties',$,(#476,#477));
#476= IFCPROPERTYSINGLEVALUE('URN',$,IFCLABEL('urn:adsk-forma-elements:basic:pro_i5ejxrzg17:09c154fa-9828-4740-b356-33d2ac7b5b42+b2b7dd22-ef49-492c-9db4-e3d68b53ad6e:1782142332233'),$);
#477= IFCPROPERTYSINGLEVALUE('Key Path',$,IFCLABEL('bd3161c0-0d5f-4676-ad00-0a3c78e1be8c/dc08a732'),$);
#478= IFCRELDEFINESBYPROPERTIES('2nXRZWh5RqyP92kdRZBcJ7',#18,$,$,(#474),#475);
#479= IFCCARTESIANPOINT((-165.803966,170.535052));
#480= IFCCARTESIANPOINT((-170.992652,164.013747));
#481= IFCCARTESIANPOINT((-159.804863,155.112035));
#482= IFCCARTESIANPOINT((-153.861753,162.581247));
#483= IFCCARTESIANPOINT((-163.618242,170.344182));
#484= IFCCARTESIANPOINT((-164.372423,169.396046));
#485= IFCPOLYLINE((#479,#480,#481,#482,#483,#484,#479));
#486= IFCARBITRARYCLOSEDPROFILEDEF(.AREA.,'BoundaryProfile',#485);
#487= IFCCARTESIANPOINT((0.0,0.0,217.552232));
#488= IFCAXIS2PLACEMENT3D(#487,$,$);
#489= IFCDIRECTION((0.0,0.0,1.0));
#490= IFCEXTRUDEDAREASOLID(#486,#488,#489,3.7);
#491= IFCSHAPEREPRESENTATION(#36,'Body','SweptSolid',(#490));
#492= IFCSTYLEDITEM(#490,(#59),$);
#493= IFCPRODUCTDEFINITIONSHAPE($,$,(#491));
#494= IFCAXIS2PLACEMENT3D(#1,$,$);
#495= IFCLOCALPLACEMENT($,#494);
#496= IFCBUILDINGELEMENTPROXY('3yOuK1qpKJzEyQsFWWFYfh',#18,'Contextual Building',$,$,#495,#493,$,$);
#497= IFCPROPERTYSET('157B2AwDb2BmW7YTLqKo3t',#18,'Forma Element Properties',$,(#498,#499));
#498= IFCPROPERTYSINGLEVALUE('URN',$,IFCLABEL('urn:adsk-forma-elements:basic:pro_i5ejxrzg17:09c154fa-9828-4740-b356-33d2ac7b5b42+f4b5150e-a332-4c10-abff-a18f1d21bda0:1782142332233'),$);
#499= IFCPROPERTYSINGLEVALUE('Key Path',$,IFCLABEL('bd3161c0-0d5f-4676-ad00-0a3c78e1be8c/b93efc2e'),$);
#500= IFCRELDEFINESBYPROPERTIES('0no4RHdMUrnfGh1CCOX81U',#18,$,$,(#496),#497);
#501= IFCCARTESIANPOINT((157.441557,160.25832));
#502= IFCCARTESIANPOINT((149.064761,163.843375));
#503= IFCCARTESIANPOINT((145.58111,155.703517));
#504= IFCCARTESIANPOINT((153.957832,152.118455));
#505= IFCPOLYLINE((#501,#502,#503,#504,#501));
#506= IFCARBITRARYCLOSEDPROFILEDEF(.AREA.,'BoundaryProfile',#505);
#507= IFCCARTESIANPOINT((0.0,0.0,227.053521));
#508= IFCAXIS2PLACEMENT3D(#507,$,$);
#509= IFCDIRECTION((0.0,0.0,1.0));
#510= IFCEXTRUDEDAREASOLID(#506,#508,#509,4.0);
#511= IFCSHAPEREPRESENTATION(#36,'Body','SweptSolid',(#510));
#512= IFCSTYLEDITEM(#510,(#59),$);
#513= IFCPRODUCTDEFINITIONSHAPE($,$,(#511));
#514= IFCAXIS2PLACEMENT3D(#1,$,$);
#515= IFCLOCALPLACEMENT($,#514);
#516= IFCBUILDINGELEMENTPROXY('0EmLX3ymph$BDCnQprK5X1',#18,'Contextual Building',$,$,#515,#513,$,$);
#517= IFCPROPERTYSET('2nkxY83vaHs3e4GfTJa_2G',#18,'Forma Element Properties',$,(#518,#519));
#518= IFCPROPERTYSINGLEVALUE('URN',$,IFCLABEL('urn:adsk-forma-elements:basic:pro_i5ejxrzg17:09c154fa-9828-4740-b356-33d2ac7b5b42+aacb37f2-a39e-4e1f-acf0-915af73b76be:1782142332233'),$);
#519= IFCPROPERTYSINGLEVALUE('Key Path',$,IFCLABEL('bd3161c0-0d5f-4676-ad00-0a3c78e1be8c/a64774e9'),$);
#520= IFCRELDEFINESBYPROPERTIES('2KdG4arVM6ACdLGq_6a7R7',#18,$,$,(#516),#517);
#521= IFCCARTESIANPOINT((-140.362756,154.330649));
#522= IFCCARTESIANPOINT((-148.877342,157.371647));
#523= IFCCARTESIANPOINT((-152.798254,146.393183));
#524= IFCCARTESIANPOINT((-144.283659,143.352177));
#525= IFCPOLYLINE((#521,#522,#523,#524,#521));
#526= IFCARBITRARYCLOSEDPROFILEDEF(.AREA.,'BoundaryProfile',#525);
#527= IFCCARTESIANPOINT((0.0,0.0,217.495935));
#528= IFCAXIS2PLACEMENT3D(#527,$,$);
#529= IFCDIRECTION((0.0,0.0,1.0));
#530= IFCEXTRUDEDAREASOLID(#526,#528,#529,3.9);
#531= IFCSHAPEREPRESENTATION(#36,'Body','SweptSolid',(#530));
#532= IFCSTYLEDITEM(#530,(#59),$);
#533= IFCPRODUCTDEFINITIONSHAPE($,$,(#531));
#534= IFCAXIS2PLACEMENT3D(#1,$,$);
#535= IFCLOCALPLACEMENT($,#534);
#536= IFCBUILDINGELEMENTPROXY('1XKeLcObHQCZSLVM5BWkD2',#18,'Contextual Building',$,$,#535,#533,$,$);
#537= IFCPROPERTYSET('3vOAsi8W$npeFEYw4Ndk7s',#18,'Forma Element Properties',$,(#538,#539));
#538= IFCPROPERTYSINGLEVALUE('URN',$,IFCLABEL('urn:adsk-forma-elements:basic:pro_i5ejxrzg17:09c154fa-9828-4740-b356-33d2ac7b5b42+db04975d-0ace-4325-974b-a5f9cc68e622:1782142332233'),$);
#539= IFCPROPERTYSINGLEVALUE('Key Path',$,IFCLABEL('bd3161c0-0d5f-4676-ad00-0a3c78e1be8c/7950c39f'),$);
#540= IFCRELDEFINESBYPROPERTIES('2iAElo1_5g1$DXWbODz8fY',#18,$,$,(#536),#537);
#541= IFCCARTESIANPOINT((36.624044,146.243852));
#542= IFCCARTESIANPOINT((34.157479,147.748811));
#543= IFCCARTESIANPOINT((35.679644,150.243746));
#544= IFCCARTESIANPOINT((27.583097,155.183423));
#545= IFCCARTESIANPOINT((23.661437,148.755516));
#546= IFCCARTESIANPOINT((34.224553,142.310872));
#547= IFCPOLYLINE((#541,#542,#543,#544,#545,#546,#541));
#548= IFCARBITRARYCLOSEDPROFILEDEF(.AREA.,'BoundaryProfile',#547);
#549= IFCCARTESIANPOINT((0.0,0.0,222.334253));
#550= IFCAXIS2PLACEMENT3D(#549,$,$);
#551= IFCDIRECTION((0.0,0.0,1.0));
#552= IFCEXTRUDEDAREASOLID(#548,#550,#551,4.5);
#553= IFCSHAPEREPRESENTATION(#36,'Body','SweptSolid',(#552));
#554= IFCSTYLEDITEM(#552,(#59),$);
#555= IFCPRODUCTDEFINITIONSHAPE($,$,(#553));
#556= IFCAXIS2PLACEMENT3D(#1,$,$);
#557= IFCLOCALPLACEMENT($,#556);
#558= IFCBUILDINGELEMENTPROXY('0dMztmAzop2vrx05oTo$2H',#18,'Contextual Building',$,$,#557,#555,$,$);
#559= IFCPROPERTYSET('0pNCY_S9kpBBawCBgwpQ5R',#18,'Forma Element Properties',$,(#560,#561));
#560= IFCPROPERTYSINGLEVALUE('URN',$,IFCLABEL('urn:adsk-forma-elements:basic:pro_i5ejxrzg17:09c154fa-9828-4740-b356-33d2ac7b5b42+de76bf89-a023-441b-9dca-56a9a27e122c:1782142332233'),$);
#561= IFCPROPERTYSINGLEVALUE('Key Path',$,IFCLABEL('bd3161c0-0d5f-4676-ad00-0a3c78e1be8c/427f070b'),$);
#562= IFCRELDEFINESBYPROPERTIES('3SxkbXvZEg$5ZA0BX5gOG5',#18,$,$,(#558),#559);
#563= IFCCARTESIANPOINT((209.417053,145.070288));
#564= IFCCARTESIANPOINT((201.798007,149.226017));
#565= IFCCARTESIANPOINT((195.923303,138.455619));
#566= IFCCARTESIANPOINT((203.542355,134.299879));
#567= IFCPOLYLINE((#563,#564,#565,#566,#563));
#568= IFCARBITRARYCLOSEDPROFILEDEF(.AREA.,'BoundaryProfile',#567);
#569= IFCCARTESIANPOINT((0.0,0.0,226.989499));
#570= IFCAXIS2PLACEMENT3D(#569,$,$);
#571= IFCDIRECTION((0.0,0.0,1.0));
#572= IFCEXTRUDEDAREASOLID(#568,#570,#571,3.7);
#573= IFCSHAPEREPRESENTATION(#36,'Body','SweptSolid',(#572));
#574= IFCSTYLEDITEM(#572,(#59),$);
#575= IFCPRODUCTDEFINITIONSHAPE($,$,(#573));
#576= IFCAXIS2PLACEMENT3D(#1,$,$);
#577= IFCLOCALPLACEMENT($,#576);
#578= IFCBUILDINGELEMENTPROXY('0ITrqrcYEA$7HI3g9S7Xy5',#18,'Contextual Building',$,$,#577,#575,$,$);
#579= IFCPROPERTYSET('1h$FoWdTU40Wo$spz$luWR',#18,'Forma Element Properties',$,(#580,#581));
#580= IFCPROPERTYSINGLEVALUE('URN',$,IFCLABEL('urn:adsk-forma-elements:basic:pro_i5ejxrzg17:09c154fa-9828-4740-b356-33d2ac7b5b42+399a1c75-a00e-478d-9345-99f94dfc9993:1782142332233'),$);
#581= IFCPROPERTYSINGLEVALUE('Key Path',$,IFCLABEL('bd3161c0-0d5f-4676-ad00-0a3c78e1be8c/daafe974'),$);
#582= IFCRELDEFINESBYPROPERTIES('0Pb$jxB6Yw5lX0u39oeg_W',#18,$,$,(#578),#579);
#583= IFCCARTESIANPOINT((57.662107,143.098166));
#584= IFCCARTESIANPOINT((48.946124,147.393326));
#585= IFCCARTESIANPOINT((44.32711,138.020022));
#586= IFCCARTESIANPOINT((53.042855,133.724771));
#587= IFCPOLYLINE((#583,#584,#585,#586,#583));
#588= IFCARBITRARYCLOSEDPROFILEDEF(.AREA.,'BoundaryProfile',#587);
#589= IFCCARTESIANPOINT((0.0,0.0,221.744554));
#590= IFCAXIS2PLACEMENT3D(#589,$,$);
#591= IFCDIRECTION((0.0,0.0,1.0));
#592= IFCEXTRUDEDAREASOLID(#588,#590,#591,3.8);
#593= IFCSHAPEREPRESENTATION(#36,'Body','SweptSolid',(#592));
#594= IFCSTYLEDITEM(#592,(#59),$);
#595= IFCPRODUCTDEFINITIONSHAPE($,$,(#593));
#596= IFCAXIS2PLACEMENT3D(#1,$,$);
#597= IFCLOCALPLACEMENT($,#596);
#598= IFCBUILDINGELEMENTPROXY('1To3qUUtxEyZvXBuFEGJEM',#18,'Contextual Building',$,$,#597,#595,$,$);
#599= IFCPROPERTYSET('1YrGCQTSa$d5KDjlwESElA',#18,'Forma Element Properties',$,(#600,#601));
#600= IFCPROPERTYSINGLEVALUE('URN',$,IFCLABEL('urn:adsk-forma-elements:basic:pro_i5ejxrzg17:09c154fa-9828-4740-b356-33d2ac7b5b42+1a1f2925-dbcf-472f-954c-c91b1b12c45b:1782142332233'),$);
#601= IFCPROPERTYSINGLEVALUE('Key Path',$,IFCLABEL('bd3161c0-0d5f-4676-ad00-0a3c78e1be8c/4f916c15'),$);
#602= IFCRELDEFINESBYPROPERTIES('1E4gY5usQokAjDyr5jG2NU',#18,$,$,(#598),#599);
#603= IFCCARTESIANPOINT((75.878112,132.614104));
#604= IFCCARTESIANPOINT((73.657276,133.79803));
#605= IFCCARTESIANPOINT((74.754373,135.856431));
#606= IFCCARTESIANPOINT((68.948799,138.950974));
#607= IFCCARTESIANPOINT((64.225232,130.08932));
#608= IFCCARTESIANPOINT((72.251973,125.810843));
#609= IFCPOLYLINE((#603,#604,#605,#606,#607,#608,#603));
#610= IFCARBITRARYCLOSEDPROFILEDEF(.AREA.,'BoundaryProfile',#609);
#611= IFCCARTESIANPOINT((0.0,0.0,221.447396));
#612= IFCAXIS2PLACEMENT3D(#611,$,$);
#613= IFCDIRECTION((0.0,0.0,1.0));
#614= IFCEXTRUDEDAREASOLID(#610,#612,#613,4.0);
#615= IFCSHAPEREPRESENTATION(#36,'Body','SweptSolid',(#614));
#616= IFCSTYLEDITEM(#614,(#59),$);
#617= IFCPRODUCTDEFINITIONSHAPE($,$,(#615));
#618= IFCAXIS2PLACEMENT3D(#1,$,$);
#619= IFCLOCALPLACEMENT($,#618);
#620= IFCBUILDINGELEMENTPROXY('0K7xt6CP3bLhN_fpybSTMo',#18,'Contextual Building',$,$,#619,#617,$,$);
#621= IFCPROPERTYSET('1Zq6mMMFpScXKe2XnSmp_U',#18,'Forma Element Properties',$,(#622,#623));
#622= IFCPROPERTYSINGLEVALUE('URN',$,IFCLABEL('urn:adsk-forma-elements:basic:pro_i5ejxrzg17:09c154fa-9828-4740-b356-33d2ac7b5b42+183ea977-b5ec-4d1e-9109-3d8682828a55:1782142332233'),$);
#623= IFCPROPERTYSINGLEVALUE('Key Path',$,IFCLABEL('bd3161c0-0d5f-4676-ad00-0a3c78e1be8c/4fdeedc3'),$);
#624= IFCRELDEFINESBYPROPERTIES('2dbiDmbxDdxh4hA9dQqQQH',#18,$,$,(#620),#621);
#625= IFCCARTESIANPOINT((-1.017726,117.132579));
#626= IFCCARTESIANPOINT((-8.600112,121.522225));
#627= IFCCARTESIANPOINT((-14.33022,111.624594));
#628= IFCCARTESIANPOINT((-6.74791,107.234694));
#629= IFCPOLYLINE((#625,#626,#627,#628,#625));
#630= IFCARBITRARYCLOSEDPROFILEDEF(.AREA.,'BoundaryProfile',#629);
#631= IFCCARTESIANPOINT((0.0,0.0,221.995618));
#632= IFCAXIS2PLACEMENT3D(#631,$,$);
#633= IFCDIRECTION((0.0,0.0,1.0));
#634= IFCEXTRUDEDAREASOLID(#630,#632,#633,4.6);
#635= IFCSHAPEREPRESENTATION(#36,'Body','SweptSolid',(#634));
#636= IFCSTYLEDITEM(#634,(#59),$);
#637= IFCPRODUCTDEFINITIONSHAPE($,$,(#635));
#638= IFCAXIS2PLACEMENT3D(#1,$,$);
#639= IFCLOCALPLACEMENT($,#638);
#640= IFCBUILDINGELEMENTPROXY('0Rs2BNfQfNTzadpSug25vh',#18,'Contextual Building',$,$,#639,#637,$,$);
#641= IFCPROPERTYSET('3kY2XX1UdNB86WuX7GlBAQ',#18,'Forma Element Properties',$,(#642,#643));
#642= IFCPROPERTYSINGLEVALUE('URN',$,IFCLABEL('urn:adsk-forma-elements:basic:pro_i5ejxrzg17:09c154fa-9828-4740-b356-33d2ac7b5b42+e48e4670-02c7-4081-813d-98ad14347ef6:1782142332233'),$);
#643= IFCPROPERTYSINGLEVALUE('Key Path',$,IFCLABEL('bd3161c0-0d5f-4676-ad00-0a3c78e1be8c/d7969736'),$);
#644= IFCRELDEFINESBYPROPERTIES('1_XL6FvHzPi5b8NrieBaaS',#18,$,$,(#640),#641);
#645= IFCCARTESIANPOINT((195.923352,116.75973));
#646= IFCCARTESIANPOINT((187.876603,120.559645));
#647= IFCCARTESIANPOINT((182.958601,110.145126));
#648= IFCCARTESIANPOINT((191.005358,106.345365));
#649= IFCPOLYLINE((#645,#646,#647,#648,#645));
#650= IFCARBITRARYCLOSEDPROFILEDEF(.AREA.,'BoundaryProfile',#649);
#651= IFCCARTESIANPOINT((0.0,0.0,224.834812));
#652= IFCAXIS2PLACEMENT3D(#651,$,$);
#653= IFCDIRECTION((0.0,0.0,1.0));
#654= IFCEXTRUDEDAREASOLID(#650,#652,#653,3.7);
#655= IFCSHAPEREPRESENTATION(#36,'Body','SweptSolid',(#654));
#656= IFCSTYLEDITEM(#654,(#59),$);
#657= IFCPRODUCTDEFINITIONSHAPE($,$,(#655));
#658= IFCAXIS2PLACEMENT3D(#1,$,$);
#659= IFCLOCALPLACEMENT($,#658);
#660= IFCBUILDINGELEMENTPROXY('2550ROzUMiAjRO3__14pFd',#18,'Contextual Building',$,$,#659,#657,$,$);
#661= IFCPROPERTYSET('1zAW9nCFW7DfHdu_cxotA8',#18,'Forma Element Properties',$,(#662,#663));
#662= IFCPROPERTYSINGLEVALUE('URN',$,IFCLABEL('urn:adsk-forma-elements:basic:pro_i5ejxrzg17:09c154fa-9828-4740-b356-33d2ac7b5b42+f5266641-82ce-41e9-8efc-4dd64d66a5db:1782142332233'),$);
#663= IFCPROPERTYSINGLEVALUE('Key Path',$,IFCLABEL('bd3161c0-0d5f-4676-ad00-0a3c78e1be8c/a2bf8738'),$);
#664= IFCRELDEFINESBYPROPERTIES('22aYKr_TgoRIm_XQR2mT9R',#18,$,$,(#660),#661);
#665= IFCCARTESIANPOINT((170.217104,91.806628));
#666= IFCCARTESIANPOINT((169.125261,89.60631));
#667= IFCCARTESIANPOINT((171.781669,88.288179));
#668= IFCCARTESIANPOINT((169.238982,83.163597));
#669= IFCCARTESIANPOINT((178.716256,78.461218));
#670= IFCCARTESIANPOINT((183.238537,87.575628));
#671= IFCCARTESIANPOINT((175.102968,91.612318));
#672= IFCCARTESIANPOINT((174.215128,89.822819));
#673= IFCPOLYLINE((#665,#666,#667,#668,#669,#670,#671,#672,#665));
#674= IFCARBITRARYCLOSEDPROFILEDEF(.AREA.,'BoundaryProfile',#673);
#675= IFCCARTESIANPOINT((0.0,0.0,225.497568));
#676= IFCAXIS2PLACEMENT3D(#675,$,$);
#677= IFCDIRECTION((0.0,0.0,1.0));
#678= IFCEXTRUDEDAREASOLID(#674,#676,#677,3.4);
#679= IFCSHAPEREPRESENTATION(#36,'Body','SweptSolid',(#678));
#680= IFCSTYLEDITEM(#678,(#59),$);
#681= IFCPRODUCTDEFINITIONSHAPE($,$,(#679));
#682= IFCAXIS2PLACEMENT3D(#1,$,$);
#683= IFCLOCALPLACEMENT($,#682);
#684= IFCBUILDINGELEMENTPROXY('0zBXWeRemLDC9_eBJH7k4b',#18,'Contextual Building',$,$,#683,#681,$,$);
#685= IFCPROPERTYSET('3OMK58_CGdu60Gh2dBREg4',#18,'Forma Element Properties',$,(#686,#687));
#686= IFCPROPERTYSINGLEVALUE('URN',$,IFCLABEL('urn:adsk-forma-elements:basic:pro_i5ejxrzg17:09c154fa-9828-4740-b356-33d2ac7b5b42+efc92ffa-35ef-47de-a283-56ca1db3efcb:1782142332233'),$);
#687= IFCPROPERTYSINGLEVALUE('Key Path',$,IFCLABEL('bd3161c0-0d5f-4676-ad00-0a3c78e1be8c/b5eacb9c'),$);
#688= IFCRELDEFINESBYPROPERTIES('0aEjKwpc4Le2uRVmvSKbmh',#18,$,$,(#684),#685);
#689= IFCCARTESIANPOINT((-254.845565,83.166709));
#690= IFCCARTESIANPOINT((-259.994227,87.585176));
#691= IFCCARTESIANPOINT((-271.852186,73.767544));
#692= IFCCARTESIANPOINT((-266.703604,69.349064));
#693= IFCPOLYLINE((#689,#690,#691,#692,#689));
#694= IFCARBITRARYCLOSEDPROFILEDEF(.AREA.,'BoundaryProfile',#693);
#695= IFCCARTESIANPOINT((0.0,0.0,226.247208));
#696= IFCAXIS2PLACEMENT3D(#695,$,$);
#697= IFCDIRECTION((0.0,0.0,1.0));
#698= IFCEXTRUDEDAREASOLID(#694,#696,#697,4.5);
#699= IFCSHAPEREPRESENTATION(#36,'Body','SweptSolid',(#698));
#700= IFCSTYLEDITEM(#698,(#59),$);
#701= IFCPRODUCTDEFINITIONSHAPE($,$,(#699));
#702= IFCAXIS2PLACEMENT3D(#1,$,$);
#703= IFCLOCALPLACEMENT($,#702);
#704= IFCBUILDINGELEMENTPROXY('2G3xcTbbTnHQfD1PfA0blF',#18,'Contextual Building',$,$,#703,#701,$,$);
#705= IFCPROPERTYSET('21FkzVuFhg1f0XYZvlxhlp',#18,'Forma Element Properties',$,(#706,#707));
#706= IFCPROPERTYSINGLEVALUE('URN',$,IFCLABEL('urn:adsk-forma-elements:basic:pro_i5ejxrzg17:09c154fa-9828-4740-b356-33d2ac7b5b42+55afe49b-b05b-4518-843f-a86d6644b05a:1782142332233'),$);
#707= IFCPROPERTYSINGLEVALUE('Key Path',$,IFCLABEL('bd3161c0-0d5f-4676-ad00-0a3c78e1be8c/0e32bd21'),$);
#708= IFCRELDEFINESBYPROPERTIES('10gUYqrNxNwwszZFiT4iXj',#18,$,$,(#704),#705);
#709= IFCCARTESIANPOINT((89.176993,73.851944));
#710= IFCCARTESIANPOINT((85.746819,75.456487));
#711= IFCCARTESIANPOINT((86.671317,77.432679));
#712= IFCCARTESIANPOINT((82.278128,79.487583));
#713= IFCCARTESIANPOINT((81.353711,77.511228));
#714= IFCCARTESIANPOINT((78.239111,70.852388));
#715= IFCCARTESIANPOINT((76.346086,66.805483));
#716= IFCCARTESIANPOINT((84.169375,63.146189));
#717= IFCPOLYLINE((#709,#710,#711,#712,#713,#714,#715,#716,#709));
#718= IFCARBITRARYCLOSEDPROFILEDEF(.AREA.,'BoundaryProfile',#717);
#719= IFCCARTESIANPOINT((0.0,0.0,222.260274));
#720= IFCAXIS2PLACEMENT3D(#719,$,$);
#721= IFCDIRECTION((0.0,0.0,1.0));
#722= IFCEXTRUDEDAREASOLID(#718,#720,#721,3.4);
#723= IFCSHAPEREPRESENTATION(#36,'Body','SweptSolid',(#722));
#724= IFCSTYLEDITEM(#722,(#59),$);
#725= IFCPRODUCTDEFINITIONSHAPE($,$,(#723));
#726= IFCAXIS2PLACEMENT3D(#1,$,$);
#727= IFCLOCALPLACEMENT($,#726);
#728= IFCBUILDINGELEMENTPROXY('0UG1vfQZ$N_aFdYiVcXFp1',#18,'Contextual Building',$,$,#727,#725,$,$);
#729= IFCPROPERTYSET('3we7Q84gPxn_YPenMhsaQE',#18,'Forma Element Properties',$,(#730,#731));
#730= IFCPROPERTYSINGLEVALUE('URN',$,IFCLABEL('urn:adsk-forma-elements:basic:pro_i5ejxrzg17:09c154fa-9828-4740-b356-33d2ac7b5b42+9762f87a-d2be-4a0a-883b-2748a7ce9f1c:1782142332233'),$);
#731= IFCPROPERTYSINGLEVALUE('Key Path',$,IFCLABEL('bd3161c0-0d5f-4676-ad00-0a3c78e1be8c/8f809d74'),$);
#732= IFCRELDEFINESBYPROPERTIES('2Rg0XqDYC5mnwN8hIpmaRr',#18,$,$,(#728),#729);
#733= IFCCARTESIANPOINT((-224.258906,70.666358));
#734= IFCCARTESIANPOINT((-233.349154,79.14144));
#735= IFCCARTESIANPOINT((-248.903979,62.45743));
#736= IFCCARTESIANPOINT((-239.813484,53.982317));
#737= IFCPOLYLINE((#733,#734,#735,#736,#733));
#738= IFCARBITRARYCLOSEDPROFILEDEF(.AREA.,'BoundaryProfile',#737);
#739= IFCCARTESIANPOINT((0.0,0.0,227.561822));
#740= IFCAXIS2PLACEMENT3D(#739,$,$);
#741= IFCDIRECTION((0.0,0.0,1.0));
#742= IFCEXTRUDEDAREASOLID(#738,#740,#741,3.8);
#743= IFCSHAPEREPRESENTATION(#36,'Body','SweptSolid',(#742));
#744= IFCSTYLEDITEM(#742,(#59),$);
#745= IFCPRODUCTDEFINITIONSHAPE($,$,(#743));
#746= IFCAXIS2PLACEMENT3D(#1,$,$);
#747= IFCLOCALPLACEMENT($,#746);
#748= IFCBUILDINGELEMENTPROXY('3Jv$z_yPKJOTCj7z6zs_jg',#18,'Contextual Building',$,$,#747,#745,$,$);
#749= IFCPROPERTYSET('1NOJDO1_rf2iFINJreWi32',#18,'Forma Element Properties',$,(#750,#751));
#750= IFCPROPERTYSINGLEVALUE('URN',$,IFCLABEL('urn:adsk-forma-elements:basic:pro_i5ejxrzg17:09c154fa-9828-4740-b356-33d2ac7b5b42+754aaafd-55a1-4951-b704-94d3dceec111:1782142332233'),$);
#751= IFCPROPERTYSINGLEVALUE('Key Path',$,IFCLABEL('bd3161c0-0d5f-4676-ad00-0a3c78e1be8c/bdf15620'),$);
#752= IFCRELDEFINESBYPROPERTIES('3tsVEBFyhI3WqnwwCPXxyH',#18,$,$,(#748),#749);
#753= IFCCARTESIANPOINT((-159.40661,35.37409));
#754= IFCCARTESIANPOINT((-163.773672,39.597582));
#755= IFCCARTESIANPOINT((-157.526164,46.05772));
#756= IFCCARTESIANPOINT((-179.703111,67.504619));
#757= IFCCARTESIANPOINT((-195.334227,51.341724));
#758= IFCCARTESIANPOINT((-168.790215,25.671166));
#759= IFCPOLYLINE((#753,#754,#755,#756,#757,#758,#753));
#760= IFCARBITRARYCLOSEDPROFILEDEF(.AREA.,'BoundaryProfile',#759);
#761= IFCCARTESIANPOINT((0.0,0.0,219.411702));
#762= IFCAXIS2PLACEMENT3D(#761,$,$);
#763= IFCDIRECTION((0.0,0.0,1.0));
#764= IFCEXTRUDEDAREASOLID(#760,#762,#763,4.3);
#765= IFCSHAPEREPRESENTATION(#36,'Body','SweptSolid',(#764));
#766= IFCSTYLEDITEM(#764,(#59),$);
#767= IFCPRODUCTDEFINITIONSHAPE($,$,(#765));
#768= IFCAXIS2PLACEMENT3D(#1,$,$);
#769= IFCLOCALPLACEMENT($,#768);
#770= IFCBUILDINGELEMENTPROXY('32OwbU4QVQiDF5f9FsdeLO',#18,'Contextual Building',$,$,#769,#767,$,$);
#771= IFCPROPERTYSET('3Wq8S8jw$O8xf4VlEhBB6h',#18,'Forma Element Properties',$,(#772,#773));
#772= IFCPROPERTYSINGLEVALUE('URN',$,IFCLABEL('urn:adsk-forma-elements:basic:pro_i5ejxrzg17:09c154fa-9828-4740-b356-33d2ac7b5b42+7a892ec1-a113-4800-b290-329976e53afa:1782142332233'),$);
#773= IFCPROPERTYSINGLEVALUE('Key Path',$,IFCLABEL('bd3161c0-0d5f-4676-ad00-0a3c78e1be8c/add3663e'),$);
#774= IFCRELDEFINESBYPROPERTIES('0S9$35QQLIYZCywhV1sGH4',#18,$,$,(#770),#771);
#775= IFCCARTESIANPOINT((254.409859,-9.978021));
#776= IFCCARTESIANPOINT((253.086886,-13.061978));
#777= IFCCARTESIANPOINT((249.752078,-11.631412));
#778= IFCCARTESIANPOINT((247.043206,-17.945702));
#779= IFCCARTESIANPOINT((258.041049,-22.663304));
#780= IFCCARTESIANPOINT((259.296699,-19.736138));
#781= IFCCARTESIANPOINT((260.74967,-16.349007));
#782= IFCCARTESIANPOINT((262.072559,-13.265048));
#783= IFCPOLYLINE((#775,#776,#777,#778,#779,#780,#781,#782,#775));
#784= IFCARBITRARYCLOSEDPROFILEDEF(.AREA.,'BoundaryProfile',#783);
#785= IFCCARTESIANPOINT((0.0,0.0,223.595501));
#786= IFCAXIS2PLACEMENT3D(#785,$,$);
#787= IFCDIRECTION((0.0,0.0,1.0));
#788= IFCEXTRUDEDAREASOLID(#784,#786,#787,4.5);
#789= IFCSHAPEREPRESENTATION(#36,'Body','SweptSolid',(#788));
#790= IFCSTYLEDITEM(#788,(#59),$);
#791= IFCPRODUCTDEFINITIONSHAPE($,$,(#789));
#792= IFCAXIS2PLACEMENT3D(#1,$,$);
#793= IFCLOCALPLACEMENT($,#792);
#794= IFCBUILDINGELEMENTPROXY('05bCMCkg6VsQOzticr_N$U',#18,'Contextual Building',$,$,#793,#791,$,$);
#795= IFCPROPERTYSET('1v1kQEl7Bg9xFBh4MQNUqE',#18,'Forma Element Properties',$,(#796,#797));
#796= IFCPROPERTYSINGLEVALUE('URN',$,IFCLABEL('urn:adsk-forma-elements:basic:pro_i5ejxrzg17:09c154fa-9828-4740-b356-33d2ac7b5b42+a8ee8b66-241b-4db7-afb4-c5063e11fc32:1782142332233'),$);
#797= IFCPROPERTYSINGLEVALUE('Key Path',$,IFCLABEL('bd3161c0-0d5f-4676-ad00-0a3c78e1be8c/bec63c12'),$);
#798= IFCRELDEFINESBYPROPERTIES('3I5cro5XtYtkvqm9LIbxDK',#18,$,$,(#794),#795);
#799= IFCCARTESIANPOINT((253.104529,-31.004556));
#800= IFCCARTESIANPOINT((244.342119,-29.025929));
#801= IFCCARTESIANPOINT((242.458817,-37.366022));
#802= IFCCARTESIANPOINT((251.221316,-39.344571));
#803= IFCPOLYLINE((#799,#800,#801,#802,#799));
#804= IFCARBITRARYCLOSEDPROFILEDEF(.AREA.,'BoundaryProfile',#803);
#805= IFCCARTESIANPOINT((0.0,0.0,223.054082));
#806= IFCAXIS2PLACEMENT3D(#805,$,$);
#807= IFCDIRECTION((0.0,0.0,1.0));
#808= IFCEXTRUDEDAREASOLID(#804,#806,#807,4.6);
#809= IFCSHAPEREPRESENTATION(#36,'Body','SweptSolid',(#808));
#810= IFCSTYLEDITEM(#808,(#59),$);
#811= IFCPRODUCTDEFINITIONSHAPE($,$,(#809));
#812= IFCAXIS2PLACEMENT3D(#1,$,$);
#813= IFCLOCALPLACEMENT($,#812);
#814= IFCBUILDINGELEMENTPROXY('36bmd6rrxRPheRsryKCnix',#18,'Contextual Building',$,$,#813,#811,$,$);
#815= IFCPROPERTYSET('2chCWXs58x$D3p3ZwrEPMN',#18,'Forma Element Properties',$,(#816,#817));
#816= IFCPROPERTYSINGLEVALUE('URN',$,IFCLABEL('urn:adsk-forma-elements:basic:pro_i5ejxrzg17:09c154fa-9828-4740-b356-33d2ac7b5b42+06abe671-1ce0-44b9-b407-1a93e936bc7d:1782142332233'),$);
#817= IFCPROPERTYSINGLEVALUE('Key Path',$,IFCLABEL('bd3161c0-0d5f-4676-ad00-0a3c78e1be8c/89c98630'),$);
#818= IFCRELDEFINESBYPROPERTIES('2oW2kqWnX7d6tKCVIn3c22',#18,$,$,(#814),#815);
#819= IFCCARTESIANPOINT((-95.128109,-49.214966));
#820= IFCCARTESIANPOINT((-111.328296,-35.038952));
#821= IFCCARTESIANPOINT((-125.056283,-50.727183));
#822= IFCCARTESIANPOINT((-108.856089,-64.903165));
#823= IFCPOLYLINE((#819,#820,#821,#822,#819));
#824= IFCARBITRARYCLOSEDPROFILEDEF(.AREA.,'BoundaryProfile',#823);
#825= IFCCARTESIANPOINT((0.0,0.0,222.963707));
#826= IFCAXIS2PLACEMENT3D(#825,$,$);
#827= IFCDIRECTION((0.0,0.0,1.0));
#828= IFCEXTRUDEDAREASOLID(#824,#826,#827,4.3);
#829= IFCSHAPEREPRESENTATION(#36,'Body','SweptSolid',(#828));
#830= IFCSTYLEDITEM(#828,(#59),$);
#831= IFCPRODUCTDEFINITIONSHAPE($,$,(#829));
#832= IFCAXIS2PLACEMENT3D(#1,$,$);
#833= IFCLOCALPLACEMENT($,#832);
#834= IFCBUILDINGELEMENTPROXY('2EM_ZKFXC8nnzFVCn0m71c',#18,'Contextual Building',$,$,#833,#831,$,$);
#835= IFCPROPERTYSET('0RaobrVevhhHE4$dBMMBHv',#18,'Forma Element Properties',$,(#836,#837));
#836= IFCPROPERTYSINGLEVALUE('URN',$,IFCLABEL('urn:adsk-forma-elements:basic:pro_i5ejxrzg17:09c154fa-9828-4740-b356-33d2ac7b5b42+20466ab8-8a26-4244-a19a-ca586fe8544e:1782142332233'),$);
#837= IFCPROPERTYSINGLEVALUE('Key Path',$,IFCLABEL('bd3161c0-0d5f-4676-ad00-0a3c78e1be8c/8279ec70'),$);
#838= IFCRELDEFINESBYPROPERTIES('34LTuwEFTsR42Ae8rtQpuP',#18,$,$,(#834),#835);
#839= IFCCARTESIANPOINT((248.674561,-49.696642));
#840= IFCCARTESIANPOINT((241.069624,-47.497408));
#841= IFCCARTESIANPOINT((238.157657,-57.567741));
#842= IFCCARTESIANPOINT((245.76252,-59.766899));
#843= IFCPOLYLINE((#839,#840,#841,#842,#839));
#844= IFCARBITRARYCLOSEDPROFILEDEF(.AREA.,'BoundaryProfile',#843);
#845= IFCCARTESIANPOINT((0.0,0.0,223.211883));
#846= IFCAXIS2PLACEMENT3D(#845,$,$);
#847= IFCDIRECTION((0.0,0.0,1.0));
#848= IFCEXTRUDEDAREASOLID(#844,#846,#847,4.1);
#849= IFCSHAPEREPRESENTATION(#36,'Body','SweptSolid',(#848));
#850= IFCSTYLEDITEM(#848,(#59),$);
#851= IFCPRODUCTDEFINITIONSHAPE($,$,(#849));
#852= IFCAXIS2PLACEMENT3D(#1,$,$);
#853= IFCLOCALPLACEMENT($,#852);
#854= IFCBUILDINGELEMENTPROXY('06mMSQO8C3ggPpFnAM1E1Z',#18,'Contextual Building',$,$,#853,#851,$,$);
#855= IFCPROPERTYSET('114fJPkSffYlWXY4dpiWPz',#18,'Forma Element Properties',$,(#856,#857));
#856= IFCPROPERTYSINGLEVALUE('URN',$,IFCLABEL('urn:adsk-forma-elements:basic:pro_i5ejxrzg17:09c154fa-9828-4740-b356-33d2ac7b5b42+95b7675f-a7fa-4eab-a604-63756e903f37:1782142332233'),$);
#857= IFCPROPERTYSINGLEVALUE('Key Path',$,IFCLABEL('bd3161c0-0d5f-4676-ad00-0a3c78e1be8c/99cf841a'),$);
#858= IFCRELDEFINESBYPROPERTIES('1QqsrABp7417y2ivtJjEZe',#18,$,$,(#854),#855);
#859= IFCCARTESIANPOINT((-209.948334,-60.246824));
#860= IFCCARTESIANPOINT((-212.966154,-63.813327));
#861= IFCCARTESIANPOINT((-213.123393,-63.686494));
#862= IFCCARTESIANPOINT((-219.47341,-69.242628));
#863= IFCCARTESIANPOINT((-229.330363,-77.86745));
#864= IFCCARTESIANPOINT((-227.281538,-81.413547));
#865= IFCCARTESIANPOINT((-219.473339,-81.413489));
#866= IFCCARTESIANPOINT((-219.473406,-92.261402));
#867= IFCCARTESIANPOINT((-212.064998,-97.817699));
#868= IFCCARTESIANPOINT((-206.244111,-92.261421));
#869= IFCCARTESIANPOINT((-206.244118,-80.090626));
#870= IFCCARTESIANPOINT((-201.217077,-80.090674));
#871= IFCCARTESIANPOINT((-195.075085,-72.831892));
#872= IFCPOLYLINE((#859,#860,#861,#862,#863,#864,#865,#866,#867,#868,#869,#870,#871,#859));
#873= IFCARBITRARYCLOSEDPROFILEDEF(.AREA.,'BoundaryProfile',#872);
#874= IFCCARTESIANPOINT((0.0,0.0,225.794108));
#875= IFCAXIS2PLACEMENT3D(#874,$,$);
#876= IFCDIRECTION((0.0,0.0,1.0));
#877= IFCEXTRUDEDAREASOLID(#873,#875,#876,4.7);
#878= IFCSHAPEREPRESENTATION(#36,'Body','SweptSolid',(#877));
#879= IFCSTYLEDITEM(#877,(#59),$);
#880= IFCPRODUCTDEFINITIONSHAPE($,$,(#878));
#881= IFCAXIS2PLACEMENT3D(#1,$,$);
#882= IFCLOCALPLACEMENT($,#881);
#883= IFCBUILDINGELEMENTPROXY('19Wp78FWfFIvLGxfnJulKU',#18,'Contextual Building',$,$,#882,#880,$,$);
#884= IFCPROPERTYSET('2vNojG4UuCeAhUiDNk$jPO',#18,'Forma Element Properties',$,(#885,#886));
#885= IFCPROPERTYSINGLEVALUE('URN',$,IFCLABEL('urn:adsk-forma-elements:basic:pro_i5ejxrzg17:09c154fa-9828-4740-b356-33d2ac7b5b42+808b4882-db55-4355-8b32-925800581763:1782142332233'),$);
#886= IFCPROPERTYSINGLEVALUE('Key Path',$,IFCLABEL('bd3161c0-0d5f-4676-ad00-0a3c78e1be8c/f06d7ade'),$);
#887= IFCRELDEFINESBYPROPERTIES('1OGiWnPglJizrKmh3cxVYL',#18,$,$,(#883),#884);
#888= IFCCARTESIANPOINT((-123.694075,-164.228245));
#889= IFCCARTESIANPOINT((-148.567984,-143.457229));
#890= IFCCARTESIANPOINT((-157.296201,-153.909486));
#891= IFCCARTESIANPOINT((-132.42212,-174.68055));
#892= IFCPOLYLINE((#888,#889,#890,#891,#888));
#893= IFCARBITRARYCLOSEDPROFILEDEF(.AREA.,'BoundaryProfile',#892);
#894= IFCCARTESIANPOINT((0.0,0.0,223.479355));
#895= IFCAXIS2PLACEMENT3D(#894,$,$);
#896= IFCDIRECTION((0.0,0.0,1.0));
#897= IFCEXTRUDEDAREASOLID(#893,#895,#896,4.0);
#898= IFCSHAPEREPRESENTATION(#36,'Body','SweptSolid',(#897));
#899= IFCSTYLEDITEM(#897,(#59),$);
#900= IFCPRODUCTDEFINITIONSHAPE($,$,(#898));
#901= IFCAXIS2PLACEMENT3D(#1,$,$);
#902= IFCLOCALPLACEMENT($,#901);
#903= IFCBUILDINGELEMENTPROXY('2yUP7V5DcZFUNtA2U6YaIu',#18,'Contextual Building',$,$,#902,#900,$,$);
#904= IFCPROPERTYSET('1NTBLMYrr4GFoaPyb_jXi0',#18,'Forma Element Properties',$,(#905,#906));
#905= IFCPROPERTYSINGLEVALUE('URN',$,IFCLABEL('urn:adsk-forma-elements:basic:pro_i5ejxrzg17:09c154fa-9828-4740-b356-33d2ac7b5b42+536cd152-b51e-41e1-b37d-920f79de128e:1782142332233'),$);
#906= IFCPROPERTYSINGLEVALUE('Key Path',$,IFCLABEL('bd3161c0-0d5f-4676-ad00-0a3c78e1be8c/00582794'),$);
#907= IFCRELDEFINESBYPROPERTIES('15MYEpRffxagyrKE_24N_D',#18,$,$,(#903),#904);
#908= IFCCARTESIANPOINT((224.481379,-152.164084));
#909= IFCCARTESIANPOINT((219.03257,-144.70718));
#910= IFCCARTESIANPOINT((209.642008,-151.569058));
#911= IFCCARTESIANPOINT((212.976212,-156.132196));
#912= IFCCARTESIANPOINT((214.58105,-154.959615));
#913= IFCCARTESIANPOINT((216.695569,-157.85323));
#914= IFCPOLYLINE((#908,#909,#910,#911,#912,#913,#908));
#915= IFCARBITRARYCLOSEDPROFILEDEF(.AREA.,'BoundaryProfile',#914);
#916= IFCCARTESIANPOINT((0.0,0.0,218.478552));
#917= IFCAXIS2PLACEMENT3D(#916,$,$);
#918= IFCDIRECTION((0.0,0.0,1.0));
#919= IFCEXTRUDEDAREASOLID(#915,#917,#918,4.4);
#920= IFCSHAPEREPRESENTATION(#36,'Body','SweptSolid',(#919));
#921= IFCSTYLEDITEM(#919,(#59),$);
#922= IFCPRODUCTDEFINITIONSHAPE($,$,(#920));
#923= IFCAXIS2PLACEMENT3D(#1,$,$);
#924= IFCLOCALPLACEMENT($,#923);
#925= IFCBUILDINGELEMENTPROXY('3iGYx0CqHR5S0MaS21ya3E',#18,'Contextual Building',$,$,#924,#922,$,$);
#926= IFCPROPERTYSET('3Nhy1OGTTfLxu_dUMeWx71',#18,'Forma Element Properties',$,(#927,#928));
#927= IFCPROPERTYSINGLEVALUE('URN',$,IFCLABEL('urn:adsk-forma-elements:basic:pro_i5ejxrzg17:09c154fa-9828-4740-b356-33d2ac7b5b42+94d34062-d1e8-4cba-b3a3-fa3e907ce172:1782142332233'),$);
#928= IFCPROPERTYSINGLEVALUE('Key Path',$,IFCLABEL('bd3161c0-0d5f-4676-ad00-0a3c78e1be8c/0b6e17c8'),$);
#929= IFCRELDEFINESBYPROPERTIES('2KNm6LGTWfVmBNNPAVEQGV',#18,$,$,(#925),#926);
#930= IFCCARTESIANPOINT((179.045562,-182.716817));
#931= IFCCARTESIANPOINT((169.438836,-167.742288));
#932= IFCCARTESIANPOINT((161.265104,-172.985877));
#933= IFCCARTESIANPOINT((170.871904,-187.960505));
#934= IFCPOLYLINE((#930,#931,#932,#933,#930));
#935= IFCARBITRARYCLOSEDPROFILEDEF(.AREA.,'BoundaryProfile',#934);
#936= IFCCARTESIANPOINT((0.0,0.0,212.965491));
#937= IFCAXIS2PLACEMENT3D(#936,$,$);
#938= IFCDIRECTION((0.0,0.0,1.0));
#939= IFCEXTRUDEDAREASOLID(#935,#937,#938,4.2);
#940= IFCSHAPEREPRESENTATION(#36,'Body','SweptSolid',(#939));
#941= IFCSTYLEDITEM(#939,(#59),$);
#942= IFCPRODUCTDEFINITIONSHAPE($,$,(#940));
#943= IFCAXIS2PLACEMENT3D(#1,$,$);
#944= IFCLOCALPLACEMENT($,#943);
#945= IFCBUILDINGELEMENTPROXY('3rxotRvIsJeKaPZGVQkWMn',#18,'Contextual Building',$,$,#944,#942,$,$);
#946= IFCPROPERTYSET('2GGvh21t4l26sqYqImFqEu',#18,'Forma Element Properties',$,(#947,#948));
#947= IFCPROPERTYSINGLEVALUE('URN',$,IFCLABEL('urn:adsk-forma-elements:basic:pro_i5ejxrzg17:09c154fa-9828-4740-b356-33d2ac7b5b42+68de07c6-c1a9-4b86-bfe9-cd1a76c78377:1782142332233'),$);
#948= IFCPROPERTYSINGLEVALUE('Key Path',$,IFCLABEL('bd3161c0-0d5f-4676-ad00-0a3c78e1be8c/55cffe94'),$);
#949= IFCRELDEFINESBYPROPERTIES('3DDMLtaUjkUeNo8z3pPmiv',#18,$,$,(#945),#946);
#950= IFCCARTESIANPOINT((216.015116,232.126692));
#951= IFCCARTESIANPOINT((211.758601,226.043262));
#952= IFCCARTESIANPOINT((218.855809,221.077363));
#953= IFCCARTESIANPOINT((223.11224,227.160719));
#954= IFCPOLYLINE((#950,#951,#952,#953,#950));
#955= IFCARBITRARYCLOSEDPROFILEDEF(.AREA.,'BoundaryProfile',#954);
#956= IFCCARTESIANPOINT((0.0,0.0,230.762064));
#957= IFCAXIS2PLACEMENT3D(#956,$,$);
#958= IFCDIRECTION((0.0,0.0,1.0));
#959= IFCEXTRUDEDAREASOLID(#955,#957,#958,3.0);
#960= IFCSHAPEREPRESENTATION(#36,'Body','SweptSolid',(#959));
#961= IFCSTYLEDITEM(#959,(#59),$);
#962= IFCPRODUCTDEFINITIONSHAPE($,$,(#960));
#963= IFCAXIS2PLACEMENT3D(#1,$,$);
#964= IFCLOCALPLACEMENT($,#963);
#965= IFCBUILDINGELEMENTPROXY('1OV_SKDkips9u3F1VFaVvO',#18,'Contextual Building',$,$,#964,#962,$,$);
#966= IFCPROPERTYSET('1BYdLUe3kybFMHDubCvc0T',#18,'Forma Element Properties',$,(#967,#968));
#967= IFCPROPERTYSINGLEVALUE('URN',$,IFCLABEL('urn:adsk-forma-elements:basic:pro_i5ejxrzg17:09c154fa-9828-4740-b356-33d2ac7b5b42+2ab61d41-8d8f-42ac-8800-ee864efac4b1:1782142332233'),$);
#968= IFCPROPERTYSINGLEVALUE('Key Path',$,IFCLABEL('bd3161c0-0d5f-4676-ad00-0a3c78e1be8c/ef6496ad'),$);
#969= IFCRELDEFINESBYPROPERTIES('3j5csbLGpQ7EqVYgx2KOI1',#18,$,$,(#965),#966);
#970= IFCCARTESIANPOINT((-76.232896,272.27165));
#971= IFCCARTESIANPOINT((-87.06196,274.015653));
#972= IFCCARTESIANPOINT((-88.857302,262.867373));
#973= IFCCARTESIANPOINT((-78.028144,261.123366));
#974= IFCPOLYLINE((#970,#971,#972,#973,#970));
#975= IFCARBITRARYCLOSEDPROFILEDEF(.AREA.,'BoundaryProfile',#974);
#976= IFCCARTESIANPOINT((0.0,0.0,224.363964));
#977= IFCAXIS2PLACEMENT3D(#976,$,$);
#978= IFCDIRECTION((0.0,0.0,1.0));
#979= IFCEXTRUDEDAREASOLID(#975,#977,#978,3.9);
#980= IFCSHAPEREPRESENTATION(#36,'Body','SweptSolid',(#979));
#981= IFCSTYLEDITEM(#979,(#59),$);
#982= IFCPRODUCTDEFINITIONSHAPE($,$,(#980));
#983= IFCAXIS2PLACEMENT3D(#1,$,$);
#984= IFCLOCALPLACEMENT($,#983);
#985= IFCBUILDINGELEMENTPROXY('0rN7VXesBslZxa3azEAJ3E',#18,'Contextual Building',$,$,#984,#982,$,$);
#986= IFCPROPERTYSET('2KeMDea1t3Fy5cOD1ItVM8',#18,'Forma Element Properties',$,(#987,#988));
#987= IFCPROPERTYSINGLEVALUE('URN',$,IFCLABEL('urn:adsk-forma-elements:basic:pro_i5ejxrzg17:09c154fa-9828-4740-b356-33d2ac7b5b42+d0bbc4ab-2cfa-40a4-a58c-7777bc3d07c4:1782142332233'),$);
#988= IFCPROPERTYSINGLEVALUE('Key Path',$,IFCLABEL('bd3161c0-0d5f-4676-ad00-0a3c78e1be8c/f51d9569'),$);
#989= IFCRELDEFINESBYPROPERTIES('1Kv3IL2GVqyDoUf1eXoTlX',#18,$,$,(#985),#986);
#990= IFCCARTESIANPOINT((66.67929,272.769049));
#991= IFCCARTESIANPOINT((62.657712,269.752802));
#992= IFCCARTESIANPOINT((61.514781,271.276714));
#993= IFCCARTESIANPOINT((57.958652,268.609832));
#994= IFCCARTESIANPOINT((59.101583,267.085676));
#995= IFCCARTESIANPOINT((57.281341,265.720574));
#996= IFCCARTESIANPOINT((62.170846,259.201223));
#997= IFCCARTESIANPOINT((63.779594,260.407739));
#998= IFCCARTESIANPOINT((65.748086,257.782878));
#999= IFCCARTESIANPOINT((69.981326,260.957962));
#1000= IFCCARTESIANPOINT((68.012833,263.582739));
#1001= IFCCARTESIANPOINT((71.568798,266.249626));
#1002= IFCPOLYLINE((#990,#991,#992,#993,#994,#995,#996,#997,#998,#999,#1000,#1001,#990));
#1003= IFCARBITRARYCLOSEDPROFILEDEF(.AREA.,'BoundaryProfile',#1002);
#1004= IFCCARTESIANPOINT((0.0,0.0,225.457296));
#1005= IFCAXIS2PLACEMENT3D(#1004,$,$);
#1006= IFCDIRECTION((0.0,0.0,1.0));
#1007= IFCEXTRUDEDAREASOLID(#1003,#1005,#1006,4.1);
#1008= IFCSHAPEREPRESENTATION(#36,'Body','SweptSolid',(#1007));
#1009= IFCSTYLEDITEM(#1007,(#59),$);
#1010= IFCPRODUCTDEFINITIONSHAPE($,$,(#1008));
#1011= IFCAXIS2PLACEMENT3D(#1,$,$);
#1012= IFCLOCALPLACEMENT($,#1011);
#1013= IFCBUILDINGELEMENTPROXY('2lGkLGxazXh4qIsJPVVyDN',#18,'Contextual Building',$,$,#1012,#1010,$,$);
#1014= IFCPROPERTYSET('1zH2oGCFDPHRpbOkm3jdth',#18,'Forma Element Properties',$,(#1015,#1016));
#1015= IFCPROPERTYSINGLEVALUE('URN',$,IFCLABEL('urn:adsk-forma-elements:basic:pro_i5ejxrzg17:09c154fa-9828-4740-b356-33d2ac7b5b42+7cd88db8-9097-4b4d-b6b0-b9209ecbb20c:1782142332233'),$);
#1016= IFCPROPERTYSINGLEVALUE('Key Path',$,IFCLABEL('bd3161c0-0d5f-4676-ad00-0a3c78e1be8c/5d427280'),$);
#1017= IFCRELDEFINESBYPROPERTIES('1MHLl1LfH5UafETNW2pQcI',#18,$,$,(#1013),#1014);
#1018= IFCCARTESIANPOINT((173.007004,268.030317));
#1019= IFCCARTESIANPOINT((165.28258,271.55792));
#1020= IFCCARTESIANPOINT((159.290417,258.436833));
#1021= IFCCARTESIANPOINT((167.014849,254.909219));
#1022= IFCPOLYLINE((#1018,#1019,#1020,#1021,#1018));
#1023= IFCARBITRARYCLOSEDPROFILEDEF(.AREA.,'BoundaryProfile',#1022);
#1024= IFCCARTESIANPOINT((0.0,0.0,228.5975));
#1025= IFCAXIS2PLACEMENT3D(#1024,$,$);
#1026= IFCDIRECTION((0.0,0.0,1.0));
#1027= IFCEXTRUDEDAREASOLID(#1023,#1025,#1026,4.3);
#1028= IFCSHAPEREPRESENTATION(#36,'Body','SweptSolid',(#1027));
#1029= IFCSTYLEDITEM(#1027,(#59),$);
#1030= IFCPRODUCTDEFINITIONSHAPE($,$,(#1028));
#1031= IFCAXIS2PLACEMENT3D(#1,$,$);
#1032= IFCLOCALPLACEMENT($,#1031);
#1033= IFCBUILDINGELEMENTPROXY('1RfcweseyaxQzKoIYPDCjn',#18,'Contextual Building',$,$,#1032,#1030,$,$);
#1034= IFCPROPERTYSET('2grlRvglf925rY7qaRQ0cp',#18,'Forma Element Properties',$,(#1035,#1036));
#1035= IFCPROPERTYSINGLEVALUE('URN',$,IFCLABEL('urn:adsk-forma-elements:basic:pro_i5ejxrzg17:09c154fa-9828-4740-b356-33d2ac7b5b42+1c2229a2-da95-4148-9357-2e21b088831a:1782142332233'),$);
#1036= IFCPROPERTYSINGLEVALUE('Key Path',$,IFCLABEL('bd3161c0-0d5f-4676-ad00-0a3c78e1be8c/7513b4a5'),$);
#1037= IFCRELDEFINESBYPROPERTIES('0OK4a6il2ssWWi8n0AqXLW',#18,$,$,(#1033),#1034);
#1038= IFCCARTESIANPOINT((-62.533068,266.646092));
#1039= IFCCARTESIANPOINT((-71.695405,267.900261));
#1040= IFCCARTESIANPOINT((-73.114376,257.53384));
#1041= IFCCARTESIANPOINT((-63.951946,256.279588));
#1042= IFCPOLYLINE((#1038,#1039,#1040,#1041,#1038));
#1043= IFCARBITRARYCLOSEDPROFILEDEF(.AREA.,'BoundaryProfile',#1042);
#1044= IFCCARTESIANPOINT((0.0,0.0,223.475394));
#1045= IFCAXIS2PLACEMENT3D(#1044,$,$);
#1046= IFCDIRECTION((0.0,0.0,1.0));
#1047= IFCEXTRUDEDAREASOLID(#1043,#1045,#1046,3.6);
#1048= IFCSHAPEREPRESENTATION(#36,'Body','SweptSolid',(#1047));
#1049= IFCSTYLEDITEM(#1047,(#59),$);
#1050= IFCPRODUCTDEFINITIONSHAPE($,$,(#1048));
#1051= IFCAXIS2PLACEMENT3D(#1,$,$);
#1052= IFCLOCALPLACEMENT($,#1051);
#1053= IFCBUILDINGELEMENTPROXY('1UrUZKS5FUJEtyFXGoCaab',#18,'Contextual Building',$,$,#1052,#1050,$,$);
#1054= IFCPROPERTYSET('1S$CQydhHZNLv9Tqj_JuJM',#18,'Forma Element Properties',$,(#1055,#1056));
#1055= IFCPROPERTYSINGLEVALUE('URN',$,IFCLABEL('urn:adsk-forma-elements:basic:pro_i5ejxrzg17:09c154fa-9828-4740-b356-33d2ac7b5b42+db5060ed-7c3b-4368-9c4c-38945c39e7f6:1782142332233'),$);
#1056= IFCPROPERTYSINGLEVALUE('Key Path',$,IFCLABEL('bd3161c0-0d5f-4676-ad00-0a3c78e1be8c/77730898'),$);
#1057= IFCRELDEFINESBYPROPERTIES('1racwhyMTUfZzyS4TlSjep',#18,$,$,(#1053),#1054);
#1058= IFCCARTESIANPOINT((-151.84054,265.725316));
#1059= IFCCARTESIANPOINT((-163.530936,263.508379));
#1060= IFCCARTESIANPOINT((-161.898919,254.902669));
#1061= IFCCARTESIANPOINT((-150.486581,257.066807));
#1062= IFCCARTESIANPOINT((-149.350345,251.075998));
#1063= IFCCARTESIANPOINT((-142.615981,252.35304));
#1064= IFCCARTESIANPOINT((-144.79932,263.866011));
#1065= IFCCARTESIANPOINT((-151.25577,262.641694));
#1066= IFCPOLYLINE((#1058,#1059,#1060,#1061,#1062,#1063,#1064,#1065,#1058));
#1067= IFCARBITRARYCLOSEDPROFILEDEF(.AREA.,'BoundaryProfile',#1066);
#1068= IFCCARTESIANPOINT((0.0,0.0,222.888908));
#1069= IFCAXIS2PLACEMENT3D(#1068,$,$);
#1070= IFCDIRECTION((0.0,0.0,1.0));
#1071= IFCEXTRUDEDAREASOLID(#1067,#1069,#1070,3.4);
#1072= IFCSHAPEREPRESENTATION(#36,'Body','SweptSolid',(#1071));
#1073= IFCSTYLEDITEM(#1071,(#59),$);
#1074= IFCPRODUCTDEFINITIONSHAPE($,$,(#1072));
#1075= IFCAXIS2PLACEMENT3D(#1,$,$);
#1076= IFCLOCALPLACEMENT($,#1075);
#1077= IFCBUILDINGELEMENTPROXY('3wks_PifwYnCTpFOaI2kiJ',#18,'Contextual Building',$,$,#1076,#1074,$,$);
#1078= IFCPROPERTYSET('0oRSQhKjjz_ScxG9aNr3BZ',#18,'Forma Element Properties',$,(#1079,#1080));
#1079= IFCPROPERTYSINGLEVALUE('URN',$,IFCLABEL('urn:adsk-forma-elements:basic:pro_i5ejxrzg17:09c154fa-9828-4740-b356-33d2ac7b5b42+ce0474dd-63db-4b8e-bbbc-cbdd028d8810:1782142332233'),$);
#1080= IFCPROPERTYSINGLEVALUE('Key Path',$,IFCLABEL('bd3161c0-0d5f-4676-ad00-0a3c78e1be8c/51579db0'),$);
#1081= IFCRELDEFINESBYPROPERTIES('3XXnH91cqVru4JBYkEotWk',#18,$,$,(#1077),#1078);
#1082= IFCCARTESIANPOINT((-215.71771,225.057374));
#1083= IFCCARTESIANPOINT((-224.748206,235.779192));
#1084= IFCCARTESIANPOINT((-231.532646,230.064735));
#1085= IFCCARTESIANPOINT((-222.501989,219.343066));
#1086= IFCPOLYLINE((#1082,#1083,#1084,#1085,#1082));
#1087= IFCARBITRARYCLOSEDPROFILEDEF(.AREA.,'BoundaryProfile',#1086);
#1088= IFCCARTESIANPOINT((0.0,0.0,222.659291));
#1089= IFCAXIS2PLACEMENT3D(#1088,$,$);
#1090= IFCDIRECTION((0.0,0.0,1.0));
#1091= IFCEXTRUDEDAREASOLID(#1087,#1089,#1090,4.3);
#1092= IFCSHAPEREPRESENTATION(#36,'Body','SweptSolid',(#1091));
#1093= IFCSTYLEDITEM(#1091,(#59),$);
#1094= IFCPRODUCTDEFINITIONSHAPE($,$,(#1092));
#1095= IFCAXIS2PLACEMENT3D(#1,$,$);
#1096= IFCLOCALPLACEMENT($,#1095);
#1097= IFCBUILDINGELEMENTPROXY('1Dz5171IOgI4_mssqVZda5',#18,'Contextual Building',$,$,#1096,#1094,$,$);
#1098= IFCPROPERTYSET('2FkjyDs885ArSoK5OC03a7',#18,'Forma Element Properties',$,(#1099,#1100));
#1099= IFCPROPERTYSINGLEVALUE('URN',$,IFCLABEL('urn:adsk-forma-elements:basic:pro_i5ejxrzg17:09c154fa-9828-4740-b356-33d2ac7b5b42+b326cf95-ef15-4916-854e-c7d6a2f21973:1782142332233'),$);
#1100= IFCPROPERTYSINGLEVALUE('Key Path',$,IFCLABEL('bd3161c0-0d5f-4676-ad00-0a3c78e1be8c/ec308fa4'),$);
#1101= IFCRELDEFINESBYPROPERTIES('3bjoM8$0sJ6FLK$iv0BdK_',#18,$,$,(#1097),#1098);
#1102= IFCCARTESIANPOINT((-169.9925,235.331474));
#1103= IFCCARTESIANPOINT((-175.017901,228.356876));
#1104= IFCCARTESIANPOINT((-171.402367,225.751765));
#1105= IFCCARTESIANPOINT((-172.735299,223.901762));
#1106= IFCCARTESIANPOINT((-166.349623,219.300635));
#1107= IFCCARTESIANPOINT((-159.383296,228.96898));
#1108= IFCCARTESIANPOINT((-165.769051,233.570015));
#1109= IFCCARTESIANPOINT((-166.376968,232.726366));
#1110= IFCPOLYLINE((#1102,#1103,#1104,#1105,#1106,#1107,#1108,#1109,#1102));
#1111= IFCARBITRARYCLOSEDPROFILEDEF(.AREA.,'BoundaryProfile',#1110);
#1112= IFCCARTESIANPOINT((0.0,0.0,221.930011));
#1113= IFCAXIS2PLACEMENT3D(#1112,$,$);
#1114= IFCDIRECTION((0.0,0.0,1.0));
#1115= IFCEXTRUDEDAREASOLID(#1111,#1113,#1114,3.6);
#1116= IFCSHAPEREPRESENTATION(#36,'Body','SweptSolid',(#1115));
#1117= IFCSTYLEDITEM(#1115,(#59),$);
#1118= IFCPRODUCTDEFINITIONSHAPE($,$,(#1116));
#1119= IFCAXIS2PLACEMENT3D(#1,$,$);
#1120= IFCLOCALPLACEMENT($,#1119);
#1121= IFCBUILDINGELEMENTPROXY('02QaLeq_gKWU8ZqQ_TqxFv',#18,'Contextual Building',$,$,#1120,#1118,$,$);
#1122= IFCPROPERTYSET('2G4O9AlSr_yFpWqKFjyHKR',#18,'Forma Element Properties',$,(#1123,#1124));
#1123= IFCPROPERTYSINGLEVALUE('URN',$,IFCLABEL('urn:adsk-forma-elements:basic:pro_i5ejxrzg17:09c154fa-9828-4740-b356-33d2ac7b5b42+52a7a9dc-c2b1-479e-855c-ccdfb7ca0d06:1782142332233'),$);
#1124= IFCPROPERTYSINGLEVALUE('Key Path',$,IFCLABEL('bd3161c0-0d5f-4676-ad00-0a3c78e1be8c/0784bfac'),$);
#1125= IFCRELDEFINESBYPROPERTIES('38BYynH8manCUIknSpjLQw',#18,$,$,(#1121),#1122);
#1126= IFCCARTESIANPOINT((20.924154,227.522693));
#1127= IFCCARTESIANPOINT((13.757862,232.880354));
#1128= IFCCARTESIANPOINT((7.682408,224.754152));
#1129= IFCCARTESIANPOINT((8.725645,223.974194));
#1130= IFCCARTESIANPOINT((7.296216,222.062375));
#1131= IFCCARTESIANPOINT((13.419356,217.484497));
#1132= IFCPOLYLINE((#1126,#1127,#1128,#1129,#1130,#1131,#1126));
#1133= IFCARBITRARYCLOSEDPROFILEDEF(.AREA.,'BoundaryProfile',#1132);
#1134= IFCCARTESIANPOINT((0.0,0.0,226.066911));
#1135= IFCAXIS2PLACEMENT3D(#1134,$,$);
#1136= IFCDIRECTION((0.0,0.0,1.0));
#1137= IFCEXTRUDEDAREASOLID(#1133,#1135,#1136,4.4);
#1138= IFCSHAPEREPRESENTATION(#36,'Body','SweptSolid',(#1137));
#1139= IFCSTYLEDITEM(#1137,(#59),$);
#1140= IFCPRODUCTDEFINITIONSHAPE($,$,(#1138));
#1141= IFCAXIS2PLACEMENT3D(#1,$,$);
#1142= IFCLOCALPLACEMENT($,#1141);
#1143= IFCBUILDINGELEMENTPROXY('2ZxWtvGw4zpckrUmTAd668',#18,'Contextual Building',$,$,#1142,#1140,$,$);
#1144= IFCPROPERTYSET('3JpJS$vPcy2QGZ32wXU69Z',#18,'Forma Element Properties',$,(#1145,#1146));
#1145= IFCPROPERTYSINGLEVALUE('URN',$,IFCLABEL('urn:adsk-forma-elements:basic:pro_i5ejxrzg17:09c154fa-9828-4740-b356-33d2ac7b5b42+825e6c56-f7c0-4656-98af-64427edd8bf7:1782142332233'),$);
#1146= IFCPROPERTYSINGLEVALUE('Key Path',$,IFCLABEL('bd3161c0-0d5f-4676-ad00-0a3c78e1be8c/4bcf49af'),$);
#1147= IFCRELDEFINESBYPROPERTIES('3GOrTU0F9nmj5vyhc51het',#18,$,$,(#1143),#1144);
#1148= IFCCARTESIANPOINT((-37.747549,224.451544));
#1149= IFCCARTESIANPOINT((-46.815756,230.771444));
#1150= IFCCARTESIANPOINT((-53.161139,221.666628));
#1151= IFCCARTESIANPOINT((-44.092927,215.346715));
#1152= IFCPOLYLINE((#1148,#1149,#1150,#1151,#1148));
#1153= IFCARBITRARYCLOSEDPROFILEDEF(.AREA.,'BoundaryProfile',#1152);
#1154= IFCCARTESIANPOINT((0.0,0.0,222.566161));
#1155= IFCAXIS2PLACEMENT3D(#1154,$,$);
#1156= IFCDIRECTION((0.0,0.0,1.0));
#1157= IFCEXTRUDEDAREASOLID(#1153,#1155,#1156,3.6);
#1158= IFCSHAPEREPRESENTATION(#36,'Body','SweptSolid',(#1157));
#1159= IFCSTYLEDITEM(#1157,(#59),$);
#1160= IFCPRODUCTDEFINITIONSHAPE($,$,(#1158));
#1161= IFCAXIS2PLACEMENT3D(#1,$,$);
#1162= IFCLOCALPLACEMENT($,#1161);
#1163= IFCBUILDINGELEMENTPROXY('0lsnf4i$VSFp8ozyVzzXYq',#18,'Contextual Building',$,$,#1162,#1160,$,$);
#1164= IFCPROPERTYSET('371I$Lwc4louNsWXGdZpnH',#18,'Forma Element Properties',$,(#1165,#1166));
#1165= IFCPROPERTYSINGLEVALUE('URN',$,IFCLABEL('urn:adsk-forma-elements:basic:pro_i5ejxrzg17:09c154fa-9828-4740-b356-33d2ac7b5b42+698b705c-c91b-453d-9b5b-9472de584317:1782142332233'),$);
#1166= IFCPROPERTYSINGLEVALUE('Key Path',$,IFCLABEL('bd3161c0-0d5f-4676-ad00-0a3c78e1be8c/5b72a724'),$);
#1167= IFCRELDEFINESBYPROPERTIES('10vACXfhbuldI_pdhd9mUO',#18,$,$,(#1163),#1164);
#1168= IFCCARTESIANPOINT((246.44968,218.259146));
#1169= IFCCARTESIANPOINT((232.281656,224.916473));
#1170= IFCCARTESIANPOINT((227.998476,215.801323));
#1171= IFCCARTESIANPOINT((242.166511,209.143901));
#1172= IFCPOLYLINE((#1168,#1169,#1170,#1171,#1168));
#1173= IFCARBITRARYCLOSEDPROFILEDEF(.AREA.,'BoundaryProfile',#1172);
#1174= IFCCARTESIANPOINT((0.0,0.0,229.688939));
#1175= IFCAXIS2PLACEMENT3D(#1174,$,$);
#1176= IFCDIRECTION((0.0,0.0,1.0));
#1177= IFCEXTRUDEDAREASOLID(#1173,#1175,#1176,4.1);
#1178= IFCSHAPEREPRESENTATION(#36,'Body','SweptSolid',(#1177));
#1179= IFCSTYLEDITEM(#1177,(#59),$);
#1180= IFCPRODUCTDEFINITIONSHAPE($,$,(#1178));
#1181= IFCAXIS2PLACEMENT3D(#1,$,$);
#1182= IFCLOCALPLACEMENT($,#1181);
#1183= IFCBUILDINGELEMENTPROXY('0LeX8GpV$CqDL3vU5ehyto',#18,'Contextual Building',$,$,#1182,#1180,$,$);
#1184= IFCPROPERTYSET('2N8iSYXl_P7BNdcEs82w1s',#18,'Forma Element Properties',$,(#1185,#1186));
#1185= IFCPROPERTYSINGLEVALUE('URN',$,IFCLABEL('urn:adsk-forma-elements:basic:pro_i5ejxrzg17:09c154fa-9828-4740-b356-33d2ac7b5b42+757fff90-bf17-45f2-a1ee-98a92069a783:1782142332233'),$);
#1186= IFCPROPERTYSINGLEVALUE('Key Path',$,IFCLABEL('bd3161c0-0d5f-4676-ad00-0a3c78e1be8c/28eb49de'),$);
#1187= IFCRELDEFINESBYPROPERTIES('1E2W1SLKqgcZfNeDIejIpd',#18,$,$,(#1183),#1184);
#1188= IFCCARTESIANPOINT((-146.661393,214.154436));
#1189= IFCCARTESIANPOINT((-152.328207,217.867552));
#1190= IFCCARTESIANPOINT((-150.969792,219.940773));
#1191= IFCCARTESIANPOINT((-154.840091,222.476666));
#1192= IFCCARTESIANPOINT((-161.110428,212.907001));
#1193= IFCCARTESIANPOINT((-151.573228,206.6579));
#1194= IFCPOLYLINE((#1188,#1189,#1190,#1191,#1192,#1193,#1188));
#1195= IFCARBITRARYCLOSEDPROFILEDEF(.AREA.,'BoundaryProfile',#1194);
#1196= IFCCARTESIANPOINT((0.0,0.0,221.174269));
#1197= IFCAXIS2PLACEMENT3D(#1196,$,$);
#1198= IFCDIRECTION((0.0,0.0,1.0));
#1199= IFCEXTRUDEDAREASOLID(#1195,#1197,#1198,4.0);
#1200= IFCSHAPEREPRESENTATION(#36,'Body','SweptSolid',(#1199));
#1201= IFCSTYLEDITEM(#1199,(#59),$);
#1202= IFCPRODUCTDEFINITIONSHAPE($,$,(#1200));
#1203= IFCAXIS2PLACEMENT3D(#1,$,$);
#1204= IFCLOCALPLACEMENT($,#1203);
#1205= IFCBUILDINGELEMENTPROXY('38J_phJ65PyRREFU7ICaqH',#18,'Contextual Building',$,$,#1204,#1202,$,$);
#1206= IFCPROPERTYSET('2y5pTfjlhJHNgGzaGnAGvN',#18,'Forma Element Properties',$,(#1207,#1208));
#1207= IFCPROPERTYSINGLEVALUE('URN',$,IFCLABEL('urn:adsk-forma-elements:basic:pro_i5ejxrzg17:09c154fa-9828-4740-b356-33d2ac7b5b42+f3ee7165-dd4d-42f8-a3bf-3d64ee670dbc:1782142332233'),$);
#1208= IFCPROPERTYSINGLEVALUE('Key Path',$,IFCLABEL('bd3161c0-0d5f-4676-ad00-0a3c78e1be8c/2f7d851f'),$);
#1209= IFCRELDEFINESBYPROPERTIES('28AzUfIrgVV_nLAHp72CZU',#18,$,$,(#1205),#1206);
#1210= IFCCARTESIANPOINT((-53.273685,212.259843));
#1211= IFCCARTESIANPOINT((-60.968806,216.762697));
#1212= IFCCARTESIANPOINT((-66.452372,207.391438));
#1213= IFCCARTESIANPOINT((-58.757328,202.888655));
#1214= IFCPOLYLINE((#1210,#1211,#1212,#1213,#1210));
#1215= IFCARBITRARYCLOSEDPROFILEDEF(.AREA.,'BoundaryProfile',#1214);
#1216= IFCCARTESIANPOINT((0.0,0.0,222.155019));
#1217= IFCAXIS2PLACEMENT3D(#1216,$,$);
#1218= IFCDIRECTION((0.0,0.0,1.0));
#1219= IFCEXTRUDEDAREASOLID(#1215,#1217,#1218,4.1);
#1220= IFCSHAPEREPRESENTATION(#36,'Body','SweptSolid',(#1219));
#1221= IFCSTYLEDITEM(#1219,(#59),$);
#1222= IFCPRODUCTDEFINITIONSHAPE($,$,(#1220));
#1223= IFCAXIS2PLACEMENT3D(#1,$,$);
#1224= IFCLOCALPLACEMENT($,#1223);
#1225= IFCBUILDINGELEMENTPROXY('1ynjOjRY$nl9LAcYXYdrg6',#18,'Contextual Building',$,$,#1224,#1222,$,$);
#1226= IFCPROPERTYSET('1YenJyXTx_NEjHOAG9MyrN',#18,'Forma Element Properties',$,(#1227,#1228));
#1227= IFCPROPERTYSINGLEVALUE('URN',$,IFCLABEL('urn:adsk-forma-elements:basic:pro_i5ejxrzg17:09c154fa-9828-4740-b356-33d2ac7b5b42+2eb9580b-5141-4b91-8ef1-93551c4e4216:1782142332233'),$);
#1228= IFCPROPERTYSINGLEVALUE('Key Path',$,IFCLABEL('bd3161c0-0d5f-4676-ad00-0a3c78e1be8c/31172919'),$);
#1229= IFCRELDEFINESBYPROPERTIES('1a6l_a7QthuQSsR_P5OFyE',#18,$,$,(#1225),#1226);
#1230= IFCCARTESIANPOINT((240.281382,204.463032));
#1231= IFCCARTESIANPOINT((225.705543,210.54317));
#1232= IFCCARTESIANPOINT((221.730241,201.013171));
#1233= IFCCARTESIANPOINT((236.306092,194.933102));
#1234= IFCPOLYLINE((#1230,#1231,#1232,#1233,#1230));
#1235= IFCARBITRARYCLOSEDPROFILEDEF(.AREA.,'BoundaryProfile',#1234);
#1236= IFCCARTESIANPOINT((0.0,0.0,228.739154));
#1237= IFCAXIS2PLACEMENT3D(#1236,$,$);
#1238= IFCDIRECTION((0.0,0.0,1.0));
#1239= IFCEXTRUDEDAREASOLID(#1235,#1237,#1238,4.0);
#1240= IFCSHAPEREPRESENTATION(#36,'Body','SweptSolid',(#1239));
#1241= IFCSTYLEDITEM(#1239,(#59),$);
#1242= IFCPRODUCTDEFINITIONSHAPE($,$,(#1240));
#1243= IFCAXIS2PLACEMENT3D(#1,$,$);
#1244= IFCLOCALPLACEMENT($,#1243);
#1245= IFCBUILDINGELEMENTPROXY('2LKTnBSB4BeZf0RXRzyBbu',#18,'Contextual Building',$,$,#1244,#1242,$,$);
#1246= IFCPROPERTYSET('1bQ4dltpPBdQanyCIKf9AF',#18,'Forma Element Properties',$,(#1247,#1248));
#1247= IFCPROPERTYSINGLEVALUE('URN',$,IFCLABEL('urn:adsk-forma-elements:basic:pro_i5ejxrzg17:09c154fa-9828-4740-b356-33d2ac7b5b42+6f772528-13c6-4166-b942-af978fa14ee0:1782142332233'),$);
#1248= IFCPROPERTYSINGLEVALUE('Key Path',$,IFCLABEL('bd3161c0-0d5f-4676-ad00-0a3c78e1be8c/ea05b283'),$);
#1249= IFCRELDEFINESBYPROPERTIES('0dVZRiGqqs1im9_T4yi2lc',#18,$,$,(#1245),#1246);
#1250= IFCCARTESIANPOINT((-184.57658,190.378404));
#1251= IFCCARTESIANPOINT((-194.88065,200.64604));
#1252= IFCCARTESIANPOINT((-201.721796,193.780557));
#1253= IFCCARTESIANPOINT((-191.417644,183.512987));
#1254= IFCPOLYLINE((#1250,#1251,#1252,#1253,#1250));
#1255= IFCARBITRARYCLOSEDPROFILEDEF(.AREA.,'BoundaryProfile',#1254);
#1256= IFCCARTESIANPOINT((0.0,0.0,219.644145));
#1257= IFCAXIS2PLACEMENT3D(#1256,$,$);
#1258= IFCDIRECTION((0.0,0.0,1.0));
#1259= IFCEXTRUDEDAREASOLID(#1255,#1257,#1258,3.8);
#1260= IFCSHAPEREPRESENTATION(#36,'Body','SweptSolid',(#1259));
#1261= IFCSTYLEDITEM(#1259,(#59),$);
#1262= IFCPRODUCTDEFINITIONSHAPE($,$,(#1260));
#1263= IFCAXIS2PLACEMENT3D(#1,$,$);
#1264= IFCLOCALPLACEMENT($,#1263);
#1265= IFCBUILDINGELEMENTPROXY('3QKd0F4kzolpi_YAj_jRZf',#18,'Contextual Building',$,$,#1264,#1262,$,$);
#1266= IFCPROPERTYSET('3ksngMNjrs9oAu_Wxt4L1g',#18,'Forma Element Properties',$,(#1267,#1268));
#1267= IFCPROPERTYSINGLEVALUE('URN',$,IFCLABEL('urn:adsk-forma-elements:basic:pro_i5ejxrzg17:09c154fa-9828-4740-b356-33d2ac7b5b42+ba0bc23e-beee-4946-a48b-64219a999b79:1782142332233'),$);
#1268= IFCPROPERTYSINGLEVALUE('Key Path',$,IFCLABEL('bd3161c0-0d5f-4676-ad00-0a3c78e1be8c/f9d3f08b'),$);
#1269= IFCRELDEFINESBYPROPERTIES('2XMEOM9$l7puXuOb8KVQRw',#18,$,$,(#1265),#1266);
#1270= IFCCARTESIANPOINT((85.634267,195.237049));
#1271= IFCCARTESIANPOINT((77.195986,200.063315));
#1272= IFCCARTESIANPOINT((72.765532,192.316773));
#1273= IFCCARTESIANPOINT((81.203655,187.490579));
#1274= IFCPOLYLINE((#1270,#1271,#1272,#1273,#1270));
#1275= IFCARBITRARYCLOSEDPROFILEDEF(.AREA.,'BoundaryProfile',#1274);
#1276= IFCCARTESIANPOINT((0.0,0.0,224.203009));
#1277= IFCAXIS2PLACEMENT3D(#1276,$,$);
#1278= IFCDIRECTION((0.0,0.0,1.0));
#1279= IFCEXTRUDEDAREASOLID(#1275,#1277,#1278,3.9);
#1280= IFCSHAPEREPRESENTATION(#36,'Body','SweptSolid',(#1279));
#1281= IFCSTYLEDITEM(#1279,(#59),$);
#1282= IFCPRODUCTDEFINITIONSHAPE($,$,(#1280));
#1283= IFCAXIS2PLACEMENT3D(#1,$,$);
#1284= IFCLOCALPLACEMENT($,#1283);
#1285= IFCBUILDINGELEMENTPROXY('1wtDwNaIRll8c2TE6IclKl',#18,'Contextual Building',$,$,#1284,#1282,$,$);
#1286= IFCPROPERTYSET('0U5AYEMDLeky8DOqByD5Ja',#18,'Forma Element Properties',$,(#1287,#1288));
#1287= IFCPROPERTYSINGLEVALUE('URN',$,IFCLABEL('urn:adsk-forma-elements:basic:pro_i5ejxrzg17:09c154fa-9828-4740-b356-33d2ac7b5b42+e4ba3949-8c57-44bb-be46-4c5259c87936:1782142332233'),$);
#1288= IFCPROPERTYSINGLEVALUE('Key Path',$,IFCLABEL('bd3161c0-0d5f-4676-ad00-0a3c78e1be8c/231f0c73'),$);
#1289= IFCRELDEFINESBYPROPERTIES('20poE8yV0szErPniZIpw11',#18,$,$,(#1285),#1286);
#1290= IFCCARTESIANPOINT((-62.182105,194.998774));
#1291= IFCCARTESIANPOINT((-68.825051,199.382537));
#1292= IFCCARTESIANPOINT((-76.021321,188.478203));
#1293= IFCCARTESIANPOINT((-69.378452,184.094267));
#1294= IFCPOLYLINE((#1290,#1291,#1292,#1293,#1290));
#1295= IFCARBITRARYCLOSEDPROFILEDEF(.AREA.,'BoundaryProfile',#1294);
#1296= IFCCARTESIANPOINT((0.0,0.0,221.054869));
#1297= IFCAXIS2PLACEMENT3D(#1296,$,$);
#1298= IFCDIRECTION((0.0,0.0,1.0));
#1299= IFCEXTRUDEDAREASOLID(#1295,#1297,#1298,4.0);
#1300= IFCSHAPEREPRESENTATION(#36,'Body','SweptSolid',(#1299));
#1301= IFCSTYLEDITEM(#1299,(#59),$);
#1302= IFCPRODUCTDEFINITIONSHAPE($,$,(#1300));
#1303= IFCAXIS2PLACEMENT3D(#1,$,$);
#1304= IFCLOCALPLACEMENT($,#1303);
#1305= IFCBUILDINGELEMENTPROXY('3Zd_$E_MpwDkDtJdMiI2Pt',#18,'Contextual Building',$,$,#1304,#1302,$,$);
#1306= IFCPROPERTYSET('1lvDJwLVuQ2q48i51tK25c',#18,'Forma Element Properties',$,(#1307,#1308));
#1307= IFCPROPERTYSINGLEVALUE('URN',$,IFCLABEL('urn:adsk-forma-elements:basic:pro_i5ejxrzg17:09c154fa-9828-4740-b356-33d2ac7b5b42+7bb14f5d-70ae-4e6e-83d8-01c6b7e5bc54:1782142332233'),$);
#1308= IFCPROPERTYSINGLEVALUE('Key Path',$,IFCLABEL('bd3161c0-0d5f-4676-ad00-0a3c78e1be8c/ba92ea1f'),$);
#1309= IFCRELDEFINESBYPROPERTIES('2CmuZO$a_MSNDsd9G90sAA',#18,$,$,(#1305),#1306);
#1310= IFCCARTESIANPOINT((99.879299,187.139146));
#1311= IFCCARTESIANPOINT((91.661166,192.532214));
#1312= IFCCARTESIANPOINT((86.385475,184.493284));
#1313= IFCCARTESIANPOINT((94.603775,179.100043));
#1314= IFCPOLYLINE((#1310,#1311,#1312,#1313,#1310));
#1315= IFCARBITRARYCLOSEDPROFILEDEF(.AREA.,'BoundaryProfile',#1314);
#1316= IFCCARTESIANPOINT((0.0,0.0,224.203943));
#1317= IFCAXIS2PLACEMENT3D(#1316,$,$);
#1318= IFCDIRECTION((0.0,0.0,1.0));
#1319= IFCEXTRUDEDAREASOLID(#1315,#1317,#1318,4.6);
#1320= IFCSHAPEREPRESENTATION(#36,'Body','SweptSolid',(#1319));
#1321= IFCSTYLEDITEM(#1319,(#59),$);
#1322= IFCPRODUCTDEFINITIONSHAPE($,$,(#1320));
#1323= IFCAXIS2PLACEMENT3D(#1,$,$);
#1324= IFCLOCALPLACEMENT($,#1323);
#1325= IFCBUILDINGELEMENTPROXY('1KSAP$Q5Oez1k1a70V6Zhy',#18,'Contextual Building',$,$,#1324,#1322,$,$);
#1326= IFCPROPERTYSET('1oJLeEhWnGnDSLWhrKcBsD',#18,'Forma Element Properties',$,(#1327,#1328));
#1327= IFCPROPERTYSINGLEVALUE('URN',$,IFCLABEL('urn:adsk-forma-elements:basic:pro_i5ejxrzg17:09c154fa-9828-4740-b356-33d2ac7b5b42+6e7b6c2c-6ad9-4e55-845b-7bcb3b1fb648:1782142332233'),$);
#1328= IFCPROPERTYSINGLEVALUE('Key Path',$,IFCLABEL('bd3161c0-0d5f-4676-ad00-0a3c78e1be8c/b46d1fd5'),$);
#1329= IFCRELDEFINESBYPROPERTIES('0dEA4XgELF9YL6v_U7BeUc',#18,$,$,(#1325),#1326);
#1330= IFCCARTESIANPOINT((-72.983221,176.135572));
#1331= IFCCARTESIANPOINT((-78.226392,186.485094));
#1332= IFCCARTESIANPOINT((-91.059377,179.983698));
#1333= IFCCARTESIANPOINT((-89.965902,177.825286));
#1334= IFCCARTESIANPOINT((-94.873755,175.338954));
#1335= IFCCARTESIANPOINT((-90.724154,167.147744));
#1336= IFCPOLYLINE((#1330,#1331,#1332,#1333,#1334,#1335,#1330));
#1337= IFCARBITRARYCLOSEDPROFILEDEF(.AREA.,'BoundaryProfile',#1336);
#1338= IFCCARTESIANPOINT((0.0,0.0,220.516789));
#1339= IFCAXIS2PLACEMENT3D(#1338,$,$);
#1340= IFCDIRECTION((0.0,0.0,1.0));
#1341= IFCEXTRUDEDAREASOLID(#1337,#1339,#1340,3.5);
#1342= IFCSHAPEREPRESENTATION(#36,'Body','SweptSolid',(#1341));
#1343= IFCSTYLEDITEM(#1341,(#59),$);
#1344= IFCPRODUCTDEFINITIONSHAPE($,$,(#1342));
#1345= IFCAXIS2PLACEMENT3D(#1,$,$);
#1346= IFCLOCALPLACEMENT($,#1345);
#1347= IFCBUILDINGELEMENTPROXY('0FDdnCPzZrqkqw3yT$Dh48',#18,'Contextual Building',$,$,#1346,#1344,$,$);
#1348= IFCPROPERTYSET('3HgM7CKWpUsrzD_BPIG4lF',#18,'Forma Element Properties',$,(#1349,#1350));
#1349= IFCPROPERTYSINGLEVALUE('URN',$,IFCLABEL('urn:adsk-forma-elements:basic:pro_i5ejxrzg17:09c154fa-9828-4740-b356-33d2ac7b5b42+9acbc920-fae4-4a63-9e33-7d90d3850626:1782142332233'),$);
#1350= IFCPROPERTYSINGLEVALUE('Key Path',$,IFCLABEL('bd3161c0-0d5f-4676-ad00-0a3c78e1be8c/a79afc0d'),$);
#1351= IFCRELDEFINESBYPROPERTIES('3qmrm8VStI$_NY644UEw0C',#18,$,$,(#1347),#1348);
#1352= IFCCARTESIANPOINT((-170.593032,174.556371));
#1353= IFCCARTESIANPOINT((-180.982026,184.445967));
#1354= IFCCARTESIANPOINT((-187.435783,177.666344));
#1355= IFCCARTESIANPOINT((-177.046708,167.776652));
#1356= IFCPOLYLINE((#1352,#1353,#1354,#1355,#1352));
#1357= IFCARBITRARYCLOSEDPROFILEDEF(.AREA.,'BoundaryProfile',#1356);
#1358= IFCCARTESIANPOINT((0.0,0.0,217.724611));
#1359= IFCAXIS2PLACEMENT3D(#1358,$,$);
#1360= IFCDIRECTION((0.0,0.0,1.0));
#1361= IFCEXTRUDEDAREASOLID(#1357,#1359,#1360,4.2);
#1362= IFCSHAPEREPRESENTATION(#36,'Body','SweptSolid',(#1361));
#1363= IFCSTYLEDITEM(#1361,(#59),$);
#1364= IFCPRODUCTDEFINITIONSHAPE($,$,(#1362));
#1365= IFCAXIS2PLACEMENT3D(#1,$,$);
#1366= IFCLOCALPLACEMENT($,#1365);
#1367= IFCBUILDINGELEMENTPROXY('2ee6zEZTfUsPvUHRS4qyHe',#18,'Contextual Building',$,$,#1366,#1364,$,$);
#1368= IFCPROPERTYSET('1mDHy9quCmQ26_RHmij7ts',#18,'Forma Element Properties',$,(#1369,#1370));
#1369= IFCPROPERTYSINGLEVALUE('URN',$,IFCLABEL('urn:adsk-forma-elements:basic:pro_i5ejxrzg17:09c154fa-9828-4740-b356-33d2ac7b5b42+5e962395-581c-47bc-aa20-301a32094576:1782142332233'),$);
#1370= IFCPROPERTYSINGLEVALUE('Key Path',$,IFCLABEL('bd3161c0-0d5f-4676-ad00-0a3c78e1be8c/c0aba782'),$);
#1371= IFCRELDEFINESBYPROPERTIES('3wKJCw8_0tsQDMOIsmK8Ql',#18,$,$,(#1367),#1368);
#1372= IFCCARTESIANPOINT((226.615074,176.026613));
#1373= IFCCARTESIANPOINT((218.917119,179.957487));
#1374= IFCCARTESIANPOINT((212.856691,168.089021));
#1375= IFCCARTESIANPOINT((220.554572,164.158218));
#1376= IFCPOLYLINE((#1372,#1373,#1374,#1375,#1372));
#1377= IFCARBITRARYCLOSEDPROFILEDEF(.AREA.,'BoundaryProfile',#1376);
#1378= IFCCARTESIANPOINT((0.0,0.0,226.833628));
#1379= IFCAXIS2PLACEMENT3D(#1378,$,$);
#1380= IFCDIRECTION((0.0,0.0,1.0));
#1381= IFCEXTRUDEDAREASOLID(#1377,#1379,#1380,4.1);
#1382= IFCSHAPEREPRESENTATION(#36,'Body','SweptSolid',(#1381));
#1383= IFCSTYLEDITEM(#1381,(#59),$);
#1384= IFCPRODUCTDEFINITIONSHAPE($,$,(#1382));
#1385= IFCAXIS2PLACEMENT3D(#1,$,$);
#1386= IFCLOCALPLACEMENT($,#1385);
#1387= IFCBUILDINGELEMENTPROXY('2Dh9H6X82$6kXeZOzyqW2$',#18,'Contextual Building',$,$,#1386,#1384,$,$);
#1388= IFCPROPERTYSET('0YJzDeWHKiK83Bhhuur8x5',#18,'Forma Element Properties',$,(#1389,#1390));
#1389= IFCPROPERTYSINGLEVALUE('URN',$,IFCLABEL('urn:adsk-forma-elements:basic:pro_i5ejxrzg17:09c154fa-9828-4740-b356-33d2ac7b5b42+5fa0b743-45ea-4b00-af9f-86dfb935135a:1782142332233'),$);
#1390= IFCPROPERTYSINGLEVALUE('Key Path',$,IFCLABEL('bd3161c0-0d5f-4676-ad00-0a3c78e1be8c/80cd7f8f'),$);
#1391= IFCRELDEFINESBYPROPERTIES('2F8T5jJxIP$x5s6g6sdAi8',#18,$,$,(#1387),#1388);
#1392= IFCCARTESIANPOINT((129.161805,175.002856));
#1393= IFCCARTESIANPOINT((120.698399,179.478377));
#1394= IFCCARTESIANPOINT((116.218245,171.006442));
#1395= IFCCARTESIANPOINT((124.681657,166.53075));
#1396= IFCPOLYLINE((#1392,#1393,#1394,#1395,#1392));
#1397= IFCARBITRARYCLOSEDPROFILEDEF(.AREA.,'BoundaryProfile',#1396);
#1398= IFCCARTESIANPOINT((0.0,0.0,225.185723));
#1399= IFCAXIS2PLACEMENT3D(#1398,$,$);
#1400= IFCDIRECTION((0.0,0.0,1.0));
#1401= IFCEXTRUDEDAREASOLID(#1397,#1399,#1400,4.4);
#1402= IFCSHAPEREPRESENTATION(#36,'Body','SweptSolid',(#1401));
#1403= IFCSTYLEDITEM(#1401,(#59),$);
#1404= IFCPRODUCTDEFINITIONSHAPE($,$,(#1402));
#1405= IFCAXIS2PLACEMENT3D(#1,$,$);
#1406= IFCLOCALPLACEMENT($,#1405);
#1407= IFCBUILDINGELEMENTPROXY('0PpTRaBWGEZathCAUF2RK5',#18,'Contextual Building',$,$,#1406,#1404,$,$);
#1408= IFCPROPERTYSET('2ptDdAvfsgmz21Gb$DO8R6',#18,'Forma Element Properties',$,(#1409,#1410));
#1409= IFCPROPERTYSINGLEVALUE('URN',$,IFCLABEL('urn:adsk-forma-elements:basic:pro_i5ejxrzg17:09c154fa-9828-4740-b356-33d2ac7b5b42+5674f54e-96a1-4891-8906-cc048c7f0f5c:1782142332233'),$);
#1410= IFCPROPERTYSINGLEVALUE('Key Path',$,IFCLABEL('bd3161c0-0d5f-4676-ad00-0a3c78e1be8c/a0239ec0'),$);
#1411= IFCRELDEFINESBYPROPERTIES('1QpNco0YpRM91AA$2D_X1O',#18,$,$,(#1407),#1408);
#1412= IFCCARTESIANPOINT((172.293323,152.022496));
#1413= IFCCARTESIANPOINT((162.585722,156.182752));
#1414= IFCCARTESIANPOINT((157.90534,145.261824));
#1415= IFCCARTESIANPOINT((167.612868,141.101639));
#1416= IFCPOLYLINE((#1412,#1413,#1414,#1415,#1412));
#1417= IFCARBITRARYCLOSEDPROFILEDEF(.AREA.,'BoundaryProfile',#1416);
#1418= IFCCARTESIANPOINT((0.0,0.0,225.920564));
#1419= IFCAXIS2PLACEMENT3D(#1418,$,$);
#1420= IFCDIRECTION((0.0,0.0,1.0));
#1421= IFCEXTRUDEDAREASOLID(#1417,#1419,#1420,4.7);
#1422= IFCSHAPEREPRESENTATION(#36,'Body','SweptSolid',(#1421));
#1423= IFCSTYLEDITEM(#1421,(#59),$);
#1424= IFCPRODUCTDEFINITIONSHAPE($,$,(#1422));
#1425= IFCAXIS2PLACEMENT3D(#1,$,$);
#1426= IFCLOCALPLACEMENT($,#1425);
#1427= IFCBUILDINGELEMENTPROXY('3UtTqHRwJMOpE9s1OTCn3Y',#18,'Contextual Building',$,$,#1426,#1424,$,$);
#1428= IFCPROPERTYSET('1TtG_erFPWTyekAlzbcVwZ',#18,'Forma Element Properties',$,(#1429,#1430));
#1429= IFCPROPERTYSINGLEVALUE('URN',$,IFCLABEL('urn:adsk-forma-elements:basic:pro_i5ejxrzg17:09c154fa-9828-4740-b356-33d2ac7b5b42+bc1ce477-023d-4fe5-b5db-af748ec75595:1782142332233'),$);
#1430= IFCPROPERTYSINGLEVALUE('Key Path',$,IFCLABEL('bd3161c0-0d5f-4676-ad00-0a3c78e1be8c/fb158966'),$);
#1431= IFCRELDEFINESBYPROPERTIES('30tzpWXBD3WQLxkVcrpsX4',#18,$,$,(#1427),#1428);
#1432= IFCCARTESIANPOINT((-34.863545,135.497873));
#1433= IFCCARTESIANPOINT((-40.27992,138.283427));
#1434= IFCCARTESIANPOINT((-49.875146,143.218166));
#1435= IFCCARTESIANPOINT((-55.501571,132.277836));
#1436= IFCCARTESIANPOINT((-45.906418,127.343167));
#1437= IFCCARTESIANPOINT((-43.385182,132.245345));
#1438= IFCCARTESIANPOINT((-37.968805,129.459869));
#1439= IFCPOLYLINE((#1432,#1433,#1434,#1435,#1436,#1437,#1438,#1432));
#1440= IFCARBITRARYCLOSEDPROFILEDEF(.AREA.,'BoundaryProfile',#1439);
#1441= IFCCARTESIANPOINT((0.0,0.0,220.652353));
#1442= IFCAXIS2PLACEMENT3D(#1441,$,$);
#1443= IFCDIRECTION((0.0,0.0,1.0));
#1444= IFCEXTRUDEDAREASOLID(#1440,#1442,#1443,4.2);
#1445= IFCSHAPEREPRESENTATION(#36,'Body','SweptSolid',(#1444));
#1446= IFCSTYLEDITEM(#1444,(#59),$);
#1447= IFCPRODUCTDEFINITIONSHAPE($,$,(#1445));
#1448= IFCAXIS2PLACEMENT3D(#1,$,$);
#1449= IFCLOCALPLACEMENT($,#1448);
#1450= IFCBUILDINGELEMENTPROXY('1bQ$EMg6sF8gbSI$EHfUSb',#18,'Contextual Building',$,$,#1449,#1447,$,$);
#1451= IFCPROPERTYSET('3eAUy9Cwu$UL$FtPYnVK_c',#18,'Forma Element Properties',$,(#1452,#1453));
#1452= IFCPROPERTYSINGLEVALUE('URN',$,IFCLABEL('urn:adsk-forma-elements:basic:pro_i5ejxrzg17:09c154fa-9828-4740-b356-33d2ac7b5b42+99a644c1-1fc0-4313-9fb3-26d8956ebf11:1782142332233'),$);
#1453= IFCPROPERTYSINGLEVALUE('Key Path',$,IFCLABEL('bd3161c0-0d5f-4676-ad00-0a3c78e1be8c/8312669d'),$);
#1454= IFCRELDEFINESBYPROPERTIES('2xm57e6HKwqZAKpgmQq0JG',#18,$,$,(#1450),#1451);
#1455= IFCCARTESIANPOINT((201.919842,129.238827));
#1456= IFCCARTESIANPOINT((189.622005,134.856314));
#1457= IFCCARTESIANPOINT((188.115555,131.558283));
#1458= IFCCARTESIANPOINT((191.277453,130.114002));
#1459= IFCCARTESIANPOINT((188.678907,124.425178));
#1460= IFCCARTESIANPOINT((197.814854,120.251963));
#1461= IFCPOLYLINE((#1455,#1456,#1457,#1458,#1459,#1460,#1455));
#1462= IFCARBITRARYCLOSEDPROFILEDEF(.AREA.,'BoundaryProfile',#1461);
#1463= IFCCARTESIANPOINT((0.0,0.0,225.914004));
#1464= IFCAXIS2PLACEMENT3D(#1463,$,$);
#1465= IFCDIRECTION((0.0,0.0,1.0));
#1466= IFCEXTRUDEDAREASOLID(#1462,#1464,#1465,4.0);
#1467= IFCSHAPEREPRESENTATION(#36,'Body','SweptSolid',(#1466));
#1468= IFCSTYLEDITEM(#1466,(#59),$);
#1469= IFCPRODUCTDEFINITIONSHAPE($,$,(#1467));
#1470= IFCAXIS2PLACEMENT3D(#1,$,$);
#1471= IFCLOCALPLACEMENT($,#1470);
#1472= IFCBUILDINGELEMENTPROXY('1ICqpaa5cp__IhFx6fYVDP',#18,'Contextual Building',$,$,#1471,#1469,$,$);
#1473= IFCPROPERTYSET('2VIMsXyt6iby8haFb_u5Yc',#18,'Forma Element Properties',$,(#1474,#1475));
#1474= IFCPROPERTYSINGLEVALUE('URN',$,IFCLABEL('urn:adsk-forma-elements:basic:pro_i5ejxrzg17:09c154fa-9828-4740-b356-33d2ac7b5b42+408c69bc-1aa7-4b50-b565-42a1f073b3e7:1782142332233'),$);
#1475= IFCPROPERTYSINGLEVALUE('Key Path',$,IFCLABEL('bd3161c0-0d5f-4676-ad00-0a3c78e1be8c/dbbf69e0'),$);
#1476= IFCRELDEFINESBYPROPERTIES('2Z_kT6Ky7_v2mYpzzWTyI2',#18,$,$,(#1472),#1473);
#1477= IFCCARTESIANPOINT((250.613035,-188.609855));
#1478= IFCCARTESIANPOINT((245.400944,-179.980531));
#1479= IFCCARTESIANPOINT((234.947397,-186.294422));
#1480= IFCCARTESIANPOINT((240.159564,-194.923839));
#1481= IFCPOLYLINE((#1477,#1478,#1479,#1480,#1477));
#1482= IFCARBITRARYCLOSEDPROFILEDEF(.AREA.,'BoundaryProfile',#1481);
#1483= IFCCARTESIANPOINT((0.0,0.0,220.097766));
#1484= IFCAXIS2PLACEMENT3D(#1483,$,$);
#1485= IFCDIRECTION((0.0,0.0,1.0));
#1486= IFCEXTRUDEDAREASOLID(#1482,#1484,#1485,5.3);
#1487= IFCSHAPEREPRESENTATION(#36,'Body','SweptSolid',(#1486));
#1488= IFCSTYLEDITEM(#1486,(#59),$);
#1489= IFCPRODUCTDEFINITIONSHAPE($,$,(#1487));
#1490= IFCAXIS2PLACEMENT3D(#1,$,$);
#1491= IFCLOCALPLACEMENT($,#1490);
#1492= IFCBUILDINGELEMENTPROXY('1Ur8ygkYbJbcoXLdyDKCYs',#18,'Contextual Building',$,$,#1491,#1489,$,$);
#1493= IFCPROPERTYSET('1T7Jv4qmbGiqv3IJ$kczn4',#18,'Forma Element Properties',$,(#1494,#1495));
#1494= IFCPROPERTYSINGLEVALUE('URN',$,IFCLABEL('urn:adsk-forma-elements:basic:pro_i5ejxrzg17:09c154fa-9828-4740-b356-33d2ac7b5b42+21d3d887-0de2-4459-ac7e-98d0b5c0dc2d:1782142332233'),$);
#1495= IFCPROPERTYSINGLEVALUE('Key Path',$,IFCLABEL('bd3161c0-0d5f-4676-ad00-0a3c78e1be8c/08e3201b'),$);
#1496= IFCRELDEFINESBYPROPERTIES('3QLOPFpmmBMnMpnJdklFHl',#18,$,$,(#1492),#1493);
#1497= IFCCARTESIANPOINT((218.942056,-193.067965));
#1498= IFCCARTESIANPOINT((215.211256,-195.166566));
#1499= IFCCARTESIANPOINT((216.39117,-197.264307));
#1500= IFCCARTESIANPOINT((214.444171,-198.359516));
#1501= IFCCARTESIANPOINT((219.446911,-207.253332));
#1502= IFCCARTESIANPOINT((220.959054,-209.941498));
#1503= IFCCARTESIANPOINT((225.556644,-207.355423));
#1504= IFCCARTESIANPOINT((224.044581,-204.667259));
#1505= IFCCARTESIANPOINT((228.202568,-202.328344));
#1506= IFCCARTESIANPOINT((223.199822,-193.434537));
#1507= IFCCARTESIANPOINT((220.122134,-195.165786));
#1508= IFCPOLYLINE((#1497,#1498,#1499,#1500,#1501,#1502,#1503,#1504,#1505,#1506,#1507,#1497));
#1509= IFCARBITRARYCLOSEDPROFILEDEF(.AREA.,'BoundaryProfile',#1508);
#1510= IFCCARTESIANPOINT((0.0,0.0,218.818249));
#1511= IFCAXIS2PLACEMENT3D(#1510,$,$);
#1512= IFCDIRECTION((0.0,0.0,1.0));
#1513= IFCEXTRUDEDAREASOLID(#1509,#1511,#1512,3.3);
#1514= IFCSHAPEREPRESENTATION(#36,'Body','SweptSolid',(#1513));
#1515= IFCSTYLEDITEM(#1513,(#59),$);
#1516= IFCPRODUCTDEFINITIONSHAPE($,$,(#1514));
#1517= IFCAXIS2PLACEMENT3D(#1,$,$);
#1518= IFCLOCALPLACEMENT($,#1517);
#1519= IFCBUILDINGELEMENTPROXY('3$DdppZn7sNuSEn6abO3zp',#18,'Contextual Building',$,$,#1518,#1516,$,$);
#1520= IFCPROPERTYSET('2JkTtQ_RwHhCLA9_JhnU9A',#18,'Forma Element Properties',$,(#1521,#1522));
#1521= IFCPROPERTYSINGLEVALUE('URN',$,IFCLABEL('urn:adsk-forma-elements:basic:pro_i5ejxrzg17:09c154fa-9828-4740-b356-33d2ac7b5b42+f7a05886-dc1b-463b-95f2-35ea749135b4:1782142332233'),$);
#1522= IFCPROPERTYSINGLEVALUE('Key Path',$,IFCLABEL('bd3161c0-0d5f-4676-ad00-0a3c78e1be8c/49545aeb'),$);
#1523= IFCRELDEFINESBYPROPERTIES('2G7J7S5wjroYJQFzHSLpTA',#18,$,$,(#1519),#1520);
#1524= IFCCARTESIANPOINT((46.459641,-225.399288));
#1525= IFCCARTESIANPOINT((59.172931,-211.566264));
#1526= IFCCARTESIANPOINT((62.627971,-207.582077));
#1527= IFCCARTESIANPOINT((52.347931,-198.072358));
#1528= IFCCARTESIANPOINT((48.457019,-201.591622));
#1529= IFCCARTESIANPOINT((35.726043,-215.261328));
#1530= IFCCARTESIANPOINT((32.843369,-219.029448));
#1531= IFCCARTESIANPOINT((43.158454,-228.865623));
#1532= IFCPOLYLINE((#1524,#1525,#1526,#1527,#1528,#1529,#1530,#1531,#1524));
#1533= IFCARBITRARYCLOSEDPROFILEDEF(.AREA.,'BoundaryProfile',#1532);
#1534= IFCCARTESIANPOINT((0.0,0.0,215.500874));
#1535= IFCAXIS2PLACEMENT3D(#1534,$,$);
#1536= IFCDIRECTION((0.0,0.0,1.0));
#1537= IFCEXTRUDEDAREASOLID(#1533,#1535,#1536,5.5);
#1538= IFCSHAPEREPRESENTATION(#36,'Body','SweptSolid',(#1537));
#1539= IFCSTYLEDITEM(#1537,(#59),$);
#1540= IFCPRODUCTDEFINITIONSHAPE($,$,(#1538));
#1541= IFCAXIS2PLACEMENT3D(#1,$,$);
#1542= IFCLOCALPLACEMENT($,#1541);
#1543= IFCBUILDINGELEMENTPROXY('1SPLqg1sXiR93IfT0U0hzk',#18,'Contextual Building',$,$,#1542,#1540,$,$);
#1544= IFCPROPERTYSET('1dMm3_XafNUGA_U2PedDW9',#18,'Forma Element Properties',$,(#1545,#1546));
#1545= IFCPROPERTYSINGLEVALUE('URN',$,IFCLABEL('urn:adsk-forma-elements:basic:pro_i5ejxrzg17:09c154fa-9828-4740-b356-33d2ac7b5b42+551a553b-fedb-4e1b-90f9-991e47d4cc98:1782142332233'),$);
#1546= IFCPROPERTYSINGLEVALUE('Key Path',$,IFCLABEL('bd3161c0-0d5f-4676-ad00-0a3c78e1be8c/6826ebd2'),$);
#1547= IFCRELDEFINESBYPROPERTIES('0138SAFaELmtLQwuPON2BL',#18,$,$,(#1543),#1544);
#1548= IFCCARTESIANPOINT((198.8169,-225.287742));
#1549= IFCCARTESIANPOINT((198.771318,-221.564825));
#1550= IFCCARTESIANPOINT((202.403853,-219.982713));
#1551= IFCCARTESIANPOINT((196.672774,-210.74157));
#1552= IFCCARTESIANPOINT((189.0854,-215.450885));
#1553= IFCCARTESIANPOINT((191.869442,-220.204719));
#1554= IFCCARTESIANPOINT((195.65181,-226.124763));
#1555= IFCPOLYLINE((#1548,#1549,#1550,#1551,#1552,#1553,#1554,#1548));
#1556= IFCARBITRARYCLOSEDPROFILEDEF(.AREA.,'BoundaryProfile',#1555);
#1557= IFCCARTESIANPOINT((0.0,0.0,216.403419));
#1558= IFCAXIS2PLACEMENT3D(#1557,$,$);
#1559= IFCDIRECTION((0.0,0.0,1.0));
#1560= IFCEXTRUDEDAREASOLID(#1556,#1558,#1559,3.7);
#1561= IFCSHAPEREPRESENTATION(#36,'Body','SweptSolid',(#1560));
#1562= IFCSTYLEDITEM(#1560,(#59),$);
#1563= IFCPRODUCTDEFINITIONSHAPE($,$,(#1561));
#1564= IFCAXIS2PLACEMENT3D(#1,$,$);
#1565= IFCLOCALPLACEMENT($,#1564);
#1566= IFCBUILDINGELEMENTPROXY('1LF_5QkaVPPIiaMg$5PKQm',#18,'Contextual Building',$,$,#1565,#1563,$,$);
#1567= IFCPROPERTYSET('0lUBxfYidkYWjPqN$US6GQ',#18,'Forma Element Properties',$,(#1568,#1569));
#1568= IFCPROPERTYSINGLEVALUE('URN',$,IFCLABEL('urn:adsk-forma-elements:basic:pro_i5ejxrzg17:09c154fa-9828-4740-b356-33d2ac7b5b42+e927b216-b2c6-498a-9726-0945c16b0379:1782142332233'),$);
#1569= IFCPROPERTYSINGLEVALUE('Key Path',$,IFCLABEL('bd3161c0-0d5f-4676-ad00-0a3c78e1be8c/5425df98'),$);
#1570= IFCRELDEFINESBYPROPERTIES('20kYn5jPeTlIQdZuu2wzaM',#18,$,$,(#1566),#1567);
#1571= IFCCARTESIANPOINT((-217.671229,117.218678));
#1572= IFCCARTESIANPOINT((-228.440204,127.17573));
#1573= IFCCARTESIANPOINT((-235.101393,119.971209));
#1574= IFCCARTESIANPOINT((-243.543932,110.840241));
#1575= IFCCARTESIANPOINT((-232.775036,100.883315));
#1576= IFCPOLYLINE((#1571,#1572,#1573,#1574,#1575,#1571));
#1577= IFCARBITRARYCLOSEDPROFILEDEF(.AREA.,'BoundaryProfile',#1576);
#1578= IFCCARTESIANPOINT((0.0,0.0,228.030581));
#1579= IFCAXIS2PLACEMENT3D(#1578,$,$);
#1580= IFCDIRECTION((0.0,0.0,1.0));
#1581= IFCEXTRUDEDAREASOLID(#1577,#1579,#1580,4.8);
#1582= IFCSHAPEREPRESENTATION(#36,'Body','SweptSolid',(#1581));
#1583= IFCSTYLEDITEM(#1581,(#59),$);
#1584= IFCPRODUCTDEFINITIONSHAPE($,$,(#1582));
#1585= IFCAXIS2PLACEMENT3D(#1,$,$);
#1586= IFCLOCALPLACEMENT($,#1585);
#1587= IFCBUILDINGELEMENTPROXY('2TrGwaZu4s7EFpax2Cn4yS',#18,'Contextual Building',$,$,#1586,#1584,$,$);
#1588= IFCPROPERTYSET('1ujjxVoYGyCP8CRlIXwdk1',#18,'Forma Element Properties',$,(#1589,#1590));
#1589= IFCPROPERTYSINGLEVALUE('URN',$,IFCLABEL('urn:adsk-forma-elements:basic:pro_i5ejxrzg17:09c154fa-9828-4740-b356-33d2ac7b5b42+88e82733-cb96-47de-b02b-79e5216acd66:1782142332233'),$);
#1590= IFCPROPERTYSINGLEVALUE('Key Path',$,IFCLABEL('bd3161c0-0d5f-4676-ad00-0a3c78e1be8c/1ea43980'),$);
#1591= IFCRELDEFINESBYPROPERTIES('0X0vunlNjOifBTYtNRn1oX',#18,$,$,(#1587),#1588);
#1592= IFCCARTESIANPOINT((146.980684,107.545944));
#1593= IFCCARTESIANPOINT((141.753328,109.814622));
#1594= IFCCARTESIANPOINT((139.64154,104.948751));
#1595= IFCCARTESIANPOINT((136.748356,106.204442));
#1596= IFCCARTESIANPOINT((132.425086,96.242716));
#1597= IFCCARTESIANPOINT((135.31819,94.987023));
#1598= IFCCARTESIANPOINT((140.545635,92.718337));
#1599= IFCCARTESIANPOINT((144.869061,102.68007));
#1600= IFCPOLYLINE((#1592,#1593,#1594,#1595,#1596,#1597,#1598,#1599,#1592));
#1601= IFCARBITRARYCLOSEDPROFILEDEF(.AREA.,'BoundaryProfile',#1600);
#1602= IFCCARTESIANPOINT((0.0,0.0,224.599756));
#1603= IFCAXIS2PLACEMENT3D(#1602,$,$);
#1604= IFCDIRECTION((0.0,0.0,1.0));
#1605= IFCEXTRUDEDAREASOLID(#1601,#1603,#1604,3.3);
#1606= IFCSHAPEREPRESENTATION(#36,'Body','SweptSolid',(#1605));
#1607= IFCSTYLEDITEM(#1605,(#59),$);
#1608= IFCPRODUCTDEFINITIONSHAPE($,$,(#1606));
#1609= IFCAXIS2PLACEMENT3D(#1,$,$);
#1610= IFCLOCALPLACEMENT($,#1609);
#1611= IFCBUILDINGELEMENTPROXY('0e3nFVCZdEMcWtUxbbwTNM',#18,'Contextual Building',$,$,#1610,#1608,$,$);
#1612= IFCPROPERTYSET('00Zwgs_cE4LHx5NkxI27nM',#18,'Forma Element Properties',$,(#1613,#1614));
#1613= IFCPROPERTYSINGLEVALUE('URN',$,IFCLABEL('urn:adsk-forma-elements:basic:pro_i5ejxrzg17:09c154fa-9828-4740-b356-33d2ac7b5b42+3da8fe89-544e-4539-a3a3-3eedbff4e316:1782142332233'),$);
#1614= IFCPROPERTYSINGLEVALUE('Key Path',$,IFCLABEL('bd3161c0-0d5f-4676-ad00-0a3c78e1be8c/3007cd0b'),$);
#1615= IFCRELDEFINESBYPROPERTIES('0scTbMvDCA2eWLUc$QOYMC',#18,$,$,(#1611),#1612);
#1616= IFCCARTESIANPOINT((188.68553,101.935371));
#1617= IFCCARTESIANPOINT((177.141948,107.025973));
#1618= IFCCARTESIANPOINT((173.387642,98.512583));
#1619= IFCCARTESIANPOINT((184.931315,93.422053));
#1620= IFCPOLYLINE((#1616,#1617,#1618,#1619,#1616));
#1621= IFCARBITRARYCLOSEDPROFILEDEF(.AREA.,'BoundaryProfile',#1620);
#1622= IFCCARTESIANPOINT((0.0,0.0,224.729842));
#1623= IFCAXIS2PLACEMENT3D(#1622,$,$);
#1624= IFCDIRECTION((0.0,0.0,1.0));
#1625= IFCEXTRUDEDAREASOLID(#1621,#1623,#1624,4.6);
#1626= IFCSHAPEREPRESENTATION(#36,'Body','SweptSolid',(#1625));
#1627= IFCSTYLEDITEM(#1625,(#59),$);
#1628= IFCPRODUCTDEFINITIONSHAPE($,$,(#1626));
#1629= IFCAXIS2PLACEMENT3D(#1,$,$);
#1630= IFCLOCALPLACEMENT($,#1629);
#1631= IFCBUILDINGELEMENTPROXY('2FICRU7xeBAhfAjo7hysg8',#18,'Contextual Building',$,$,#1630,#1628,$,$);
#1632= IFCPROPERTYSET('0uKkUJMuBT8OWzj8W2EQqt',#18,'Forma Element Properties',$,(#1633,#1634));
#1633= IFCPROPERTYSINGLEVALUE('URN',$,IFCLABEL('urn:adsk-forma-elements:basic:pro_i5ejxrzg17:09c154fa-9828-4740-b356-33d2ac7b5b42+65f9dcd9-1429-4552-9f82-3e5d7cfb54dd:1782142332233'),$);
#1634= IFCPROPERTYSINGLEVALUE('Key Path',$,IFCLABEL('bd3161c0-0d5f-4676-ad00-0a3c78e1be8c/f2727f43'),$);
#1635= IFCRELDEFINESBYPROPERTIES('0M9wfuHjWWPwGkxzvbsp1Q',#18,$,$,(#1631),#1632);
#1636= IFCCARTESIANPOINT((-0.425442,-264.876071));
#1637= IFCCARTESIANPOINT((-15.704345,-250.983679));
#1638= IFCCARTESIANPOINT((-42.603155,-280.56738));
#1639= IFCCARTESIANPOINT((-27.324162,-294.459618));
#1640= IFCPOLYLINE((#1636,#1637,#1638,#1639,#1636));
#1641= IFCARBITRARYCLOSEDPROFILEDEF(.AREA.,'BoundaryProfile',#1640);
#1642= IFCCARTESIANPOINT((0.0,0.0,217.927285));
#1643= IFCAXIS2PLACEMENT3D(#1642,$,$);
#1644= IFCDIRECTION((0.0,0.0,1.0));
#1645= IFCEXTRUDEDAREASOLID(#1641,#1643,#1644,4.6);
#1646= IFCSHAPEREPRESENTATION(#36,'Body','SweptSolid',(#1645));
#1647= IFCSTYLEDITEM(#1645,(#59),$);
#1648= IFCPRODUCTDEFINITIONSHAPE($,$,(#1646));
#1649= IFCAXIS2PLACEMENT3D(#1,$,$);
#1650= IFCLOCALPLACEMENT($,#1649);
#1651= IFCBUILDINGELEMENTPROXY('0w5k6TcALQiml__wTApY4x',#18,'Contextual Building',$,$,#1650,#1648,$,$);
#1652= IFCPROPERTYSET('25Y0501td2aTcj$AG6Y15U',#18,'Forma Element Properties',$,(#1653,#1654));
#1653= IFCPROPERTYSINGLEVALUE('URN',$,IFCLABEL('urn:adsk-forma-elements:basic:pro_i5ejxrzg17:09c154fa-9828-4740-b356-33d2ac7b5b42+0c92a5cf-4768-4fce-8ea7-35be9459d4ea:1782142332233'),$);
#1654= IFCPROPERTYSINGLEVALUE('Key Path',$,IFCLABEL('bd3161c0-0d5f-4676-ad00-0a3c78e1be8c/e1216466'),$);
#1655= IFCRELDEFINESBYPROPERTIES('0J0WjEcz17qc_p9v9DX3Qz',#18,$,$,(#1651),#1652);
#1656= IFCCARTESIANPOINT((120.736494,58.645689));
#1657= IFCCARTESIANPOINT((113.309443,61.260675));
#1658= IFCCARTESIANPOINT((109.713926,51.048518));
#1659= IFCCARTESIANPOINT((117.140902,48.433688));
#1660= IFCPOLYLINE((#1656,#1657,#1658,#1659,#1656));
#1661= IFCARBITRARYCLOSEDPROFILEDEF(.AREA.,'BoundaryProfile',#1660);
#1662= IFCCARTESIANPOINT((0.0,0.0,221.196071));
#1663= IFCAXIS2PLACEMENT3D(#1662,$,$);
#1664= IFCDIRECTION((0.0,0.0,1.0));
#1665= IFCEXTRUDEDAREASOLID(#1661,#1663,#1664,4.3);
#1666= IFCSHAPEREPRESENTATION(#36,'Body','SweptSolid',(#1665));
#1667= IFCSTYLEDITEM(#1665,(#59),$);
#1668= IFCPRODUCTDEFINITIONSHAPE($,$,(#1666));
#1669= IFCAXIS2PLACEMENT3D(#1,$,$);
#1670= IFCLOCALPLACEMENT($,#1669);
#1671= IFCBUILDINGELEMENTPROXY('3ZJcgT5nhUry93Xg5Dl0V8',#18,'Contextual Building',$,$,#1670,#1668,$,$);
#1672= IFCPROPERTYSET('1FFz_07p3jdHvx1CmOfoq9',#18,'Forma Element Properties',$,(#1673,#1674));
#1673= IFCPROPERTYSINGLEVALUE('URN',$,IFCLABEL('urn:adsk-forma-elements:basic:pro_i5ejxrzg17:09c154fa-9828-4740-b356-33d2ac7b5b42+449cc86b-5114-4282-b9d1-9daf71e4376e:1782142332233'),$);
#1674= IFCPROPERTYSINGLEVALUE('Key Path',$,IFCLABEL('bd3161c0-0d5f-4676-ad00-0a3c78e1be8c/190a9c13'),$);
#1675= IFCRELDEFINESBYPROPERTIES('3SLdCBcjfuT9nw8U$z5WqP',#18,$,$,(#1671),#1672);
#1676= IFCCARTESIANPOINT((139.037721,51.672169));
#1677= IFCCARTESIANPOINT((131.998237,55.313315));
#1678= IFCCARTESIANPOINT((127.925247,47.438896));
#1679= IFCCARTESIANPOINT((134.964736,43.797663));
#1680= IFCPOLYLINE((#1676,#1677,#1678,#1679,#1676));
#1681= IFCARBITRARYCLOSEDPROFILEDEF(.AREA.,'BoundaryProfile',#1680);
#1682= IFCCARTESIANPOINT((0.0,0.0,222.355919));
#1683= IFCAXIS2PLACEMENT3D(#1682,$,$);
#1684= IFCDIRECTION((0.0,0.0,1.0));
#1685= IFCEXTRUDEDAREASOLID(#1681,#1683,#1684,2.3);
#1686= IFCSHAPEREPRESENTATION(#36,'Body','SweptSolid',(#1685));
#1687= IFCSTYLEDITEM(#1685,(#59),$);
#1688= IFCPRODUCTDEFINITIONSHAPE($,$,(#1686));
#1689= IFCAXIS2PLACEMENT3D(#1,$,$);
#1690= IFCLOCALPLACEMENT($,#1689);
#1691= IFCBUILDINGELEMENTPROXY('1JLB5PKTa64e$d5$kyUUBW',#18,'Contextual Building',$,$,#1690,#1688,$,$);
#1692= IFCPROPERTYSET('1k4tKpUc37m$e51ot9_XbG',#18,'Forma Element Properties',$,(#1693,#1694));
#1693= IFCPROPERTYSINGLEVALUE('URN',$,IFCLABEL('urn:adsk-forma-elements:basic:pro_i5ejxrzg17:09c154fa-9828-4740-b356-33d2ac7b5b42+3bb77a62-97cd-4d82-9cd9-02c5147fc5df:1782142332233'),$);
#1694= IFCPROPERTYSINGLEVALUE('Key Path',$,IFCLABEL('bd3161c0-0d5f-4676-ad00-0a3c78e1be8c/3df47a02'),$);
#1695= IFCRELDEFINESBYPROPERTIES('3RLRip9Lv_04AqZvlvC2bQ',#18,$,$,(#1691),#1692);
#1696= IFCCARTESIANPOINT((160.562419,45.53134));
#1697= IFCCARTESIANPOINT((150.628028,49.517587));
#1698= IFCCARTESIANPOINT((146.7676,39.896053));
#1699= IFCCARTESIANPOINT((156.701837,35.90996));
#1700= IFCPOLYLINE((#1696,#1697,#1698,#1699,#1696));
#1701= IFCARBITRARYCLOSEDPROFILEDEF(.AREA.,'BoundaryProfile',#1700);
#1702= IFCCARTESIANPOINT((0.0,0.0,222.800251));
#1703= IFCAXIS2PLACEMENT3D(#1702,$,$);
#1704= IFCDIRECTION((0.0,0.0,1.0));
#1705= IFCEXTRUDEDAREASOLID(#1701,#1703,#1704,4.4);
#1706= IFCSHAPEREPRESENTATION(#36,'Body','SweptSolid',(#1705));
#1707= IFCSTYLEDITEM(#1705,(#59),$);
#1708= IFCPRODUCTDEFINITIONSHAPE($,$,(#1706));
#1709= IFCAXIS2PLACEMENT3D(#1,$,$);
#1710= IFCLOCALPLACEMENT($,#1709);
#1711= IFCBUILDINGELEMENTPROXY('3qOhybPRZibV08y2OsPbKd',#18,'Contextual Building',$,$,#1710,#1708,$,$);
#1712= IFCPROPERTYSET('1FWLn8EgbsCv_1pXS7S9HR',#18,'Forma Element Properties',$,(#1713,#1714));
#1713= IFCPROPERTYSINGLEVALUE('URN',$,IFCLABEL('urn:adsk-forma-elements:basic:pro_i5ejxrzg17:09c154fa-9828-4740-b356-33d2ac7b5b42+5cbce247-42fc-4828-8d41-3dc14005a4e4:1782142332233'),$);
#1714= IFCPROPERTYSINGLEVALUE('Key Path',$,IFCLABEL('bd3161c0-0d5f-4676-ad00-0a3c78e1be8c/77795bb3'),$);
#1715= IFCRELDEFINESBYPROPERTIES('1X6EgBMVHgCT1glse8waGq',#18,$,$,(#1711),#1712);
#1716= IFCCARTESIANPOINT((148.583108,28.287066));
#1717= IFCCARTESIANPOINT((139.302308,34.474279));
#1718= IFCCARTESIANPOINT((135.313205,28.490585));
#1719= IFCCARTESIANPOINT((144.594008,22.303364));
#1720= IFCPOLYLINE((#1716,#1717,#1718,#1719,#1716));
#1721= IFCARBITRARYCLOSEDPROFILEDEF(.AREA.,'BoundaryProfile',#1720);
#1722= IFCCARTESIANPOINT((0.0,0.0,222.250851));
#1723= IFCAXIS2PLACEMENT3D(#1722,$,$);
#1724= IFCDIRECTION((0.0,0.0,1.0));
#1725= IFCEXTRUDEDAREASOLID(#1721,#1723,#1724,4.1);
#1726= IFCSHAPEREPRESENTATION(#36,'Body','SweptSolid',(#1725));
#1727= IFCSTYLEDITEM(#1725,(#59),$);
#1728= IFCPRODUCTDEFINITIONSHAPE($,$,(#1726));
#1729= IFCAXIS2PLACEMENT3D(#1,$,$);
#1730= IFCLOCALPLACEMENT($,#1729);
#1731= IFCBUILDINGELEMENTPROXY('2cms5P8D7dkEnM_mJlK33a',#18,'Contextual Building',$,$,#1730,#1728,$,$);
#1732= IFCPROPERTYSET('0jcV52qBI6YyHyYj5qAiit',#18,'Forma Element Properties',$,(#1733,#1734));
#1733= IFCPROPERTYSINGLEVALUE('URN',$,IFCLABEL('urn:adsk-forma-elements:basic:pro_i5ejxrzg17:09c154fa-9828-4740-b356-33d2ac7b5b42+51ab48a6-26e9-460a-ab15-25afe204bd54:1782142332233'),$);
#1734= IFCPROPERTYSINGLEVALUE('Key Path',$,IFCLABEL('bd3161c0-0d5f-4676-ad00-0a3c78e1be8c/b68aa185'),$);
#1735= IFCRELDEFINESBYPROPERTIES('11SyqqPYrFhOJOU79ZEd5r',#18,$,$,(#1731),#1732);
#1736= IFCCARTESIANPOINT((-142.053799,-28.201934));
#1737= IFCCARTESIANPOINT((-152.404065,-17.541635));
#1738= IFCCARTESIANPOINT((-158.023107,-22.997098));
#1739= IFCCARTESIANPOINT((-155.257376,-25.845656));
#1740= IFCCARTESIANPOINT((-158.946748,-29.427672));
#1741= IFCCARTESIANPOINT((-161.283356,-27.020928));
#1742= IFCCARTESIANPOINT((-167.163498,-32.730072));
#1743= IFCCARTESIANPOINT((-157.507735,-42.675013));
#1744= IFCCARTESIANPOINT((-151.627593,-36.966019));
#1745= IFCCARTESIANPOINT((-154.697332,-33.804302));
#1746= IFCCARTESIANPOINT((-151.538873,-30.73755));
#1747= IFCCARTESIANPOINT((-150.180154,-31.07503));
#1748= IFCCARTESIANPOINT((-147.672759,-33.657409));
#1749= IFCPOLYLINE((#1736,#1737,#1738,#1739,#1740,#1741,#1742,#1743,#1744,#1745,#1746,#1747,#1748,#1736));
#1750= IFCARBITRARYCLOSEDPROFILEDEF(.AREA.,'BoundaryProfile',#1749);
#1751= IFCCARTESIANPOINT((0.0,0.0,224.861969));
#1752= IFCAXIS2PLACEMENT3D(#1751,$,$);
#1753= IFCDIRECTION((0.0,0.0,1.0));
#1754= IFCEXTRUDEDAREASOLID(#1750,#1752,#1753,4.0);
#1755= IFCSHAPEREPRESENTATION(#36,'Body','SweptSolid',(#1754));
#1756= IFCSTYLEDITEM(#1754,(#59),$);
#1757= IFCPRODUCTDEFINITIONSHAPE($,$,(#1755));
#1758= IFCAXIS2PLACEMENT3D(#1,$,$);
#1759= IFCLOCALPLACEMENT($,#1758);
#1760= IFCBUILDINGELEMENTPROXY('1xqU5LXwmtNhfNDVbEYYJV',#18,'Contextual Building',$,$,#1759,#1757,$,$);
#1761= IFCPROPERTYSET('2daTnlV4pTB7mL51HY16hk',#18,'Forma Element Properties',$,(#1762,#1763));
#1762= IFCPROPERTYSINGLEVALUE('URN',$,IFCLABEL('urn:adsk-forma-elements:basic:pro_i5ejxrzg17:09c154fa-9828-4740-b356-33d2ac7b5b42+698d955d-d6e7-4117-aeb6-7b78a17de3ea:1782142332233'),$);
#1763= IFCPROPERTYSINGLEVALUE('Key Path',$,IFCLABEL('bd3161c0-0d5f-4676-ad00-0a3c78e1be8c/ace21bed'),$);
#1764= IFCRELDEFINESBYPROPERTIES('0VkGVOxQIgCXnM1EH0nskG',#18,$,$,(#1760),#1761);
#1765= IFCCARTESIANPOINT((-78.591851,-59.41877));
#1766= IFCCARTESIANPOINT((-96.638001,-79.917895));
#1767= IFCCARTESIANPOINT((-99.352215,-83.001007));
#1768= IFCCARTESIANPOINT((-101.487787,-85.426804));
#1769= IFCCARTESIANPOINT((-94.325192,-91.732281));
#1770= IFCCARTESIANPOINT((-92.189783,-89.306562));
#1771= IFCCARTESIANPOINT((-86.136878,-94.635205));
#1772= IFCCARTESIANPOINT((-88.239799,-97.023948));
#1773= IFCCARTESIANPOINT((-56.334372,-125.111643));
#1774= IFCCARTESIANPOINT((-33.471032,-99.140686));
#1775= IFCCARTESIANPOINT((-38.451085,-94.756396));
#1776= IFCCARTESIANPOINT((-35.322967,-91.203118));
#1777= IFCCARTESIANPOINT((-62.248238,-67.499648));
#1778= IFCCARTESIANPOINT((-65.376358,-71.052907));
#1779= IFCPOLYLINE((#1765,#1766,#1767,#1768,#1769,#1770,#1771,#1772,#1773,#1774,#1775,#1776,#1777,#1778,#1765));
#1780= IFCARBITRARYCLOSEDPROFILEDEF(.AREA.,'BoundaryProfile',#1779);
#1781= IFCCARTESIANPOINT((0.0,0.0,222.822713));
#1782= IFCAXIS2PLACEMENT3D(#1781,$,$);
#1783= IFCDIRECTION((0.0,0.0,1.0));
#1784= IFCEXTRUDEDAREASOLID(#1780,#1782,#1783,4.0);
#1785= IFCSHAPEREPRESENTATION(#36,'Body','SweptSolid',(#1784));
#1786= IFCSTYLEDITEM(#1784,(#59),$);
#1787= IFCPRODUCTDEFINITIONSHAPE($,$,(#1785));
#1788= IFCAXIS2PLACEMENT3D(#1,$,$);
#1789= IFCLOCALPLACEMENT($,#1788);
#1790= IFCBUILDINGELEMENTPROXY('08sKy2knrW5UvlQFUZNvun',#18,'Contextual Building',$,$,#1789,#1787,$,$);
#1791= IFCPROPERTYSET('1371mOhJ0W4vpimbSA2c7V',#18,'Forma Element Properties',$,(#1792,#1793));
#1792= IFCPROPERTYSINGLEVALUE('URN',$,IFCLABEL('urn:adsk-forma-elements:basic:pro_i5ejxrzg17:09c154fa-9828-4740-b356-33d2ac7b5b42+11f145f5-325f-4d91-8b2e-ce6ad8b73f87:1782142332233'),$);
#1793= IFCPROPERTYSINGLEVALUE('Key Path',$,IFCLABEL('bd3161c0-0d5f-4676-ad00-0a3c78e1be8c/6dceb927'),$);
#1794= IFCRELDEFINESBYPROPERTIES('3o9X9af4_1SyzbtllhhUWC',#18,$,$,(#1790),#1791);
#1795= IFCCARTESIANPOINT((244.118133,-75.710896));
#1796= IFCCARTESIANPOINT((241.974476,-75.284182));
#1797= IFCCARTESIANPOINT((242.865131,-70.810147));
#1798= IFCCARTESIANPOINT((235.19045,-69.28211));
#1799= IFCCARTESIANPOINT((233.308633,-78.733642));
#1800= IFCCARTESIANPOINT((243.127143,-80.688559));
#1801= IFCPOLYLINE((#1795,#1796,#1797,#1798,#1799,#1800,#1795));
#1802= IFCARBITRARYCLOSEDPROFILEDEF(.AREA.,'BoundaryProfile',#1801);
#1803= IFCCARTESIANPOINT((0.0,0.0,223.104326));
#1804= IFCAXIS2PLACEMENT3D(#1803,$,$);
#1805= IFCDIRECTION((0.0,0.0,1.0));
#1806= IFCEXTRUDEDAREASOLID(#1802,#1804,#1805,5.1);
#1807= IFCSHAPEREPRESENTATION(#36,'Body','SweptSolid',(#1806));
#1808= IFCSTYLEDITEM(#1806,(#59),$);
#1809= IFCPRODUCTDEFINITIONSHAPE($,$,(#1807));
#1810= IFCAXIS2PLACEMENT3D(#1,$,$);
#1811= IFCLOCALPLACEMENT($,#1810);
#1812= IFCBUILDINGELEMENTPROXY('1_bfeOHQt9rlzJgw$67Y6v',#18,'Contextual Building',$,$,#1811,#1809,$,$);
#1813= IFCPROPERTYSET('1bx$MfHHI356jAE0oWaLYk',#18,'Forma Element Properties',$,(#1814,#1815));
#1814= IFCPROPERTYSINGLEVALUE('URN',$,IFCLABEL('urn:adsk-forma-elements:basic:pro_i5ejxrzg17:09c154fa-9828-4740-b356-33d2ac7b5b42+d37933b1-b628-4877-be3b-7fc204cb2f88:1782142332233'),$);
#1815= IFCPROPERTYSINGLEVALUE('Key Path',$,IFCLABEL('bd3161c0-0d5f-4676-ad00-0a3c78e1be8c/9da13e6e'),$);
#1816= IFCRELDEFINESBYPROPERTIES('2Cg4abwoaU3nyPu7Gd9TDe',#18,$,$,(#1812),#1813);
#1817= IFCCARTESIANPOINT((191.096119,-173.099291));
#1818= IFCCARTESIANPOINT((194.39728,-172.944635));
#1819= IFCCARTESIANPOINT((196.827541,-169.507139));
#1820= IFCCARTESIANPOINT((189.694146,-158.125531));
#1821= IFCCARTESIANPOINT((188.525312,-156.260659));
#1822= IFCCARTESIANPOINT((180.949141,-161.008984));
#1823= IFCCARTESIANPOINT((189.251364,-174.255559));
#1824= IFCPOLYLINE((#1817,#1818,#1819,#1820,#1821,#1822,#1823,#1817));
#1825= IFCARBITRARYCLOSEDPROFILEDEF(.AREA.,'BoundaryProfile',#1824);
#1826= IFCCARTESIANPOINT((0.0,0.0,216.198584));
#1827= IFCAXIS2PLACEMENT3D(#1826,$,$);
#1828= IFCDIRECTION((0.0,0.0,1.0));
#1829= IFCEXTRUDEDAREASOLID(#1825,#1827,#1828,4.6);
#1830= IFCSHAPEREPRESENTATION(#36,'Body','SweptSolid',(#1829));
#1831= IFCSTYLEDITEM(#1829,(#59),$);
#1832= IFCPRODUCTDEFINITIONSHAPE($,$,(#1830));
#1833= IFCAXIS2PLACEMENT3D(#1,$,$);
#1834= IFCLOCALPLACEMENT($,#1833);
#1835= IFCBUILDINGELEMENTPROXY('3U9bU1C2l8lXvVUIFMy2EP',#18,'Contextual Building',$,$,#1834,#1832,$,$);
#1836= IFCPROPERTYSET('0ddO0MBAQbsXWr_j_GdzOE',#18,'Forma Element Properties',$,(#1837,#1838));
#1837= IFCPROPERTYSINGLEVALUE('URN',$,IFCLABEL('urn:adsk-forma-elements:basic:pro_i5ejxrzg17:09c154fa-9828-4740-b356-33d2ac7b5b42+3123b34d-fb94-4532-9e1a-cdc33c943780:1782142332233'),$);
#1838= IFCPROPERTYSINGLEVALUE('Key Path',$,IFCLABEL('bd3161c0-0d5f-4676-ad00-0a3c78e1be8c/4ba75c92'),$);
#1839= IFCRELDEFINESBYPROPERTIES('24CzUxrM0nq0hKpFE2riR7',#18,$,$,(#1835),#1836);
#1840= IFCCARTESIANPOINT((271.858879,-183.278376));
#1841= IFCCARTESIANPOINT((261.304629,-170.349317));
#1842= IFCCARTESIANPOINT((255.190032,-175.340704));
#1843= IFCCARTESIANPOINT((265.744361,-188.269777));
#1844= IFCPOLYLINE((#1840,#1841,#1842,#1843,#1840));
#1845= IFCARBITRARYCLOSEDPROFILEDEF(.AREA.,'BoundaryProfile',#1844);
#1846= IFCCARTESIANPOINT((0.0,0.0,222.161283));
#1847= IFCAXIS2PLACEMENT3D(#1846,$,$);
#1848= IFCDIRECTION((0.0,0.0,1.0));
#1849= IFCEXTRUDEDAREASOLID(#1845,#1847,#1848,3.7);
#1850= IFCSHAPEREPRESENTATION(#36,'Body','SweptSolid',(#1849));
#1851= IFCSTYLEDITEM(#1849,(#59),$);
#1852= IFCPRODUCTDEFINITIONSHAPE($,$,(#1850));
#1853= IFCAXIS2PLACEMENT3D(#1,$,$);
#1854= IFCLOCALPLACEMENT($,#1853);
#1855= IFCBUILDINGELEMENTPROXY('36_T6H6fdC0W9pcJxVSxy6',#18,'Contextual Building',$,$,#1854,#1852,$,$);
#1856= IFCPROPERTYSET('2$N88KHaBNT5yntRxVYDEg',#18,'Forma Element Properties',$,(#1857,#1858));
#1857= IFCPROPERTYSINGLEVALUE('URN',$,IFCLABEL('urn:adsk-forma-elements:basic:pro_i5ejxrzg17:09c154fa-9828-4740-b356-33d2ac7b5b42+b664e80c-8d48-43ad-83f1-9c6de4e3d8b0:1782142332233'),$);
#1858= IFCPROPERTYSINGLEVALUE('Key Path',$,IFCLABEL('bd3161c0-0d5f-4676-ad00-0a3c78e1be8c/13834377'),$);
#1859= IFCRELDEFINESBYPROPERTIES('37lLvpr0_kmFLvkSTrgEiv',#18,$,$,(#1855),#1856);
#1860= IFCCARTESIANPOINT((-252.644576,255.766044));
#1861= IFCCARTESIANPOINT((-262.865221,258.576761));
#1862= IFCCARTESIANPOINT((-265.148147,250.274821));
#1863= IFCCARTESIANPOINT((-254.927576,247.464262));
#1864= IFCPOLYLINE((#1860,#1861,#1862,#1863,#1860));
#1865= IFCARBITRARYCLOSEDPROFILEDEF(.AREA.,'BoundaryProfile',#1864);
#1866= IFCCARTESIANPOINT((0.0,0.0,222.25986));
#1867= IFCAXIS2PLACEMENT3D(#1866,$,$);
#1868= IFCDIRECTION((0.0,0.0,1.0));
#1869= IFCEXTRUDEDAREASOLID(#1865,#1867,#1868,4.4);
#1870= IFCSHAPEREPRESENTATION(#36,'Body','SweptSolid',(#1869));
#1871= IFCSTYLEDITEM(#1869,(#59),$);
#1872= IFCPRODUCTDEFINITIONSHAPE($,$,(#1870));
#1873= IFCAXIS2PLACEMENT3D(#1,$,$);
#1874= IFCLOCALPLACEMENT($,#1873);
#1875= IFCBUILDINGELEMENTPROXY('3DXOxWY8wW2cpxFGLA5KhR',#18,'Contextual Building',$,$,#1874,#1872,$,$);
#1876= IFCPROPERTYSET('2XpbrNE5IyRMkpoo7L6E2R',#18,'Forma Element Properties',$,(#1877,#1878));
#1877= IFCPROPERTYSINGLEVALUE('URN',$,IFCLABEL('urn:adsk-forma-elements:basic:pro_i5ejxrzg17:09c154fa-9828-4740-b356-33d2ac7b5b42+c4a453c5-df7c-4d84-9fce-63bb94467357:1782142332233'),$);
#1878= IFCPROPERTYSINGLEVALUE('Key Path',$,IFCLABEL('bd3161c0-0d5f-4676-ad00-0a3c78e1be8c/36f69a72'),$);
#1879= IFCRELDEFINESBYPROPERTIES('2JPbIJg58DvwQXvqflWLTG',#18,$,$,(#1875),#1876);
#1880= IFCCARTESIANPOINT((204.054849,252.668578));
#1881= IFCCARTESIANPOINT((196.186411,256.791499));
#1882= IFCCARTESIANPOINT((189.372094,243.786631));
#1883= IFCCARTESIANPOINT((197.240458,239.663779));
#1884= IFCPOLYLINE((#1880,#1881,#1882,#1883,#1880));
#1885= IFCARBITRARYCLOSEDPROFILEDEF(.AREA.,'BoundaryProfile',#1884);
#1886= IFCCARTESIANPOINT((0.0,0.0,227.813492));
#1887= IFCAXIS2PLACEMENT3D(#1886,$,$);
#1888= IFCDIRECTION((0.0,0.0,1.0));
#1889= IFCEXTRUDEDAREASOLID(#1885,#1887,#1888,4.1);
#1890= IFCSHAPEREPRESENTATION(#36,'Body','SweptSolid',(#1889));
#1891= IFCSTYLEDITEM(#1889,(#59),$);
#1892= IFCPRODUCTDEFINITIONSHAPE($,$,(#1890));
#1893= IFCAXIS2PLACEMENT3D(#1,$,$);
#1894= IFCLOCALPLACEMENT($,#1893);
#1895= IFCBUILDINGELEMENTPROXY('2_sOY5cbIJ8Xsx$SiXZw4y',#18,'Contextual Building',$,$,#1894,#1892,$,$);
#1896= IFCPROPERTYSET('3uE9U81mkyX5FKj61Rq5sg',#18,'Forma Element Properties',$,(#1897,#1898));
#1897= IFCPROPERTYSINGLEVALUE('URN',$,IFCLABEL('urn:adsk-forma-elements:basic:pro_i5ejxrzg17:09c154fa-9828-4740-b356-33d2ac7b5b42+5327a465-3a19-4986-9a43-687203f9d8fb:1782142332233'),$);
#1898= IFCPROPERTYSINGLEVALUE('Key Path',$,IFCLABEL('bd3161c0-0d5f-4676-ad00-0a3c78e1be8c/265a0a16'),$);
#1899= IFCRELDEFINESBYPROPERTIES('0kuOxhpXiBSMgmw_Xsn7bD',#18,$,$,(#1895),#1896);
#1900= IFCCARTESIANPOINT((217.09008,245.347553));
#1901= IFCCARTESIANPOINT((209.598702,249.702972));
#1902= IFCCARTESIANPOINT((203.067023,238.46836));
#1903= IFCCARTESIANPOINT((210.558244,234.113011));
#1904= IFCPOLYLINE((#1900,#1901,#1902,#1903,#1900));
#1905= IFCARBITRARYCLOSEDPROFILEDEF(.AREA.,'BoundaryProfile',#1904);
#1906= IFCCARTESIANPOINT((0.0,0.0,229.086779));
#1907= IFCAXIS2PLACEMENT3D(#1906,$,$);
#1908= IFCDIRECTION((0.0,0.0,1.0));
#1909= IFCEXTRUDEDAREASOLID(#1905,#1907,#1908,4.0);
#1910= IFCSHAPEREPRESENTATION(#36,'Body','SweptSolid',(#1909));
#1911= IFCSTYLEDITEM(#1909,(#59),$);
#1912= IFCPRODUCTDEFINITIONSHAPE($,$,(#1910));
#1913= IFCAXIS2PLACEMENT3D(#1,$,$);
#1914= IFCLOCALPLACEMENT($,#1913);
#1915= IFCBUILDINGELEMENTPROXY('0GyNj3X7HZhrTJhg43WXJG',#18,'Contextual Building',$,$,#1914,#1912,$,$);
#1916= IFCPROPERTYSET('0g1zRFXF6mTichg4AX4PkD',#18,'Forma Element Properties',$,(#1917,#1918));
#1917= IFCPROPERTYSINGLEVALUE('URN',$,IFCLABEL('urn:adsk-forma-elements:basic:pro_i5ejxrzg17:09c154fa-9828-4740-b356-33d2ac7b5b42+0042f109-af9e-4fb8-995d-a8c022314b15:1782142332233'),$);
#1918= IFCPROPERTYSINGLEVALUE('Key Path',$,IFCLABEL('bd3161c0-0d5f-4676-ad00-0a3c78e1be8c/ab7be07b'),$);
#1919= IFCRELDEFINESBYPROPERTIES('0Pq_Bd3RcQDP7zD7bIo1Rj',#18,$,$,(#1915),#1916);
#1920= IFCCARTESIANPOINT((-199.972458,205.406948));
#1921= IFCCARTESIANPOINT((-208.827895,217.447258));
#1922= IFCCARTESIANPOINT((-217.017105,211.424245));
#1923= IFCCARTESIANPOINT((-208.161673,199.38392));
#1924= IFCPOLYLINE((#1920,#1921,#1922,#1923,#1920));
#1925= IFCARBITRARYCLOSEDPROFILEDEF(.AREA.,'BoundaryProfile',#1924);
#1926= IFCCARTESIANPOINT((0.0,0.0,222.037503));
#1927= IFCAXIS2PLACEMENT3D(#1926,$,$);
#1928= IFCDIRECTION((0.0,0.0,1.0));
#1929= IFCEXTRUDEDAREASOLID(#1925,#1927,#1928,3.8);
#1930= IFCSHAPEREPRESENTATION(#36,'Body','SweptSolid',(#1929));
#1931= IFCSTYLEDITEM(#1929,(#59),$);
#1932= IFCPRODUCTDEFINITIONSHAPE($,$,(#1930));
#1933= IFCAXIS2PLACEMENT3D(#1,$,$);
#1934= IFCLOCALPLACEMENT($,#1933);
#1935= IFCBUILDINGELEMENTPROXY('2ZHqi3HrRyAXT5BTwyObxL',#18,'Contextual Building',$,$,#1934,#1932,$,$);
#1936= IFCPROPERTYSET('3w_lJjA3mjp33lorpATml9',#18,'Forma Element Properties',$,(#1937,#1938));
#1937= IFCPROPERTYSINGLEVALUE('URN',$,IFCLABEL('urn:adsk-forma-elements:basic:pro_i5ejxrzg17:09c154fa-9828-4740-b356-33d2ac7b5b42+e190bf34-ffe9-4a47-8c3e-453e2ccd0b05:1782142332233'),$);
#1938= IFCPROPERTYSINGLEVALUE('Key Path',$,IFCLABEL('bd3161c0-0d5f-4676-ad00-0a3c78e1be8c/7d5198fb'),$);
#1939= IFCRELDEFINESBYPROPERTIES('2qES0pJqpAnOwYGkqA3D3x',#18,$,$,(#1935),#1936);
#1940= IFCCARTESIANPOINT((-117.87313,195.076572));
#1941= IFCCARTESIANPOINT((-128.096485,200.050012));
#1942= IFCCARTESIANPOINT((-133.219001,189.520387));
#1943= IFCCARTESIANPOINT((-122.995718,184.546854));
#1944= IFCPOLYLINE((#1940,#1941,#1942,#1943,#1940));
#1945= IFCARBITRARYCLOSEDPROFILEDEF(.AREA.,'BoundaryProfile',#1944);
#1946= IFCCARTESIANPOINT((0.0,0.0,221.120678));
#1947= IFCAXIS2PLACEMENT3D(#1946,$,$);
#1948= IFCDIRECTION((0.0,0.0,1.0));
#1949= IFCEXTRUDEDAREASOLID(#1945,#1947,#1948,3.7);
#1950= IFCSHAPEREPRESENTATION(#36,'Body','SweptSolid',(#1949));
#1951= IFCSTYLEDITEM(#1949,(#59),$);
#1952= IFCPRODUCTDEFINITIONSHAPE($,$,(#1950));
#1953= IFCAXIS2PLACEMENT3D(#1,$,$);
#1954= IFCLOCALPLACEMENT($,#1953);
#1955= IFCBUILDINGELEMENTPROXY('3x4BgS3TNwazqIcesJRP45',#18,'Contextual Building',$,$,#1954,#1952,$,$);
#1956= IFCPROPERTYSET('2zmQwdiDk4nyqQjca6TjNr',#18,'Forma Element Properties',$,(#1957,#1958));
#1957= IFCPROPERTYSINGLEVALUE('URN',$,IFCLABEL('urn:adsk-forma-elements:basic:pro_i5ejxrzg17:09c154fa-9828-4740-b356-33d2ac7b5b42+b2f9c7b9-9845-47f9-9e81-ef34e4f14cc1:1782142332233'),$);
#1958= IFCPROPERTYSINGLEVALUE('Key Path',$,IFCLABEL('bd3161c0-0d5f-4676-ad00-0a3c78e1be8c/9fa873bc'),$);
#1959= IFCRELDEFINESBYPROPERTIES('2fvvw5zAmwykxHwiJYnPXK',#18,$,$,(#1955),#1956);
#1960= IFCCARTESIANPOINT((95.381467,129.459925));
#1961= IFCCARTESIANPOINT((89.560491,132.370226));
#1962= IFCCARTESIANPOINT((87.23225,127.71364));
#1963= IFCCARTESIANPOINT((85.327254,128.666128));
#1964= IFCCARTESIANPOINT((81.040947,120.093581));
#1965= IFCCARTESIANPOINT((82.946027,119.141091));
#1966= IFCCARTESIANPOINT((88.766846,116.230619));
#1967= IFCPOLYLINE((#1960,#1961,#1962,#1963,#1964,#1965,#1966,#1960));
#1968= IFCARBITRARYCLOSEDPROFILEDEF(.AREA.,'BoundaryProfile',#1967);
#1969= IFCCARTESIANPOINT((0.0,0.0,220.993327));
#1970= IFCAXIS2PLACEMENT3D(#1969,$,$);
#1971= IFCDIRECTION((0.0,0.0,1.0));
#1972= IFCEXTRUDEDAREASOLID(#1968,#1970,#1971,4.1);
#1973= IFCSHAPEREPRESENTATION(#36,'Body','SweptSolid',(#1972));
#1974= IFCSTYLEDITEM(#1972,(#59),$);
#1975= IFCPRODUCTDEFINITIONSHAPE($,$,(#1973));
#1976= IFCAXIS2PLACEMENT3D(#1,$,$);
#1977= IFCLOCALPLACEMENT($,#1976);
#1978= IFCBUILDINGELEMENTPROXY('2Kfc34X0LGUhj0rGxLssxI',#18,'Contextual Building',$,$,#1977,#1975,$,$);
#1979= IFCPROPERTYSET('3N7rjCORJ0m9$mL8pIqI0_',#18,'Forma Element Properties',$,(#1980,#1981));
#1980= IFCPROPERTYSINGLEVALUE('URN',$,IFCLABEL('urn:adsk-forma-elements:basic:pro_i5ejxrzg17:09c154fa-9828-4740-b356-33d2ac7b5b42+ee81354e-e0eb-4c91-87da-8615f259cff1:1782142332233'),$);
#1981= IFCPROPERTYSINGLEVALUE('Key Path',$,IFCLABEL('bd3161c0-0d5f-4676-ad00-0a3c78e1be8c/686db90a'),$);
#1982= IFCRELDEFINESBYPROPERTIES('0E0lZsb8JrwskeVB0qmSiu',#18,$,$,(#1978),#1979);
#1983= IFCCARTESIANPOINT((-86.899771,21.012641));
#1984= IFCCARTESIANPOINT((-103.877224,37.584939));
#1985= IFCCARTESIANPOINT((-116.101049,25.062045));
#1986= IFCCARTESIANPOINT((-99.123514,8.489864));
#1987= IFCPOLYLINE((#1983,#1984,#1985,#1986,#1983));
#1988= IFCARBITRARYCLOSEDPROFILEDEF(.AREA.,'BoundaryProfile',#1987);
#1989= IFCCARTESIANPOINT((0.0,0.0,217.45284));
#1990= IFCAXIS2PLACEMENT3D(#1989,$,$);
#1991= IFCDIRECTION((0.0,0.0,1.0));
#1992= IFCEXTRUDEDAREASOLID(#1988,#1990,#1991,4.9);
#1993= IFCSHAPEREPRESENTATION(#36,'Body','SweptSolid',(#1992));
#1994= IFCSTYLEDITEM(#1992,(#59),$);
#1995= IFCPRODUCTDEFINITIONSHAPE($,$,(#1993));
#1996= IFCAXIS2PLACEMENT3D(#1,$,$);
#1997= IFCLOCALPLACEMENT($,#1996);
#1998= IFCBUILDINGELEMENTPROXY('2GMbVDfc7KrgEWovFtIqU_',#18,'Contextual Building',$,$,#1997,#1995,$,$);
#1999= IFCPROPERTYSET('1JxM1n7lU3pNdhKOZjoyqI',#18,'Forma Element Properties',$,(#2000,#2001));
#2000= IFCPROPERTYSINGLEVALUE('URN',$,IFCLABEL('urn:adsk-forma-elements:basic:pro_i5ejxrzg17:09c154fa-9828-4740-b356-33d2ac7b5b42+e14d7150-f08d-4bcb-a8ef-80b95778ae14:1782142332233'),$);
#2001= IFCPROPERTYSINGLEVALUE('Key Path',$,IFCLABEL('bd3161c0-0d5f-4676-ad00-0a3c78e1be8c/54dfe2d2'),$);
#2002= IFCRELDEFINESBYPROPERTIES('2aOY14YLBkNU6DIoeuhfdd',#18,$,$,(#1998),#1999);
#2003= IFCCARTESIANPOINT((136.656511,6.692945));
#2004= IFCCARTESIANPOINT((138.618686,9.903517));
#2005= IFCCARTESIANPOINT((128.719074,15.953318));
#2006= IFCCARTESIANPOINT((126.756979,12.742587));
#2007= IFCCARTESIANPOINT((129.914093,10.813393));
#2008= IFCCARTESIANPOINT((127.396072,6.692963));
#2009= IFCCARTESIANPOINT((134.138492,2.572592));
#2010= IFCPOLYLINE((#2003,#2004,#2005,#2006,#2007,#2008,#2009,#2003));
#2011= IFCARBITRARYCLOSEDPROFILEDEF(.AREA.,'BoundaryProfile',#2010);
#2012= IFCCARTESIANPOINT((0.0,0.0,221.099286));
#2013= IFCAXIS2PLACEMENT3D(#2012,$,$);
#2014= IFCDIRECTION((0.0,0.0,1.0));
#2015= IFCEXTRUDEDAREASOLID(#2011,#2013,#2014,5.3);
#2016= IFCSHAPEREPRESENTATION(#36,'Body','SweptSolid',(#2015));
#2017= IFCSTYLEDITEM(#2015,(#59),$);
#2018= IFCPRODUCTDEFINITIONSHAPE($,$,(#2016));
#2019= IFCAXIS2PLACEMENT3D(#1,$,$);
#2020= IFCLOCALPLACEMENT($,#2019);
#2021= IFCBUILDINGELEMENTPROXY('2amADnBaxuPlBjvu4FJI3q',#18,'Contextual Building',$,$,#2020,#2018,$,$);
#2022= IFCPROPERTYSET('0HMpjOjiDB3nAAEBhji27L',#18,'Forma Element Properties',$,(#2023,#2024));
#2023= IFCPROPERTYSINGLEVALUE('URN',$,IFCLABEL('urn:adsk-forma-elements:basic:pro_i5ejxrzg17:09c154fa-9828-4740-b356-33d2ac7b5b42+70550d29-06e8-4dd3-9da1-8b2546b8fb94:1782142332233'),$);
#2024= IFCPROPERTYSINGLEVALUE('Key Path',$,IFCLABEL('bd3161c0-0d5f-4676-ad00-0a3c78e1be8c/e2640117'),$);
#2025= IFCRELDEFINESBYPROPERTIES('2s4N1OrEJ1H0yRzl6oS8h0',#18,$,$,(#2021),#2022);
#2026= IFCCARTESIANPOINT((-105.413367,-6.356597));
#2027= IFCCARTESIANPOINT((-123.550929,9.701821));
#2028= IFCCARTESIANPOINT((-131.085555,1.191389));
#2029= IFCCARTESIANPOINT((-127.110699,-2.32784));
#2030= IFCCARTESIANPOINT((-134.126932,-10.252565));
#2031= IFCCARTESIANPOINT((-119.964383,-22.791644));
#2032= IFCPOLYLINE((#2026,#2027,#2028,#2029,#2030,#2031,#2026));
#2033= IFCARBITRARYCLOSEDPROFILEDEF(.AREA.,'BoundaryProfile',#2032);
#2034= IFCCARTESIANPOINT((0.0,0.0,220.337187));
#2035= IFCAXIS2PLACEMENT3D(#2034,$,$);
#2036= IFCDIRECTION((0.0,0.0,1.0));
#2037= IFCEXTRUDEDAREASOLID(#2033,#2035,#2036,4.2);
#2038= IFCSHAPEREPRESENTATION(#36,'Body','SweptSolid',(#2037));
#2039= IFCSTYLEDITEM(#2037,(#59),$);
#2040= IFCPRODUCTDEFINITIONSHAPE($,$,(#2038));
#2041= IFCAXIS2PLACEMENT3D(#1,$,$);
#2042= IFCLOCALPLACEMENT($,#2041);
#2043= IFCBUILDINGELEMENTPROXY('1yGV3X9fowORY5zfYfgmYi',#18,'Contextual Building',$,$,#2042,#2040,$,$);
#2044= IFCPROPERTYSET('0Ti2dT4WENV_GncNJ8owBc',#18,'Forma Element Properties',$,(#2045,#2046));
#2045= IFCPROPERTYSINGLEVALUE('URN',$,IFCLABEL('urn:adsk-forma-elements:basic:pro_i5ejxrzg17:09c154fa-9828-4740-b356-33d2ac7b5b42+28bf145a-6cdd-460d-9d23-c323907d9c35:1782142332233'),$);
#2046= IFCPROPERTYSINGLEVALUE('Key Path',$,IFCLABEL('bd3161c0-0d5f-4676-ad00-0a3c78e1be8c/d7d5a8c7'),$);
#2047= IFCRELDEFINESBYPROPERTIES('1ZyXOXX8STvjbZVhCZfW2c',#18,$,$,(#2043),#2044);
#2048= IFCCARTESIANPOINT((-249.593185,-169.536287));
#2049= IFCCARTESIANPOINT((-267.305036,-149.942148));
#2050= IFCCARTESIANPOINT((-274.345449,-156.306348));
#2051= IFCCARTESIANPOINT((-271.166596,-159.822872));
#2052= IFCCARTESIANPOINT((-272.379422,-160.919325));
#2053= IFCCARTESIANPOINT((-257.846591,-176.996647));
#2054= IFCPOLYLINE((#2048,#2049,#2050,#2051,#2052,#2053,#2048));
#2055= IFCARBITRARYCLOSEDPROFILEDEF(.AREA.,'BoundaryProfile',#2054);
#2056= IFCCARTESIANPOINT((0.0,0.0,226.239651));
#2057= IFCAXIS2PLACEMENT3D(#2056,$,$);
#2058= IFCDIRECTION((0.0,0.0,1.0));
#2059= IFCEXTRUDEDAREASOLID(#2055,#2057,#2058,3.7);
#2060= IFCSHAPEREPRESENTATION(#36,'Body','SweptSolid',(#2059));
#2061= IFCSTYLEDITEM(#2059,(#59),$);
#2062= IFCPRODUCTDEFINITIONSHAPE($,$,(#2060));
#2063= IFCAXIS2PLACEMENT3D(#1,$,$);
#2064= IFCLOCALPLACEMENT($,#2063);
#2065= IFCBUILDINGELEMENTPROXY('21Idt3qttr0FWMkhAcjgT$',#18,'Contextual Building',$,$,#2064,#2062,$,$);
#2066= IFCPROPERTYSET('0a4CBLMewdje$SjM2Y0_9F',#18,'Forma Element Properties',$,(#2067,#2068));
#2067= IFCPROPERTYSINGLEVALUE('URN',$,IFCLABEL('urn:adsk-forma-elements:basic:pro_i5ejxrzg17:09c154fa-9828-4740-b356-33d2ac7b5b42+23cc4c76-8a63-4db4-93fa-6baad2cd3340:1782142332233'),$);
#2068= IFCPROPERTYSINGLEVALUE('Key Path',$,IFCLABEL('bd3161c0-0d5f-4676-ad00-0a3c78e1be8c/073600f9'),$);
#2069= IFCRELDEFINESBYPROPERTIES('2K$env02LWImDsdbS9Caa7',#18,$,$,(#2065),#2066);
#2070= IFCCARTESIANPOINT((114.10191,179.770024));
#2071= IFCCARTESIANPOINT((106.195851,185.063213));
#2072= IFCCARTESIANPOINT((103.759598,181.424243));
#2073= IFCCARTESIANPOINT((101.963145,178.741105));
#2074= IFCCARTESIANPOINT((99.44008,174.972333));
#2075= IFCCARTESIANPOINT((105.461792,170.940826));
#2076= IFCCARTESIANPOINT((107.984855,174.709601));
#2077= IFCCARTESIANPOINT((109.869289,173.44799));
#2078= IFCPOLYLINE((#2070,#2071,#2072,#2073,#2074,#2075,#2076,#2077,#2070));
#2079= IFCARBITRARYCLOSEDPROFILEDEF(.AREA.,'BoundaryProfile',#2078);
#2080= IFCCARTESIANPOINT((0.0,0.0,224.377972));
#2081= IFCAXIS2PLACEMENT3D(#2080,$,$);
#2082= IFCDIRECTION((0.0,0.0,1.0));
#2083= IFCEXTRUDEDAREASOLID(#2079,#2081,#2082,4.8);
#2084= IFCSHAPEREPRESENTATION(#36,'Body','SweptSolid',(#2083));
#2085= IFCSTYLEDITEM(#2083,(#59),$);
#2086= IFCPRODUCTDEFINITIONSHAPE($,$,(#2084));
#2087= IFCAXIS2PLACEMENT3D(#1,$,$);
#2088= IFCLOCALPLACEMENT($,#2087);
#2089= IFCBUILDINGELEMENTPROXY('3Ztg5B$YOmeH1kx4R0iziz',#18,'Contextual Building',$,$,#2088,#2086,$,$);
#2090= IFCPROPERTYSET('0Fb__mULbr5iciJqPAEmyF',#18,'Forma Element Properties',$,(#2091,#2092));
#2091= IFCPROPERTYSINGLEVALUE('URN',$,IFCLABEL('urn:adsk-forma-elements:basic:pro_i5ejxrzg17:09c154fa-9828-4740-b356-33d2ac7b5b42+8bf970ac-4f76-4040-861f-e9ff24f44861:1782142332233'),$);
#2092= IFCPROPERTYSINGLEVALUE('Key Path',$,IFCLABEL('bd3161c0-0d5f-4676-ad00-0a3c78e1be8c/9f6359d6'),$);
#2093= IFCRELDEFINESBYPROPERTIES('10pna_KwSDgdIKu6x5sFWS',#18,$,$,(#2089),#2090);
#2094= IFCCARTESIANPOINT((270.800499,5.899212));
#2095= IFCCARTESIANPOINT((264.066665,9.356997));
#2096= IFCCARTESIANPOINT((258.894251,-0.715441));
#2097= IFCCARTESIANPOINT((265.62809,-4.173315));
#2098= IFCPOLYLINE((#2094,#2095,#2096,#2097,#2094));
#2099= IFCARBITRARYCLOSEDPROFILEDEF(.AREA.,'BoundaryProfile',#2098);
#2100= IFCCARTESIANPOINT((0.0,0.0,224.815043));
#2101= IFCAXIS2PLACEMENT3D(#2100,$,$);
#2102= IFCDIRECTION((0.0,0.0,1.0));
#2103= IFCEXTRUDEDAREASOLID(#2099,#2101,#2102,4.7);
#2104= IFCSHAPEREPRESENTATION(#36,'Body','SweptSolid',(#2103));
#2105= IFCSTYLEDITEM(#2103,(#59),$);
#2106= IFCPRODUCTDEFINITIONSHAPE($,$,(#2104));
#2107= IFCAXIS2PLACEMENT3D(#1,$,$);
#2108= IFCLOCALPLACEMENT($,#2107);
#2109= IFCBUILDINGELEMENTPROXY('39F4DzjHj4LZIZJayEdL4G',#18,'Contextual Building',$,$,#2108,#2106,$,$);
#2110= IFCPROPERTYSET('16d8Fk$3GrAF9b2rRIqLUs',#18,'Forma Element Properties',$,(#2111,#2112));
#2111= IFCPROPERTYSINGLEVALUE('URN',$,IFCLABEL('urn:adsk-forma-elements:basic:pro_i5ejxrzg17:09c154fa-9828-4740-b356-33d2ac7b5b42+a608f61d-0504-4e2e-9a42-a014e9381ad2:1782142332233'),$);
#2112= IFCPROPERTYSINGLEVALUE('Key Path',$,IFCLABEL('bd3161c0-0d5f-4676-ad00-0a3c78e1be8c/d8e3477e'),$);
#2113= IFCRELDEFINESBYPROPERTIES('3A0y_qmijkmULdwjzS8Viz',#18,$,$,(#2109),#2110);
#2114= IFCCARTESIANPOINT((235.16156,234.460591));
#2115= IFCCARTESIANPOINT((229.393259,237.966181));
#2116= IFCCARTESIANPOINT((225.108579,230.916014));
#2117= IFCCARTESIANPOINT((230.876883,227.410418));
#2118= IFCPOLYLINE((#2114,#2115,#2116,#2117,#2114));
#2119= IFCARBITRARYCLOSEDPROFILEDEF(.AREA.,'BoundaryProfile',#2118);
#2120= IFCCARTESIANPOINT((0.0,0.0,231.078857));
#2121= IFCAXIS2PLACEMENT3D(#2120,$,$);
#2122= IFCDIRECTION((0.0,0.0,1.0));
#2123= IFCEXTRUDEDAREASOLID(#2119,#2121,#2122,3.0);
#2124= IFCSHAPEREPRESENTATION(#36,'Body','SweptSolid',(#2123));
#2125= IFCSTYLEDITEM(#2123,(#59),$);
#2126= IFCPRODUCTDEFINITIONSHAPE($,$,(#2124));
#2127= IFCAXIS2PLACEMENT3D(#1,$,$);
#2128= IFCLOCALPLACEMENT($,#2127);
#2129= IFCBUILDINGELEMENTPROXY('3aewOWG_XMZLahEIp$Vx3s',#18,'Contextual Building',$,$,#2128,#2126,$,$);
#2130= IFCPROPERTYSET('0NXkGXbLKtb5R_3a_wlDM9',#18,'Forma Element Properties',$,(#2131,#2132));
#2131= IFCPROPERTYSINGLEVALUE('URN',$,IFCLABEL('urn:adsk-forma-elements:basic:pro_i5ejxrzg17:09c154fa-9828-4740-b356-33d2ac7b5b42+c0b3b4de-69f6-4fd1-858b-5cd8d3358179:1782142332233'),$);
#2132= IFCPROPERTYSINGLEVALUE('Key Path',$,IFCLABEL('bd3161c0-0d5f-4676-ad00-0a3c78e1be8c/672f96a5'),$);
#2133= IFCRELDEFINESBYPROPERTIES('2nHnkAckFo21DzwTYHoaI8',#18,$,$,(#2129),#2130);
#2134= IFCCARTESIANPOINT((137.955448,204.730684));
#2135= IFCCARTESIANPOINT((149.549705,201.636777));
#2136= IFCCARTESIANPOINT((152.837086,213.955697));
#2137= IFCCARTESIANPOINT((141.242681,217.049677));
#2138= IFCPOLYLINE((#2134,#2135,#2136,#2137,#2134));
#2139= IFCARBITRARYCLOSEDPROFILEDEF(.AREA.,'BoundaryProfile',#2138);
#2140= IFCCARTESIANPOINT((0.0,0.0,231.020621));
#2141= IFCAXIS2PLACEMENT3D(#2140,$,$);
#2142= IFCDIRECTION((0.0,0.0,1.0));
#2143= IFCEXTRUDEDAREASOLID(#2139,#2141,#2142,3.0);
#2144= IFCSHAPEREPRESENTATION(#36,'Body','SweptSolid',(#2143));
#2145= IFCSTYLEDITEM(#2143,(#59),$);
#2146= IFCPRODUCTDEFINITIONSHAPE($,$,(#2144));
#2147= IFCAXIS2PLACEMENT3D(#1,$,$);
#2148= IFCLOCALPLACEMENT($,#2147);
#2149= IFCBUILDINGELEMENTPROXY('3828c3P77GctYXhrD2_IW2',#18,'Contextual Building',$,$,#2148,#2146,$,$);
#2150= IFCPROPERTYSET('30GNH2v3lKs69OW7Gzi7v4',#18,'Forma Element Properties',$,(#2151,#2152));
#2151= IFCPROPERTYSINGLEVALUE('URN',$,IFCLABEL('urn:adsk-forma-elements:basic:pro_i5ejxrzg17:09c154fa-9828-4740-b356-33d2ac7b5b42+d7deef63-0583-4eec-8a66-87ed7b7daba6:1782142332233'),$);
#2152= IFCPROPERTYSINGLEVALUE('Key Path',$,IFCLABEL('bd3161c0-0d5f-4676-ad00-0a3c78e1be8c/99b66340'),$);
#2153= IFCRELDEFINESBYPROPERTIES('3RPf7DWqd5rUbyA6d6gWLr',#18,$,$,(#2149),#2150);
#2154= IFCCARTESIANPOINT((-190.322054,-260.657412));
#2155= IFCCARTESIANPOINT((-173.696974,-275.818653));
#2156= IFCCARTESIANPOINT((-166.116565,-267.506162));
#2157= IFCCARTESIANPOINT((-167.224845,-266.495371));
#2158= IFCCARTESIANPOINT((-152.56904,-250.424621));
#2159= IFCCARTESIANPOINT((-150.352398,-252.446114));
#2160= IFCCARTESIANPOINT((-145.2986,-246.904508));
#2161= IFCCARTESIANPOINT((-129.227816,-261.56017));
#2162= IFCCARTESIANPOINT((-130.238657,-262.668462));
#2163= IFCCARTESIANPOINT((-118.046947,-273.786698));
#2164= IFCCARTESIANPOINT((-99.853658,-253.836743));
#2165= IFCCARTESIANPOINT((-129.22434,-227.052092));
#2166= IFCCARTESIANPOINT((-128.719044,-226.497949));
#2167= IFCCARTESIANPOINT((-173.606494,-185.562739));
#2168= IFCCARTESIANPOINT((-214.036179,-229.896069));
#2169= IFCCARTESIANPOINT((-212.927909,-230.90678));
#2170= IFCCARTESIANPOINT((-215.45466,-233.677641));
#2171= IFCCARTESIANPOINT((-188.300522,-258.440761));
#2172= IFCPOLYLINE((#2154,#2155,#2156,#2157,#2158,#2159,#2160,#2161,#2162,#2163,#2164,#2165,#2166,#2167,#2168,#2169,#2170,#2171,#2154));
#2173= IFCARBITRARYCLOSEDPROFILEDEF(.AREA.,'BoundaryProfile',#2172);
#2174= IFCCARTESIANPOINT((0.0,0.0,220.552232));
#2175= IFCAXIS2PLACEMENT3D(#2174,$,$);
#2176= IFCDIRECTION((0.0,0.0,1.0));
#2177= IFCEXTRUDEDAREASOLID(#2173,#2175,#2176,3.0);
#2178= IFCSHAPEREPRESENTATION(#36,'Body','SweptSolid',(#2177));
#2179= IFCSTYLEDITEM(#2177,(#59),$);
#2180= IFCPRODUCTDEFINITIONSHAPE($,$,(#2178));
#2181= IFCAXIS2PLACEMENT3D(#1,$,$);
#2182= IFCLOCALPLACEMENT($,#2181);
#2183= IFCBUILDINGELEMENTPROXY('2_9wPzNWk$miC$QxoUNIXQ',#18,'Contextual Building',$,$,#2182,#2180,$,$);
#2184= IFCPROPERTYSET('0GSLmq4MMTIZaobmu_og1K',#18,'Forma Element Properties',$,(#2185,#2186));
#2185= IFCPROPERTYSINGLEVALUE('URN',$,IFCLABEL('urn:adsk-forma-elements:basic:pro_i5ejxrzg17:09c154fa-9828-4740-b356-33d2ac7b5b42+82996e6e-09f0-4df2-b83f-4e13c2d383d9:1782142332233'),$);
#2186= IFCPROPERTYSINGLEVALUE('Key Path',$,IFCLABEL('bd3161c0-0d5f-4676-ad00-0a3c78e1be8c/6ad46610'),$);
#2187= IFCRELDEFINESBYPROPERTIES('3JA09M8rCGi$MFS8YiAgsY',#18,$,$,(#2183),#2184);
#2188= IFCCARTESIANPOINT((257.529932,-133.690605));
#2189= IFCCARTESIANPOINT((250.819819,-122.875228));
#2190= IFCCARTESIANPOINT((222.879876,-140.209784));
#2191= IFCCARTESIANPOINT((229.59005,-151.025283));
#2192= IFCPOLYLINE((#2188,#2189,#2190,#2191,#2188));
#2193= IFCARBITRARYCLOSEDPROFILEDEF(.AREA.,'BoundaryProfile',#2192);
#2194= IFCCARTESIANPOINT((0.0,0.0,220.410447));
#2195= IFCAXIS2PLACEMENT3D(#2194,$,$);
#2196= IFCDIRECTION((0.0,0.0,1.0));
#2197= IFCEXTRUDEDAREASOLID(#2193,#2195,#2196,3.0);
#2198= IFCSHAPEREPRESENTATION(#36,'Body','SweptSolid',(#2197));
#2199= IFCSTYLEDITEM(#2197,(#59),$);
#2200= IFCPRODUCTDEFINITIONSHAPE($,$,(#2198));
#2201= IFCAXIS2PLACEMENT3D(#1,$,$);
#2202= IFCLOCALPLACEMENT($,#2201);
#2203= IFCBUILDINGELEMENTPROXY('1lZjHUr1YR0I7thFbw93lw',#18,'Contextual Building',$,$,#2202,#2200,$,$);
#2204= IFCPROPERTYSET('0rGgvy4gJC1qJE0wTF2hsA',#18,'Forma Element Properties',$,(#2205,#2206));
#2205= IFCPROPERTYSINGLEVALUE('URN',$,IFCLABEL('urn:adsk-forma-elements:basic:pro_i5ejxrzg17:09c154fa-9828-4740-b356-33d2ac7b5b42+f3357dd8-c89a-4b52-b8e2-0a6ac3d64a69:1782142332233'),$);
#2206= IFCPROPERTYSINGLEVALUE('Key Path',$,IFCLABEL('bd3161c0-0d5f-4676-ad00-0a3c78e1be8c/114a8bfb'),$);
#2207= IFCRELDEFINESBYPROPERTIES('1a5$jVZG3pWeHpNVi$FJT2',#18,$,$,(#2203),#2204);
#2208= IFCCARTESIANPOINT((34.605328,91.30703));
#2209= IFCCARTESIANPOINT((34.156632,97.655119));
#2210= IFCCARTESIANPOINT((25.163403,97.019434));
#2211= IFCCARTESIANPOINT((25.836438,87.497337));
#2212= IFCCARTESIANPOINT((31.65554,87.908605));
#2213= IFCCARTESIANPOINT((31.431274,91.082693));
#2214= IFCPOLYLINE((#2208,#2209,#2210,#2211,#2212,#2213,#2208));
#2215= IFCARBITRARYCLOSEDPROFILEDEF(.AREA.,'BoundaryProfile',#2214);
#2216= IFCCARTESIANPOINT((0.0,0.0,222.704315));
#2217= IFCAXIS2PLACEMENT3D(#2216,$,$);
#2218= IFCDIRECTION((0.0,0.0,1.0));
#2219= IFCEXTRUDEDAREASOLID(#2215,#2217,#2218,3.0);
#2220= IFCSHAPEREPRESENTATION(#36,'Body','SweptSolid',(#2219));
#2221= IFCSTYLEDITEM(#2219,(#59),$);
#2222= IFCPRODUCTDEFINITIONSHAPE($,$,(#2220));
#2223= IFCAXIS2PLACEMENT3D(#1,$,$);
#2224= IFCLOCALPLACEMENT($,#2223);
#2225= IFCBUILDINGELEMENTPROXY('0gxroPkH4To1uicKfonHlZ',#18,'Contextual Building',$,$,#2224,#2222,$,$);
#2226= IFCPROPERTYSET('1xwA8Z5xBK0SnSc49D1nAB',#18,'Forma Element Properties',$,(#2227,#2228));
#2227= IFCPROPERTYSINGLEVALUE('URN',$,IFCLABEL('urn:adsk-forma-elements:basic:pro_i5ejxrzg17:09c154fa-9828-4740-b356-33d2ac7b5b42+d8ec8ada-dff9-4c00-8d1b-0de611fc4bda:1782142332233'),$);
#2228= IFCPROPERTYSINGLEVALUE('Key Path',$,IFCLABEL('bd3161c0-0d5f-4676-ad00-0a3c78e1be8c/5dc8805e'),$);
#2229= IFCRELDEFINESBYPROPERTIES('0AUdlBbqcdMijZmdZc7naC',#18,$,$,(#2225),#2226);
#2230= IFCCARTESIANPOINT((79.402532,251.375635));
#2231= IFCCARTESIANPOINT((84.525759,255.151038));
#2232= IFCCARTESIANPOINT((79.806536,261.554881));
#2233= IFCCARTESIANPOINT((74.683392,257.779647));
#2234= IFCPOLYLINE((#2230,#2231,#2232,#2233,#2230));
#2235= IFCARBITRARYCLOSEDPROFILEDEF(.AREA.,'BoundaryProfile',#2234);
#2236= IFCCARTESIANPOINT((0.0,0.0,226.840336));
#2237= IFCAXIS2PLACEMENT3D(#2236,$,$);
#2238= IFCDIRECTION((0.0,0.0,1.0));
#2239= IFCEXTRUDEDAREASOLID(#2235,#2237,#2238,3.0);
#2240= IFCSHAPEREPRESENTATION(#36,'Body','SweptSolid',(#2239));
#2241= IFCSTYLEDITEM(#2239,(#59),$);
#2242= IFCPRODUCTDEFINITIONSHAPE($,$,(#2240));
#2243= IFCAXIS2PLACEMENT3D(#1,$,$);
#2244= IFCLOCALPLACEMENT($,#2243);
#2245= IFCBUILDINGELEMENTPROXY('1NwGKdlKN8d1JsvfH05Z87',#18,'Contextual Building',$,$,#2244,#2242,$,$);
#2246= IFCPROPERTYSET('0zXHPni7p7uAfZgDVDqKjK',#18,'Forma Element Properties',$,(#2247,#2248));
#2247= IFCPROPERTYSINGLEVALUE('URN',$,IFCLABEL('urn:adsk-forma-elements:basic:pro_i5ejxrzg17:09c154fa-9828-4740-b356-33d2ac7b5b42+15297b01-ef2c-4c75-85ef-ac7b971821e4:1782142332233'),$);
#2248= IFCPROPERTYSINGLEVALUE('Key Path',$,IFCLABEL('bd3161c0-0d5f-4676-ad00-0a3c78e1be8c/fe41015b'),$);
#2249= IFCRELDEFINESBYPROPERTIES('0s4XI_UAsC5m7cMMra6zyK',#18,$,$,(#2245),#2246);
#2250= IFCCARTESIANPOINT((43.629154,215.068983));
#2251= IFCCARTESIANPOINT((39.49214,205.418214));
#2252= IFCCARTESIANPOINT((54.65756,198.917324));
#2253= IFCCARTESIANPOINT((59.680937,210.636084));
#2254= IFCCARTESIANPOINT((46.583564,216.250488));
#2255= IFCCARTESIANPOINT((45.697103,214.182432));
#2256= IFCPOLYLINE((#2250,#2251,#2252,#2253,#2254,#2255,#2250));
#2257= IFCARBITRARYCLOSEDPROFILEDEF(.AREA.,'BoundaryProfile',#2256);
#2258= IFCCARTESIANPOINT((0.0,0.0,224.527657));
#2259= IFCAXIS2PLACEMENT3D(#2258,$,$);
#2260= IFCDIRECTION((0.0,0.0,1.0));
#2261= IFCEXTRUDEDAREASOLID(#2257,#2259,#2260,3.0);
#2262= IFCSHAPEREPRESENTATION(#36,'Body','SweptSolid',(#2261));
#2263= IFCSTYLEDITEM(#2261,(#59),$);
#2264= IFCPRODUCTDEFINITIONSHAPE($,$,(#2262));
#2265= IFCAXIS2PLACEMENT3D(#1,$,$);
#2266= IFCLOCALPLACEMENT($,#2265);
#2267= IFCBUILDINGELEMENTPROXY('1Rt5FOD4goWNO3BZbmX6rY',#18,'Contextual Building',$,$,#2266,#2264,$,$);
#2268= IFCPROPERTYSET('0HXeGvLwr512Tuhk7xU$y8',#18,'Forma Element Properties',$,(#2269,#2270));
#2269= IFCPROPERTYSINGLEVALUE('URN',$,IFCLABEL('urn:adsk-forma-elements:basic:pro_i5ejxrzg17:09c154fa-9828-4740-b356-33d2ac7b5b42+afa90e90-ac56-49f0-b131-0d67718a56a8:1782142332233'),$);
#2270= IFCPROPERTYSINGLEVALUE('Key Path',$,IFCLABEL('bd3161c0-0d5f-4676-ad00-0a3c78e1be8c/d162cf5f'),$);
#2271= IFCRELDEFINESBYPROPERTIES('1Y3U8LsYe$wzLR3TRvAbfZ',#18,$,$,(#2267),#2268);
#2272= IFCCARTESIANPOINT((235.618621,254.525544));
#2273= IFCCARTESIANPOINT((237.715533,258.506903));
#2274= IFCCARTESIANPOINT((239.042784,257.808112));
#2275= IFCCARTESIANPOINT((240.790113,261.126005));
#2276= IFCCARTESIANPOINT((242.780949,260.077494));
#2277= IFCCARTESIANPOINT((259.206655,291.266729));
#2278= IFCCARTESIANPOINT((250.579831,295.809976));
#2279= IFCCARTESIANPOINT((232.756273,261.966509));
#2280= IFCCARTESIANPOINT((234.747026,260.918159));
#2281= IFCCARTESIANPOINT((232.300697,256.272849));
#2282= IFCPOLYLINE((#2272,#2273,#2274,#2275,#2276,#2277,#2278,#2279,#2280,#2281,#2272));
#2283= IFCARBITRARYCLOSEDPROFILEDEF(.AREA.,'BoundaryProfile',#2282);
#2284= IFCCARTESIANPOINT((0.0,0.0,229.765559));
#2285= IFCAXIS2PLACEMENT3D(#2284,$,$);
#2286= IFCDIRECTION((0.0,0.0,1.0));
#2287= IFCEXTRUDEDAREASOLID(#2283,#2285,#2286,3.0);
#2288= IFCSHAPEREPRESENTATION(#36,'Body','SweptSolid',(#2287));
#2289= IFCSTYLEDITEM(#2287,(#59),$);
#2290= IFCPRODUCTDEFINITIONSHAPE($,$,(#2288));
#2291= IFCAXIS2PLACEMENT3D(#1,$,$);
#2292= IFCLOCALPLACEMENT($,#2291);
#2293= IFCBUILDINGELEMENTPROXY('32jasopcEXCvJik55dLUqG',#18,'Contextual Building',$,$,#2292,#2290,$,$);
#2294= IFCPROPERTYSET('0oPxay$sLbboB90_N8DDt1',#18,'Forma Element Properties',$,(#2295,#2296));
#2295= IFCPROPERTYSINGLEVALUE('URN',$,IFCLABEL('urn:adsk-forma-elements:basic:pro_i5ejxrzg17:09c154fa-9828-4740-b356-33d2ac7b5b42+912a77fc-deda-4fb0-a729-dcf3bbe70d60:1782142332233'),$);
#2296= IFCPROPERTYSINGLEVALUE('Key Path',$,IFCLABEL('bd3161c0-0d5f-4676-ad00-0a3c78e1be8c/4261ac80'),$);
#2297= IFCRELDEFINESBYPROPERTIES('1sWulL2hcXFkfSf2$si645',#18,$,$,(#2293),#2294);
#2298= IFCCARTESIANPOINT((187.230751,-260.917237));
#2299= IFCCARTESIANPOINT((198.834545,-253.469061));
#2300= IFCCARTESIANPOINT((197.68876,-251.683804));
#2301= IFCCARTESIANPOINT((200.366555,-249.965075));
#2302= IFCCARTESIANPOINT((182.605471,-222.294244));
#2303= IFCCARTESIANPOINT((168.770004,-231.174869));
#2304= IFCCARTESIANPOINT((181.947688,-251.704718));
#2305= IFCCARTESIANPOINT((181.501347,-251.991104));
#2306= IFCPOLYLINE((#2298,#2299,#2300,#2301,#2302,#2303,#2304,#2305,#2298));
#2307= IFCARBITRARYCLOSEDPROFILEDEF(.AREA.,'BoundaryProfile',#2306);
#2308= IFCCARTESIANPOINT((0.0,0.0,213.33555));
#2309= IFCAXIS2PLACEMENT3D(#2308,$,$);
#2310= IFCDIRECTION((0.0,0.0,1.0));
#2311= IFCEXTRUDEDAREASOLID(#2307,#2309,#2310,3.0);
#2312= IFCSHAPEREPRESENTATION(#36,'Body','SweptSolid',(#2311));
#2313= IFCSTYLEDITEM(#2311,(#59),$);
#2314= IFCPRODUCTDEFINITIONSHAPE($,$,(#2312));
#2315= IFCAXIS2PLACEMENT3D(#1,$,$);
#2316= IFCLOCALPLACEMENT($,#2315);
#2317= IFCBUILDINGELEMENTPROXY('2SCLKAIkW_EUKaV6qN4RIQ',#18,'Contextual Building',$,$,#2316,#2314,$,$);
#2318= IFCPROPERTYSET('335Sd26nY1lQwRG6ZbIMRp',#18,'Forma Element Properties',$,(#2319,#2320));
#2319= IFCPROPERTYSINGLEVALUE('URN',$,IFCLABEL('urn:adsk-forma-elements:basic:pro_i5ejxrzg17:09c154fa-9828-4740-b356-33d2ac7b5b42+e09c835e-44f9-48b4-a47e-5a4fea1eaae1:1782142332233'),$);
#2320= IFCPROPERTYSINGLEVALUE('Key Path',$,IFCLABEL('bd3161c0-0d5f-4676-ad00-0a3c78e1be8c/f6f85375'),$);
#2321= IFCRELDEFINESBYPROPERTIES('2RwLQFXWt9aNqKuP9O_CD9',#18,$,$,(#2317),#2318);
#2322= IFCCARTESIANPOINT((237.783223,-118.479799));
#2323= IFCCARTESIANPOINT((238.363368,-116.305832));
#2324= IFCCARTESIANPOINT((247.059088,-118.626311));
#2325= IFCCARTESIANPOINT((250.926516,-104.133446));
#2326= IFCCARTESIANPOINT((237.158397,-100.459342));
#2327= IFCCARTESIANPOINT((232.71072,-117.126162));
#2328= IFCPOLYLINE((#2322,#2323,#2324,#2325,#2326,#2327,#2322));
#2329= IFCARBITRARYCLOSEDPROFILEDEF(.AREA.,'BoundaryProfile',#2328);
#2330= IFCCARTESIANPOINT((0.0,0.0,222.538475));
#2331= IFCAXIS2PLACEMENT3D(#2330,$,$);
#2332= IFCDIRECTION((0.0,0.0,1.0));
#2333= IFCEXTRUDEDAREASOLID(#2329,#2331,#2332,3.0);
#2334= IFCSHAPEREPRESENTATION(#36,'Body','SweptSolid',(#2333));
#2335= IFCSTYLEDITEM(#2333,(#59),$);
#2336= IFCPRODUCTDEFINITIONSHAPE($,$,(#2334));
#2337= IFCAXIS2PLACEMENT3D(#1,$,$);
#2338= IFCLOCALPLACEMENT($,#2337);
#2339= IFCBUILDINGELEMENTPROXY('2kwQtkIoVYp$rrt2lAZA9_',#18,'Contextual Building',$,$,#2338,#2336,$,$);
#2340= IFCPROPERTYSET('3fQ81DZO2aFlJPYUzLPC72',#18,'Forma Element Properties',$,(#2341,#2342));
#2341= IFCPROPERTYSINGLEVALUE('URN',$,IFCLABEL('urn:adsk-forma-elements:basic:pro_i5ejxrzg17:09c154fa-9828-4740-b356-33d2ac7b5b42+259d4f96-ebf6-4e85-b4f7-90e41617e759:1782142332233'),$);
#2342= IFCPROPERTYSINGLEVALUE('Key Path',$,IFCLABEL('bd3161c0-0d5f-4676-ad00-0a3c78e1be8c/d722a40a'),$);
#2343= IFCRELDEFINESBYPROPERTIES('02T0XSc6JnguHttNE$vVwr',#18,$,$,(#2339),#2340);
#2344= IFCCARTESIANPOINT((-0.398,196.928709));
#2345= IFCCARTESIANPOINT((-10.336925,203.440402));
#2346= IFCCARTESIANPOINT((-14.950053,196.399537));
#2347= IFCCARTESIANPOINT((-5.01096,189.887753));
#2348= IFCPOLYLINE((#2344,#2345,#2346,#2347,#2344));
#2349= IFCARBITRARYCLOSEDPROFILEDEF(.AREA.,'BoundaryProfile',#2348);
#2350= IFCCARTESIANPOINT((0.0,0.0,223.631144));
#2351= IFCAXIS2PLACEMENT3D(#2350,$,$);
#2352= IFCDIRECTION((0.0,0.0,1.0));
#2353= IFCEXTRUDEDAREASOLID(#2349,#2351,#2352,3.9);
#2354= IFCSHAPEREPRESENTATION(#36,'Body','SweptSolid',(#2353));
#2355= IFCSTYLEDITEM(#2353,(#59),$);
#2356= IFCPRODUCTDEFINITIONSHAPE($,$,(#2354));
#2357= IFCAXIS2PLACEMENT3D(#1,$,$);
#2358= IFCLOCALPLACEMENT($,#2357);
#2359= IFCBUILDINGELEMENTPROXY('0ea9k4tkyd2Hrfk1MywxbC',#18,'Contextual Building',$,$,#2358,#2356,$,$);
#2360= IFCPROPERTYSET('2fryR197PJxCD2WSmRxDRn',#18,'Forma Element Properties',$,(#2361,#2362));
#2361= IFCPROPERTYSINGLEVALUE('URN',$,IFCLABEL('urn:adsk-forma-elements:basic:pro_i5ejxrzg17:09c154fa-9828-4740-b356-33d2ac7b5b42+1e8a6cc1-e7c4-4471-aa41-47bda60f4ebe:1782142332233'),$);
#2362= IFCPROPERTYSINGLEVALUE('Key Path',$,IFCLABEL('bd3161c0-0d5f-4676-ad00-0a3c78e1be8c/2df4a65b'),$);
#2363= IFCRELDEFINESBYPROPERTIES('3FcMmXZwKfEnurRcvS6w$$',#18,$,$,(#2359),#2360);
#2364= IFCCARTESIANPOINT((-11.597457,186.630985));
#2365= IFCCARTESIANPOINT((-17.591686,191.045664));
#2366= IFCCARTESIANPOINT((-24.468457,181.70827));
#2367= IFCCARTESIANPOINT((-18.474143,177.293582));
#2368= IFCPOLYLINE((#2364,#2365,#2366,#2367,#2364));
#2369= IFCARBITRARYCLOSEDPROFILEDEF(.AREA.,'BoundaryProfile',#2368);
#2370= IFCCARTESIANPOINT((0.0,0.0,222.624489));
#2371= IFCAXIS2PLACEMENT3D(#2370,$,$);
#2372= IFCDIRECTION((0.0,0.0,1.0));
#2373= IFCEXTRUDEDAREASOLID(#2369,#2371,#2372,4.4);
#2374= IFCSHAPEREPRESENTATION(#36,'Body','SweptSolid',(#2373));
#2375= IFCSTYLEDITEM(#2373,(#59),$);
#2376= IFCPRODUCTDEFINITIONSHAPE($,$,(#2374));
#2377= IFCAXIS2PLACEMENT3D(#1,$,$);
#2378= IFCLOCALPLACEMENT($,#2377);
#2379= IFCBUILDINGELEMENTPROXY('2c462tL6j$kazcd9PD4efw',#18,'Contextual Building',$,$,#2378,#2376,$,$);
#2380= IFCPROPERTYSET('1KFxyGHULqCElUH4e25CcM',#18,'Forma Element Properties',$,(#2381,#2382));
#2381= IFCPROPERTYSINGLEVALUE('URN',$,IFCLABEL('urn:adsk-forma-elements:basic:pro_i5ejxrzg17:09c154fa-9828-4740-b356-33d2ac7b5b42+eb0a6ed6-c8b5-49ee-a6b6-8e54d9ddc02e:1782142332233'),$);
#2382= IFCPROPERTYSINGLEVALUE('Key Path',$,IFCLABEL('bd3161c0-0d5f-4676-ad00-0a3c78e1be8c/ddde8f45'),$);
#2383= IFCRELDEFINESBYPROPERTIES('0Z61vcHP0CsO4LT4ZdOpQR',#18,$,$,(#2379),#2380);
#2384= IFCCARTESIANPOINT((-152.091059,89.712311));
#2385= IFCCARTESIANPOINT((-157.031509,93.211923));
#2386= IFCCARTESIANPOINT((-162.236683,85.863447));
#2387= IFCCARTESIANPOINT((-157.296149,82.363829));
#2388= IFCPOLYLINE((#2384,#2385,#2386,#2387,#2384));
#2389= IFCARBITRARYCLOSEDPROFILEDEF(.AREA.,'BoundaryProfile',#2388);
#2390= IFCCARTESIANPOINT((0.0,0.0,221.248914));
#2391= IFCAXIS2PLACEMENT3D(#2390,$,$);
#2392= IFCDIRECTION((0.0,0.0,1.0));
#2393= IFCEXTRUDEDAREASOLID(#2389,#2391,#2392,3.8);
#2394= IFCSHAPEREPRESENTATION(#36,'Body','SweptSolid',(#2393));
#2395= IFCSTYLEDITEM(#2393,(#59),$);
#2396= IFCPRODUCTDEFINITIONSHAPE($,$,(#2394));
#2397= IFCAXIS2PLACEMENT3D(#1,$,$);
#2398= IFCLOCALPLACEMENT($,#2397);
#2399= IFCBUILDINGELEMENTPROXY('2Dcmx5vHkOq66Y_GQu_GkZ',#18,'Contextual Building',$,$,#2398,#2396,$,$);
#2400= IFCPROPERTYSET('2L1nAqmBdz$RLDdS0JIZes',#18,'Forma Element Properties',$,(#2401,#2402));
#2401= IFCPROPERTYSINGLEVALUE('URN',$,IFCLABEL('urn:adsk-forma-elements:basic:pro_i5ejxrzg17:09c154fa-9828-4740-b356-33d2ac7b5b42+fcd9c67c-63a6-46d2-8241-19b8f39d2e62:1782142332233'),$);
#2402= IFCPROPERTYSINGLEVALUE('Key Path',$,IFCLABEL('bd3161c0-0d5f-4676-ad00-0a3c78e1be8c/b88b68c6'),$);
#2403= IFCRELDEFINESBYPROPERTIES('1CUME_2l3z89E7K6lWxiAS',#18,$,$,(#2399),#2400);
#2404= IFCCARTESIANPOINT((175.999696,74.383691));
#2405= IFCCARTESIANPOINT((164.043309,79.907026));
#2406= IFCCARTESIANPOINT((160.120504,71.415384));
#2407= IFCCARTESIANPOINT((172.076817,65.892038));
#2408= IFCPOLYLINE((#2404,#2405,#2406,#2407,#2404));
#2409= IFCARBITRARYCLOSEDPROFILEDEF(.AREA.,'BoundaryProfile',#2408);
#2410= IFCCARTESIANPOINT((0.0,0.0,224.129572));
#2411= IFCAXIS2PLACEMENT3D(#2410,$,$);
#2412= IFCDIRECTION((0.0,0.0,1.0));
#2413= IFCEXTRUDEDAREASOLID(#2409,#2411,#2412,3.6);
#2414= IFCSHAPEREPRESENTATION(#36,'Body','SweptSolid',(#2413));
#2415= IFCSTYLEDITEM(#2413,(#59),$);
#2416= IFCPRODUCTDEFINITIONSHAPE($,$,(#2414));
#2417= IFCAXIS2PLACEMENT3D(#1,$,$);
#2418= IFCLOCALPLACEMENT($,#2417);
#2419= IFCBUILDINGELEMENTPROXY('0I4F4sRdmpsluu1Un$Z1qh',#18,'Contextual Building',$,$,#2418,#2416,$,$);
#2420= IFCPROPERTYSET('1Iwatafcy9KkA2XOmmOZaU',#18,'Forma Element Properties',$,(#2421,#2422));
#2421= IFCPROPERTYSINGLEVALUE('URN',$,IFCLABEL('urn:adsk-forma-elements:basic:pro_i5ejxrzg17:09c154fa-9828-4740-b356-33d2ac7b5b42+ed29544e-6c5d-4f16-917f-b2447af0f5b9:1782142332233'),$);
#2422= IFCPROPERTYSINGLEVALUE('Key Path',$,IFCLABEL('bd3161c0-0d5f-4676-ad00-0a3c78e1be8c/c22fb264'),$);
#2423= IFCRELDEFINESBYPROPERTIES('0vddjC0eQX_YrYiLSdbo7y',#18,$,$,(#2419),#2420);
#2424= IFCCARTESIANPOINT((106.085914,64.971593));
#2425= IFCCARTESIANPOINT((96.934177,69.216511));
#2426= IFCCARTESIANPOINT((93.672745,62.185394));
#2427= IFCCARTESIANPOINT((102.824488,57.940389));
#2428= IFCPOLYLINE((#2424,#2425,#2426,#2427,#2424));
#2429= IFCARBITRARYCLOSEDPROFILEDEF(.AREA.,'BoundaryProfile',#2428);
#2430= IFCCARTESIANPOINT((0.0,0.0,222.397872));
#2431= IFCAXIS2PLACEMENT3D(#2430,$,$);
#2432= IFCDIRECTION((0.0,0.0,1.0));
#2433= IFCEXTRUDEDAREASOLID(#2429,#2431,#2432,4.3);
#2434= IFCSHAPEREPRESENTATION(#36,'Body','SweptSolid',(#2433));
#2435= IFCSTYLEDITEM(#2433,(#59),$);
#2436= IFCPRODUCTDEFINITIONSHAPE($,$,(#2434));
#2437= IFCAXIS2PLACEMENT3D(#1,$,$);
#2438= IFCLOCALPLACEMENT($,#2437);
#2439= IFCBUILDINGELEMENTPROXY('0ZHevaXX3pxmBgDZRWJvou',#18,'Contextual Building',$,$,#2438,#2436,$,$);
#2440= IFCPROPERTYSET('0j_3E4Lo$h8LQEs5bDs5HS',#18,'Forma Element Properties',$,(#2441,#2442));
#2441= IFCPROPERTYSINGLEVALUE('URN',$,IFCLABEL('urn:adsk-forma-elements:basic:pro_i5ejxrzg17:09c154fa-9828-4740-b356-33d2ac7b5b42+7a60ab04-8c7a-41c1-8307-8eb1061bde90:1782142332233'),$);
#2442= IFCPROPERTYSINGLEVALUE('Key Path',$,IFCLABEL('bd3161c0-0d5f-4676-ad00-0a3c78e1be8c/c30e439f'),$);
#2443= IFCRELDEFINESBYPROPERTIES('14p8f4kzVqmssS4KiQaJKl',#18,$,$,(#2439),#2440);
#2444= IFCCARTESIANPOINT((-238.674013,-40.831195));
#2445= IFCCARTESIANPOINT((-263.139677,-17.248267));
#2446= IFCCARTESIANPOINT((-273.215931,-27.701573));
#2447= IFCCARTESIANPOINT((-248.750183,-51.284718));
#2448= IFCPOLYLINE((#2444,#2445,#2446,#2447,#2444));
#2449= IFCARBITRARYCLOSEDPROFILEDEF(.AREA.,'BoundaryProfile',#2448);
#2450= IFCCARTESIANPOINT((0.0,0.0,226.89004));
#2451= IFCAXIS2PLACEMENT3D(#2450,$,$);
#2452= IFCDIRECTION((0.0,0.0,1.0));
#2453= IFCEXTRUDEDAREASOLID(#2449,#2451,#2452,4.8);
#2454= IFCSHAPEREPRESENTATION(#36,'Body','SweptSolid',(#2453));
#2455= IFCSTYLEDITEM(#2453,(#59),$);
#2456= IFCPRODUCTDEFINITIONSHAPE($,$,(#2454));
#2457= IFCAXIS2PLACEMENT3D(#1,$,$);
#2458= IFCLOCALPLACEMENT($,#2457);
#2459= IFCBUILDINGELEMENTPROXY('3dqwg1MsMYSTsmLkXCEBdC',#18,'Contextual Building',$,$,#2458,#2456,$,$);
#2460= IFCPROPERTYSET('07aJL9dCWpjS4Sx72HvYvW',#18,'Forma Element Properties',$,(#2461,#2462));
#2461= IFCPROPERTYSINGLEVALUE('URN',$,IFCLABEL('urn:adsk-forma-elements:basic:pro_i5ejxrzg17:09c154fa-9828-4740-b356-33d2ac7b5b42+97bf1e3a-2dcf-4fc5-b6c9-51d46b843aa5:1782142332233'),$);
#2462= IFCPROPERTYSINGLEVALUE('Key Path',$,IFCLABEL('bd3161c0-0d5f-4676-ad00-0a3c78e1be8c/dbc04d1d'),$);
#2463= IFCRELDEFINESBYPROPERTIES('1Dk$2LwBLS9AlaEKxngHmB',#18,$,$,(#2459),#2460);
#2464= IFCCARTESIANPOINT((-164.262921,-101.853637));
#2465= IFCCARTESIANPOINT((-171.271832,-93.84228));
#2466= IFCCARTESIANPOINT((-188.264035,-108.708494));
#2467= IFCCARTESIANPOINT((-181.255046,-116.719877));
#2468= IFCPOLYLINE((#2464,#2465,#2466,#2467,#2464));
#2469= IFCARBITRARYCLOSEDPROFILEDEF(.AREA.,'BoundaryProfile',#2468);
#2470= IFCCARTESIANPOINT((0.0,0.0,225.002324));
#2471= IFCAXIS2PLACEMENT3D(#2470,$,$);
#2472= IFCDIRECTION((0.0,0.0,1.0));
#2473= IFCEXTRUDEDAREASOLID(#2469,#2471,#2472,4.0);
#2474= IFCSHAPEREPRESENTATION(#36,'Body','SweptSolid',(#2473));
#2475= IFCSTYLEDITEM(#2473,(#59),$);
#2476= IFCPRODUCTDEFINITIONSHAPE($,$,(#2474));
#2477= IFCAXIS2PLACEMENT3D(#1,$,$);
#2478= IFCLOCALPLACEMENT($,#2477);
#2479= IFCBUILDINGELEMENTPROXY('0n0LgASAJBQv5OT5i6N0fZ',#18,'Contextual Building',$,$,#2478,#2476,$,$);
#2480= IFCPROPERTYSET('3$Vbjga39hjkDD7CMjlXHO',#18,'Forma Element Properties',$,(#2481,#2482));
#2481= IFCPROPERTYSINGLEVALUE('URN',$,IFCLABEL('urn:adsk-forma-elements:basic:pro_i5ejxrzg17:09c154fa-9828-4740-b356-33d2ac7b5b42+bd9bf89c-18e1-4d12-b8f5-9e3ce5fb56ae:1782142332233'),$);
#2482= IFCPROPERTYSINGLEVALUE('Key Path',$,IFCLABEL('bd3161c0-0d5f-4676-ad00-0a3c78e1be8c/612c3c2f'),$);
#2483= IFCRELDEFINESBYPROPERTIES('3fmJ6DTW8xzQ_pZqJQipx_',#18,$,$,(#2479),#2480);
#2484= IFCCARTESIANPOINT((-4.072915,-128.578775));
#2485= IFCCARTESIANPOINT((-21.907408,-111.977504));
#2486= IFCCARTESIANPOINT((-36.667383,-127.834021));
#2487= IFCCARTESIANPOINT((-43.357028,-134.919551));
#2488= IFCCARTESIANPOINT((-25.316213,-151.884137));
#2489= IFCCARTESIANPOINT((-3.162633,-171.807898));
#2490= IFCCARTESIANPOINT((9.127061,-158.142901));
#2491= IFCCARTESIANPOINT((-13.026594,-138.219037));
#2492= IFCCARTESIANPOINT((-18.832722,-144.435187));
#2493= IFCPOLYLINE((#2484,#2485,#2486,#2487,#2488,#2489,#2490,#2491,#2492,#2484));
#2494= IFCARBITRARYCLOSEDPROFILEDEF(.AREA.,'BoundaryProfile',#2493);
#2495= IFCCARTESIANPOINT((0.0,0.0,220.382315));
#2496= IFCAXIS2PLACEMENT3D(#2495,$,$);
#2497= IFCDIRECTION((0.0,0.0,1.0));
#2498= IFCEXTRUDEDAREASOLID(#2494,#2496,#2497,5.2);
#2499= IFCSHAPEREPRESENTATION(#36,'Body','SweptSolid',(#2498));
#2500= IFCSTYLEDITEM(#2498,(#59),$);
#2501= IFCPRODUCTDEFINITIONSHAPE($,$,(#2499));
#2502= IFCAXIS2PLACEMENT3D(#1,$,$);
#2503= IFCLOCALPLACEMENT($,#2502);
#2504= IFCBUILDINGELEMENTPROXY('3Bn3SfXd5zI991tIGublMQ',#18,'Contextual Building',$,$,#2503,#2501,$,$);
#2505= IFCPROPERTYSET('2o1QtjCZXmt4RIJlaQpxit',#18,'Forma Element Properties',$,(#2506,#2507));
#2506= IFCPROPERTYSINGLEVALUE('URN',$,IFCLABEL('urn:adsk-forma-elements:basic:pro_i5ejxrzg17:09c154fa-9828-4740-b356-33d2ac7b5b42+6be48104-43b6-42f2-96fe-a68afdea03be:1782142332233'),$);
#2507= IFCPROPERTYSINGLEVALUE('Key Path',$,IFCLABEL('bd3161c0-0d5f-4676-ad00-0a3c78e1be8c/39a1f02a'),$);
#2508= IFCRELDEFINESBYPROPERTIES('1$WWfF5DXMth9nyqnC89By',#18,$,$,(#2504),#2505);
#2509= IFCCARTESIANPOINT((-224.110196,-139.073732));
#2510= IFCCARTESIANPOINT((-231.637813,-130.73978));
#2511= IFCCARTESIANPOINT((-252.157056,-149.273784));
#2512= IFCCARTESIANPOINT((-244.62936,-157.607851));
#2513= IFCPOLYLINE((#2509,#2510,#2511,#2512,#2509));
#2514= IFCARBITRARYCLOSEDPROFILEDEF(.AREA.,'BoundaryProfile',#2513);
#2515= IFCCARTESIANPOINT((0.0,0.0,225.379336));
#2516= IFCAXIS2PLACEMENT3D(#2515,$,$);
#2517= IFCDIRECTION((0.0,0.0,1.0));
#2518= IFCEXTRUDEDAREASOLID(#2514,#2516,#2517,4.1);
#2519= IFCSHAPEREPRESENTATION(#36,'Body','SweptSolid',(#2518));
#2520= IFCSTYLEDITEM(#2518,(#59),$);
#2521= IFCPRODUCTDEFINITIONSHAPE($,$,(#2519));
#2522= IFCAXIS2PLACEMENT3D(#1,$,$);
#2523= IFCLOCALPLACEMENT($,#2522);
#2524= IFCBUILDINGELEMENTPROXY('2P9Ot$rfrkE6b1PNS_k2TE',#18,'Contextual Building',$,$,#2523,#2521,$,$);
#2525= IFCPROPERTYSET('1dvi4tzvOtDCGhQuDa34gw',#18,'Forma Element Properties',$,(#2526,#2527));
#2526= IFCPROPERTYSINGLEVALUE('URN',$,IFCLABEL('urn:adsk-forma-elements:basic:pro_i5ejxrzg17:09c154fa-9828-4740-b356-33d2ac7b5b42+1dffbc0d-285f-4440-9bb9-85d5c6dbcf05:1782142332233'),$);
#2527= IFCPROPERTYSINGLEVALUE('Key Path',$,IFCLABEL('bd3161c0-0d5f-4676-ad00-0a3c78e1be8c/e504e928'),$);
#2528= IFCRELDEFINESBYPROPERTIES('1I$q6Q$o$ruj0H_7OmwOgP',#18,$,$,(#2524),#2525);
#2529= IFCCARTESIANPOINT((-66.534647,-236.853481));
#2530= IFCCARTESIANPOINT((-63.30474,-232.714667));
#2531= IFCCARTESIANPOINT((-62.122094,-233.637394));
#2532= IFCCARTESIANPOINT((-56.123645,-225.95113));
#2533= IFCCARTESIANPOINT((-79.182896,-207.955572));
#2534= IFCCARTESIANPOINT((-88.411263,-219.780685));
#2535= IFCPOLYLINE((#2529,#2530,#2531,#2532,#2533,#2534,#2529));
#2536= IFCARBITRARYCLOSEDPROFILEDEF(.AREA.,'BoundaryProfile',#2535);
#2537= IFCCARTESIANPOINT((0.0,0.0,219.387252));
#2538= IFCAXIS2PLACEMENT3D(#2537,$,$);
#2539= IFCDIRECTION((0.0,0.0,1.0));
#2540= IFCEXTRUDEDAREASOLID(#2536,#2538,#2539,3.0);
#2541= IFCSHAPEREPRESENTATION(#36,'Body','SweptSolid',(#2540));
#2542= IFCSTYLEDITEM(#2540,(#59),$);
#2543= IFCPRODUCTDEFINITIONSHAPE($,$,(#2541));
#2544= IFCAXIS2PLACEMENT3D(#1,$,$);
#2545= IFCLOCALPLACEMENT($,#2544);
#2546= IFCBUILDINGELEMENTPROXY('3BLxMOZwBXn2kergzFov8Z',#18,'Contextual Building',$,$,#2545,#2543,$,$);
#2547= IFCPROPERTYSET('2NzMO8FyQ4Td7TqcRG625j',#18,'Forma Element Properties',$,(#2548,#2549));
#2548= IFCPROPERTYSINGLEVALUE('URN',$,IFCLABEL('urn:adsk-forma-elements:basic:pro_i5ejxrzg17:09c154fa-9828-4740-b356-33d2ac7b5b42+63db95aa-1a01-4bdd-97f5-98ad95000ffd:1782142332233'),$);
#2549= IFCPROPERTYSINGLEVALUE('Key Path',$,IFCLABEL('bd3161c0-0d5f-4676-ad00-0a3c78e1be8c/bd7d7856'),$);
#2550= IFCRELDEFINESBYPROPERTIES('1mOpRQ4ZrYid81ervvY2AZ',#18,$,$,(#2546),#2547);
#2551= IFCCARTESIANPOINT((190.346887,152.092629));
#2552= IFCCARTESIANPOINT((184.762222,154.286311));
#2553= IFCCARTESIANPOINT((179.55219,141.022857));
#2554= IFCCARTESIANPOINT((185.136861,138.829168));
#2555= IFCPOLYLINE((#2551,#2552,#2553,#2554,#2551));
#2556= IFCARBITRARYCLOSEDPROFILEDEF(.AREA.,'BoundaryProfile',#2555);
#2557= IFCCARTESIANPOINT((0.0,0.0,226.26836));
#2558= IFCAXIS2PLACEMENT3D(#2557,$,$);
#2559= IFCDIRECTION((0.0,0.0,1.0));
#2560= IFCEXTRUDEDAREASOLID(#2556,#2558,#2559,3.0);
#2561= IFCSHAPEREPRESENTATION(#36,'Body','SweptSolid',(#2560));
#2562= IFCSTYLEDITEM(#2560,(#59),$);
#2563= IFCPRODUCTDEFINITIONSHAPE($,$,(#2561));
#2564= IFCAXIS2PLACEMENT3D(#1,$,$);
#2565= IFCLOCALPLACEMENT($,#2564);
#2566= IFCBUILDINGELEMENTPROXY('3MYMNO4rNY9RPc4dn2pGkf',#18,'Contextual Building',$,$,#2565,#2563,$,$);
#2567= IFCPROPERTYSET('0jtVTHqIE9hwGvZwJS4YaJ',#18,'Forma Element Properties',$,(#2568,#2569));
#2568= IFCPROPERTYSINGLEVALUE('URN',$,IFCLABEL('urn:adsk-forma-elements:basic:pro_i5ejxrzg17:09c154fa-9828-4740-b356-33d2ac7b5b42+f48f73e1-e1fc-4323-8d50-61803c505c40:1782142332233'),$);
#2569= IFCPROPERTYSINGLEVALUE('Key Path',$,IFCLABEL('bd3161c0-0d5f-4676-ad00-0a3c78e1be8c/2fca77b3'),$);
#2570= IFCRELDEFINESBYPROPERTIES('1FV12z5idjjUphgXAIf52E',#18,$,$,(#2566),#2567);
#2571= IFCCARTESIANPOINT((-82.92332,198.983459));
#2572= IFCCARTESIANPOINT((-88.088548,202.036358));
#2573= IFCCARTESIANPOINT((-91.904722,195.579935));
#2574= IFCCARTESIANPOINT((-86.739491,192.52687));
#2575= IFCPOLYLINE((#2571,#2572,#2573,#2574,#2571));
#2576= IFCARBITRARYCLOSEDPROFILEDEF(.AREA.,'BoundaryProfile',#2575);
#2577= IFCCARTESIANPOINT((0.0,0.0,222.207519));
#2578= IFCAXIS2PLACEMENT3D(#2577,$,$);
#2579= IFCDIRECTION((0.0,0.0,1.0));
#2580= IFCEXTRUDEDAREASOLID(#2576,#2578,#2579,3.0);
#2581= IFCSHAPEREPRESENTATION(#36,'Body','SweptSolid',(#2580));
#2582= IFCSTYLEDITEM(#2580,(#59),$);
#2583= IFCPRODUCTDEFINITIONSHAPE($,$,(#2581));
#2584= IFCAXIS2PLACEMENT3D(#1,$,$);
#2585= IFCLOCALPLACEMENT($,#2584);
#2586= IFCBUILDINGELEMENTPROXY('2kU63s83qh$P7TQk2GKf2W',#18,'Contextual Building',$,$,#2585,#2583,$,$);
#2587= IFCPROPERTYSET('3t6ZLO_V7Pjd7vcXRK1hNg',#18,'Forma Element Properties',$,(#2588,#2589));
#2588= IFCPROPERTYSINGLEVALUE('URN',$,IFCLABEL('urn:adsk-forma-elements:basic:pro_i5ejxrzg17:09c154fa-9828-4740-b356-33d2ac7b5b42+9b958990-1c00-48e4-bf53-16979ff27c5f:1782142332233'),$);
#2589= IFCPROPERTYSINGLEVALUE('Key Path',$,IFCLABEL('bd3161c0-0d5f-4676-ad00-0a3c78e1be8c/7d121f0d'),$);
#2590= IFCRELDEFINESBYPROPERTIES('373vjBk0fbSgcH2Dlku7ak',#18,$,$,(#2586),#2587);
#2591= IFCCARTESIANPOINT((251.971272,233.706584));
#2592= IFCCARTESIANPOINT((243.283777,237.145504));
#2593= IFCCARTESIANPOINT((239.09425,226.561261));
#2594= IFCCARTESIANPOINT((247.781672,223.122658));
#2595= IFCPOLYLINE((#2591,#2592,#2593,#2594,#2591));
#2596= IFCARBITRARYCLOSEDPROFILEDEF(.AREA.,'BoundaryProfile',#2595);
#2597= IFCCARTESIANPOINT((0.0,0.0,230.348547));
#2598= IFCAXIS2PLACEMENT3D(#2597,$,$);
#2599= IFCDIRECTION((0.0,0.0,1.0));
#2600= IFCEXTRUDEDAREASOLID(#2596,#2598,#2599,5.1);
#2601= IFCSHAPEREPRESENTATION(#36,'Body','SweptSolid',(#2600));
#2602= IFCSTYLEDITEM(#2600,(#59),$);
#2603= IFCPRODUCTDEFINITIONSHAPE($,$,(#2601));
#2604= IFCAXIS2PLACEMENT3D(#1,$,$);
#2605= IFCLOCALPLACEMENT($,#2604);
#2606= IFCBUILDINGELEMENTPROXY('0Kcg5Nlle_15$ZKh6_XR8b',#18,'Contextual Building',$,$,#2605,#2603,$,$);
#2607= IFCPROPERTYSET('2M$hB5yR_TrAGL22DILMzR',#18,'Forma Element Properties',$,(#2608,#2609));
#2608= IFCPROPERTYSINGLEVALUE('URN',$,IFCLABEL('urn:adsk-forma-elements:basic:pro_i5ejxrzg17:09c154fa-9828-4740-b356-33d2ac7b5b42+8596accf-df63-4cc0-ab2b-b05823a41dc3:1782142332233'),$);
#2609= IFCPROPERTYSINGLEVALUE('Key Path',$,IFCLABEL('bd3161c0-0d5f-4676-ad00-0a3c78e1be8c/e03170c2'),$);
#2610= IFCRELDEFINESBYPROPERTIES('1fdRhKn3lmoIBkKXC3e$iE',#18,$,$,(#2606),#2607);
#2611= IFCCARTESIANPOINT((-132.945,202.971492));
#2612= IFCCARTESIANPOINT((-141.737181,211.21156));
#2613= IFCCARTESIANPOINT((-148.81891,203.655297));
#2614= IFCCARTESIANPOINT((-140.026809,195.415134));
#2615= IFCPOLYLINE((#2611,#2612,#2613,#2614,#2611));
#2616= IFCARBITRARYCLOSEDPROFILEDEF(.AREA.,'BoundaryProfile',#2615);
#2617= IFCCARTESIANPOINT((0.0,0.0,220.961002));
#2618= IFCAXIS2PLACEMENT3D(#2617,$,$);
#2619= IFCDIRECTION((0.0,0.0,1.0));
#2620= IFCEXTRUDEDAREASOLID(#2616,#2618,#2619,3.4);
#2621= IFCSHAPEREPRESENTATION(#36,'Body','SweptSolid',(#2620));
#2622= IFCSTYLEDITEM(#2620,(#59),$);
#2623= IFCPRODUCTDEFINITIONSHAPE($,$,(#2621));
#2624= IFCAXIS2PLACEMENT3D(#1,$,$);
#2625= IFCLOCALPLACEMENT($,#2624);
#2626= IFCBUILDINGELEMENTPROXY('0m1e4Ji8B1UxDusvF_tzsH',#18,'Contextual Building',$,$,#2625,#2623,$,$);
#2627= IFCPROPERTYSET('3To$TfpvyA3lpJelMAE9V0',#18,'Forma Element Properties',$,(#2628,#2629));
#2628= IFCPROPERTYSINGLEVALUE('URN',$,IFCLABEL('urn:adsk-forma-elements:basic:pro_i5ejxrzg17:09c154fa-9828-4740-b356-33d2ac7b5b42+38995fdd-787c-4782-9bb1-adcfac08d39d:1782142332233'),$);
#2629= IFCPROPERTYSINGLEVALUE('Key Path',$,IFCLABEL('bd3161c0-0d5f-4676-ad00-0a3c78e1be8c/808e6277'),$);
#2630= IFCRELDEFINESBYPROPERTIES('1$nC2m4JAQBEUEx3Lu0cEY',#18,$,$,(#2626),#2627);
#2631= IFCCARTESIANPOINT((191.457044,192.358314));
#2632= IFCCARTESIANPOINT((182.586787,197.224079));
#2633= IFCCARTESIANPOINT((178.661713,190.068884));
#2634= IFCCARTESIANPOINT((187.531893,185.20303));
#2635= IFCPOLYLINE((#2631,#2632,#2633,#2634,#2631));
#2636= IFCARBITRARYCLOSEDPROFILEDEF(.AREA.,'BoundaryProfile',#2635);
#2637= IFCCARTESIANPOINT((0.0,0.0,228.751161));
#2638= IFCAXIS2PLACEMENT3D(#2637,$,$);
#2639= IFCDIRECTION((0.0,0.0,1.0));
#2640= IFCEXTRUDEDAREASOLID(#2636,#2638,#2639,4.5);
#2641= IFCSHAPEREPRESENTATION(#36,'Body','SweptSolid',(#2640));
#2642= IFCSTYLEDITEM(#2640,(#59),$);
#2643= IFCPRODUCTDEFINITIONSHAPE($,$,(#2641));
#2644= IFCAXIS2PLACEMENT3D(#1,$,$);
#2645= IFCLOCALPLACEMENT($,#2644);
#2646= IFCBUILDINGELEMENTPROXY('2ZhF5tieLMnI1lCex6AK0$',#18,'Contextual Building',$,$,#2645,#2643,$,$);
#2647= IFCPROPERTYSET('2QoR1SwL0hgCJ55Ss7lEP9',#18,'Forma Element Properties',$,(#2648,#2649));
#2648= IFCPROPERTYSINGLEVALUE('URN',$,IFCLABEL('urn:adsk-forma-elements:basic:pro_i5ejxrzg17:09c154fa-9828-4740-b356-33d2ac7b5b42+3730c7e6-05a1-4a19-9025-46380ec29342:1782142332233'),$);
#2649= IFCPROPERTYSINGLEVALUE('Key Path',$,IFCLABEL('bd3161c0-0d5f-4676-ad00-0a3c78e1be8c/61ae3aa4'),$);
#2650= IFCRELDEFINESBYPROPERTIES('2AY1zev2dyyEK0gH1INssR',#18,$,$,(#2646),#2647);
#2651= IFCCARTESIANPOINT((-104.389828,191.227024));
#2652= IFCCARTESIANPOINT((-114.853648,193.044894));
#2653= IFCCARTESIANPOINT((-117.012888,180.615808));
#2654= IFCCARTESIANPOINT((-106.548973,178.797933));
#2655= IFCPOLYLINE((#2651,#2652,#2653,#2654,#2651));
#2656= IFCARBITRARYCLOSEDPROFILEDEF(.AREA.,'BoundaryProfile',#2655);
#2657= IFCCARTESIANPOINT((0.0,0.0,221.477385));
#2658= IFCAXIS2PLACEMENT3D(#2657,$,$);
#2659= IFCDIRECTION((0.0,0.0,1.0));
#2660= IFCEXTRUDEDAREASOLID(#2656,#2658,#2659,3.4);
#2661= IFCSHAPEREPRESENTATION(#36,'Body','SweptSolid',(#2660));
#2662= IFCSTYLEDITEM(#2660,(#59),$);
#2663= IFCPRODUCTDEFINITIONSHAPE($,$,(#2661));
#2664= IFCAXIS2PLACEMENT3D(#1,$,$);
#2665= IFCLOCALPLACEMENT($,#2664);
#2666= IFCBUILDINGELEMENTPROXY('22WxcLffiV5yZTVOXzVqV0',#18,'Contextual Building',$,$,#2665,#2663,$,$);
#2667= IFCPROPERTYSET('28NNMnfBZ4qSgP79Jn6Yg$',#18,'Forma Element Properties',$,(#2668,#2669));
#2668= IFCPROPERTYSINGLEVALUE('URN',$,IFCLABEL('urn:adsk-forma-elements:basic:pro_i5ejxrzg17:09c154fa-9828-4740-b356-33d2ac7b5b42+bf2d0a50-9638-4088-a94d-12b6b48d18e1:1782142332233'),$);
#2669= IFCPROPERTYSINGLEVALUE('Key Path',$,IFCLABEL('bd3161c0-0d5f-4676-ad00-0a3c78e1be8c/8c1123d3'),$);
#2670= IFCRELDEFINESBYPROPERTIES('1ynXEcP3us4N1a35CQhVgt',#18,$,$,(#2666),#2667);
#2671= IFCCARTESIANPOINT((-16.537546,170.999533));
#2672= IFCCARTESIANPOINT((-28.50312,177.873398));
#2673= IFCCARTESIANPOINT((-32.148001,171.528688));
#2674= IFCCARTESIANPOINT((-20.18234,164.654812));
#2675= IFCPOLYLINE((#2671,#2672,#2673,#2674,#2671));
#2676= IFCARBITRARYCLOSEDPROFILEDEF(.AREA.,'BoundaryProfile',#2675);
#2677= IFCCARTESIANPOINT((0.0,0.0,221.686545));
#2678= IFCAXIS2PLACEMENT3D(#2677,$,$);
#2679= IFCDIRECTION((0.0,0.0,1.0));
#2680= IFCEXTRUDEDAREASOLID(#2676,#2678,#2679,3.9);
#2681= IFCSHAPEREPRESENTATION(#36,'Body','SweptSolid',(#2680));
#2682= IFCSTYLEDITEM(#2680,(#59),$);
#2683= IFCPRODUCTDEFINITIONSHAPE($,$,(#2681));
#2684= IFCAXIS2PLACEMENT3D(#1,$,$);
#2685= IFCLOCALPLACEMENT($,#2684);
#2686= IFCBUILDINGELEMENTPROXY('2zH4DgCu$L99BjnDVbH1WA',#18,'Contextual Building',$,$,#2685,#2683,$,$);
#2687= IFCPROPERTYSET('0c2CGc5D77MQ3deNfSNwu9',#18,'Forma Element Properties',$,(#2688,#2689));
#2688= IFCPROPERTYSINGLEVALUE('URN',$,IFCLABEL('urn:adsk-forma-elements:basic:pro_i5ejxrzg17:09c154fa-9828-4740-b356-33d2ac7b5b42+16c6dce6-3207-4ad2-8cbe-d7f57332fd5a:1782142332233'),$);
#2689= IFCPROPERTYSINGLEVALUE('Key Path',$,IFCLABEL('bd3161c0-0d5f-4676-ad00-0a3c78e1be8c/87abf6b3'),$);
#2690= IFCRELDEFINESBYPROPERTIES('0Ziv0UgQvZHnvGeLLx3yG$',#18,$,$,(#2686),#2687);
#2691= IFCCARTESIANPOINT((17.064617,158.034837));
#2692= IFCCARTESIANPOINT((12.585177,160.573293));
#2693= IFCCARTESIANPOINT((13.508212,162.202188));
#2694= IFCCARTESIANPOINT((9.656321,164.384839));
#2695= IFCCARTESIANPOINT((4.745966,155.719764));
#2696= IFCCARTESIANPOINT((8.597941,153.536946));
#2697= IFCCARTESIANPOINT((9.793313,155.646466));
#2698= IFCCARTESIANPOINT((14.272919,153.108089));
#2699= IFCPOLYLINE((#2691,#2692,#2693,#2694,#2695,#2696,#2697,#2698,#2691));
#2700= IFCARBITRARYCLOSEDPROFILEDEF(.AREA.,'BoundaryProfile',#2699);
#2701= IFCCARTESIANPOINT((0.0,0.0,223.135092));
#2702= IFCAXIS2PLACEMENT3D(#2701,$,$);
#2703= IFCDIRECTION((0.0,0.0,1.0));
#2704= IFCEXTRUDEDAREASOLID(#2700,#2702,#2703,4.5);
#2705= IFCSHAPEREPRESENTATION(#36,'Body','SweptSolid',(#2704));
#2706= IFCSTYLEDITEM(#2704,(#59),$);
#2707= IFCPRODUCTDEFINITIONSHAPE($,$,(#2705));
#2708= IFCAXIS2PLACEMENT3D(#1,$,$);
#2709= IFCLOCALPLACEMENT($,#2708);
#2710= IFCBUILDINGELEMENTPROXY('2RalkZWXDChp6432XlvYjc',#18,'Contextual Building',$,$,#2709,#2707,$,$);
#2711= IFCPROPERTYSET('10v$gri4j2irCh3HE99o1B',#18,'Forma Element Properties',$,(#2712,#2713));
#2712= IFCPROPERTYSINGLEVALUE('URN',$,IFCLABEL('urn:adsk-forma-elements:basic:pro_i5ejxrzg17:09c154fa-9828-4740-b356-33d2ac7b5b42+de889cdc-8c93-4e92-8c5b-5c1e2048d063:1782142332233'),$);
#2713= IFCPROPERTYSINGLEVALUE('Key Path',$,IFCLABEL('bd3161c0-0d5f-4676-ad00-0a3c78e1be8c/34e1ab8e'),$);
#2714= IFCRELDEFINESBYPROPERTIES('1VG8vTULCOXZmu1wuW_Hjc',#18,$,$,(#2710),#2711);
#2715= IFCCARTESIANPOINT((-104.114872,136.520603));
#2716= IFCCARTESIANPOINT((-117.873174,140.836976));
#2717= IFCCARTESIANPOINT((-120.254333,133.246975));
#2718= IFCCARTESIANPOINT((-106.496021,128.930676));
#2719= IFCPOLYLINE((#2715,#2716,#2717,#2718,#2715));
#2720= IFCARBITRARYCLOSEDPROFILEDEF(.AREA.,'BoundaryProfile',#2719);
#2721= IFCCARTESIANPOINT((0.0,0.0,220.299163));
#2722= IFCAXIS2PLACEMENT3D(#2721,$,$);
#2723= IFCDIRECTION((0.0,0.0,1.0));
#2724= IFCEXTRUDEDAREASOLID(#2720,#2722,#2723,4.8);
#2725= IFCSHAPEREPRESENTATION(#36,'Body','SweptSolid',(#2724));
#2726= IFCSTYLEDITEM(#2724,(#59),$);
#2727= IFCPRODUCTDEFINITIONSHAPE($,$,(#2725));
#2728= IFCAXIS2PLACEMENT3D(#1,$,$);
#2729= IFCLOCALPLACEMENT($,#2728);
#2730= IFCBUILDINGELEMENTPROXY('0izx9lIZiVxhvBg$6b3pF2',#18,'Contextual Building',$,$,#2729,#2727,$,$);
#2731= IFCPROPERTYSET('06pO$F_GxOsUlk8n2xnQjs',#18,'Forma Element Properties',$,(#2732,#2733));
#2732= IFCPROPERTYSINGLEVALUE('URN',$,IFCLABEL('urn:adsk-forma-elements:basic:pro_i5ejxrzg17:09c154fa-9828-4740-b356-33d2ac7b5b42+a23f0faf-de93-416a-8a37-ec25c540607d:1782142332233'),$);
#2733= IFCPROPERTYSINGLEVALUE('Key Path',$,IFCLABEL('bd3161c0-0d5f-4676-ad00-0a3c78e1be8c/1b98f7f5'),$);
#2734= IFCRELDEFINESBYPROPERTIES('0fbzpgFgu7YPU4bmY7gvjC',#18,$,$,(#2730),#2731);
#2735= IFCCARTESIANPOINT((212.335789,-214.247999));
#2736= IFCCARTESIANPOINT((211.539773,-212.957625));
#2737= IFCCARTESIANPOINT((215.139985,-210.7368));
#2738= IFCCARTESIANPOINT((210.121322,-202.601276));
#2739= IFCCARTESIANPOINT((205.322376,-205.561637));
#2740= IFCCARTESIANPOINT((202.458786,-207.328102));
#2741= IFCCARTESIANPOINT((208.273378,-216.753846));
#2742= IFCPOLYLINE((#2735,#2736,#2737,#2738,#2739,#2740,#2741,#2735));
#2743= IFCARBITRARYCLOSEDPROFILEDEF(.AREA.,'BoundaryProfile',#2742);
#2744= IFCCARTESIANPOINT((0.0,0.0,217.973676));
#2745= IFCAXIS2PLACEMENT3D(#2744,$,$);
#2746= IFCDIRECTION((0.0,0.0,1.0));
#2747= IFCEXTRUDEDAREASOLID(#2743,#2745,#2746,3.9);
#2748= IFCSHAPEREPRESENTATION(#36,'Body','SweptSolid',(#2747));
#2749= IFCSTYLEDITEM(#2747,(#59),$);
#2750= IFCPRODUCTDEFINITIONSHAPE($,$,(#2748));
#2751= IFCAXIS2PLACEMENT3D(#1,$,$);
#2752= IFCLOCALPLACEMENT($,#2751);
#2753= IFCBUILDINGELEMENTPROXY('39RaMKg0c197qULpOcvG0W',#18,'Contextual Building',$,$,#2752,#2750,$,$);
#2754= IFCPROPERTYSET('3x0qNWwvbsn3$xk3G3dhHd',#18,'Forma Element Properties',$,(#2755,#2756));
#2755= IFCPROPERTYSINGLEVALUE('URN',$,IFCLABEL('urn:adsk-forma-elements:basic:pro_i5ejxrzg17:09c154fa-9828-4740-b356-33d2ac7b5b42+3e9ed010-9bd4-41ae-b80d-eacb99cc2424:1782142332233'),$);
#2756= IFCPROPERTYSINGLEVALUE('Key Path',$,IFCLABEL('bd3161c0-0d5f-4676-ad00-0a3c78e1be8c/2fb63308'),$);
#2757= IFCRELDEFINESBYPROPERTIES('3KES6YkN$wSbIzo7K_s2iv',#18,$,$,(#2753),#2754);
#2758= IFCCARTESIANPOINT((127.044445,107.654122));
#2759= IFCCARTESIANPOINT((117.235518,112.666151));
#2760= IFCCARTESIANPOINT((114.472548,107.258832));
#2761= IFCCARTESIANPOINT((112.903515,104.18823));
#2762= IFCCARTESIANPOINT((118.52987,101.313504));
#2763= IFCCARTESIANPOINT((120.098821,104.383945));
#2764= IFCCARTESIANPOINT((124.281562,102.246716));
#2765= IFCPOLYLINE((#2758,#2759,#2760,#2761,#2762,#2763,#2764,#2758));
#2766= IFCARBITRARYCLOSEDPROFILEDEF(.AREA.,'BoundaryProfile',#2765);
#2767= IFCCARTESIANPOINT((0.0,0.0,223.227582));
#2768= IFCAXIS2PLACEMENT3D(#2767,$,$);
#2769= IFCDIRECTION((0.0,0.0,1.0));
#2770= IFCEXTRUDEDAREASOLID(#2766,#2768,#2769,4.2);
#2771= IFCSHAPEREPRESENTATION(#36,'Body','SweptSolid',(#2770));
#2772= IFCSTYLEDITEM(#2770,(#59),$);
#2773= IFCPRODUCTDEFINITIONSHAPE($,$,(#2771));
#2774= IFCAXIS2PLACEMENT3D(#1,$,$);
#2775= IFCLOCALPLACEMENT($,#2774);
#2776= IFCBUILDINGELEMENTPROXY('0HouS7T8CM5S72ccZKABOw',#18,'Contextual Building',$,$,#2775,#2773,$,$);
#2777= IFCPROPERTYSET('3XY3EIsxu8NC$6HvRLbVYx',#18,'Forma Element Properties',$,(#2778,#2779));
#2778= IFCPROPERTYSINGLEVALUE('URN',$,IFCLABEL('urn:adsk-forma-elements:basic:pro_i5ejxrzg17:09c154fa-9828-4740-b356-33d2ac7b5b42+22b6798a-29b4-458f-aad0-3b2e89aa99ee:1782142332233'),$);
#2779= IFCPROPERTYSINGLEVALUE('Key Path',$,IFCLABEL('bd3161c0-0d5f-4676-ad00-0a3c78e1be8c/13df0995'),$);
#2780= IFCRELDEFINESBYPROPERTIES('2d6L0ZfhN54uKHXGiv_ybI',#18,$,$,(#2776),#2777);
#2781= IFCCARTESIANPOINT((20.563277,107.323776));
#2782= IFCCARTESIANPOINT((10.714551,111.20358));
#2783= IFCCARTESIANPOINT((8.80341,106.352053));
#2784= IFCCARTESIANPOINT((18.65214,102.472327));
#2785= IFCPOLYLINE((#2781,#2782,#2783,#2784,#2781));
#2786= IFCARBITRARYCLOSEDPROFILEDEF(.AREA.,'BoundaryProfile',#2785);
#2787= IFCCARTESIANPOINT((0.0,0.0,222.238969));
#2788= IFCAXIS2PLACEMENT3D(#2787,$,$);
#2789= IFCDIRECTION((0.0,0.0,1.0));
#2790= IFCEXTRUDEDAREASOLID(#2786,#2788,#2789,4.4);
#2791= IFCSHAPEREPRESENTATION(#36,'Body','SweptSolid',(#2790));
#2792= IFCSTYLEDITEM(#2790,(#59),$);
#2793= IFCPRODUCTDEFINITIONSHAPE($,$,(#2791));
#2794= IFCAXIS2PLACEMENT3D(#1,$,$);
#2795= IFCLOCALPLACEMENT($,#2794);
#2796= IFCBUILDINGELEMENTPROXY('0LJh0APmJE8u99QEItKdhF',#18,'Contextual Building',$,$,#2795,#2793,$,$);
#2797= IFCPROPERTYSET('1B8gWZulgADgTAPrwUTa_V',#18,'Forma Element Properties',$,(#2798,#2799));
#2798= IFCPROPERTYSINGLEVALUE('URN',$,IFCLABEL('urn:adsk-forma-elements:basic:pro_i5ejxrzg17:09c154fa-9828-4740-b356-33d2ac7b5b42+9ea4496b-de35-4df8-9241-e562c1aaf601:1782142332233'),$);
#2799= IFCPROPERTYSINGLEVALUE('Key Path',$,IFCLABEL('bd3161c0-0d5f-4676-ad00-0a3c78e1be8c/eb48d100'),$);
#2800= IFCRELDEFINESBYPROPERTIES('2dR1kIO9oaWvyzZ_k_bHyr',#18,$,$,(#2796),#2797);
#2801= IFCCARTESIANPOINT((259.688057,-318.480572));
#2802= IFCCARTESIANPOINT((256.169538,-315.138145));
#2803= IFCCARTESIANPOINT((261.540205,-309.48482));
#2804= IFCCARTESIANPOINT((269.143503,-301.481272));
#2805= IFCCARTESIANPOINT((226.879668,-261.330485));
#2806= IFCCARTESIANPOINT((219.276285,-269.334124));
#2807= IFCCARTESIANPOINT((228.607918,-278.199201));
#2808= IFCCARTESIANPOINT((214.973355,-292.551429));
#2809= IFCCARTESIANPOINT((241.403946,-317.660443));
#2810= IFCCARTESIANPOINT((240.644193,-318.460088));
#2811= IFCCARTESIANPOINT((250.664331,-327.979228));
#2812= IFCPOLYLINE((#2801,#2802,#2803,#2804,#2805,#2806,#2807,#2808,#2809,#2810,#2811,#2801));
#2813= IFCARBITRARYCLOSEDPROFILEDEF(.AREA.,'BoundaryProfile',#2812);
#2814= IFCCARTESIANPOINT((0.0,0.0,212.807672));
#2815= IFCAXIS2PLACEMENT3D(#2814,$,$);
#2816= IFCDIRECTION((0.0,0.0,1.0));
#2817= IFCEXTRUDEDAREASOLID(#2813,#2815,#2816,4.9);
#2818= IFCSHAPEREPRESENTATION(#36,'Body','SweptSolid',(#2817));
#2819= IFCSTYLEDITEM(#2817,(#59),$);
#2820= IFCPRODUCTDEFINITIONSHAPE($,$,(#2818));
#2821= IFCAXIS2PLACEMENT3D(#1,$,$);
#2822= IFCLOCALPLACEMENT($,#2821);
#2823= IFCBUILDINGELEMENTPROXY('2EDS9Px$D7NON0$mxKPO5L',#18,'Contextual Building',$,$,#2822,#2820,$,$);
#2824= IFCPROPERTYSET('141raznyIrnNLpOTUtyaHp',#18,'Forma Element Properties',$,(#2825,#2826));
#2825= IFCPROPERTYSINGLEVALUE('URN',$,IFCLABEL('urn:adsk-forma-elements:basic:pro_i5ejxrzg17:09c154fa-9828-4740-b356-33d2ac7b5b42+6c404007-a836-4d5d-9fb4-f3f5dca7ddd2:1782142332233'),$);
#2826= IFCPROPERTYSINGLEVALUE('Key Path',$,IFCLABEL('bd3161c0-0d5f-4676-ad00-0a3c78e1be8c/df8d5c42'),$);
#2827= IFCRELDEFINESBYPROPERTIES('3iCqG6an2feAJYJ2wO0L2M',#18,$,$,(#2823),#2824);
#2828= IFCCARTESIANPOINT((73.053466,80.808441));
#2829= IFCCARTESIANPOINT((63.895967,85.803414));
#2830= IFCCARTESIANPOINT((60.559138,79.686061));
#2831= IFCCARTESIANPOINT((69.716805,74.691));
#2832= IFCPOLYLINE((#2828,#2829,#2830,#2831,#2828));
#2833= IFCARBITRARYCLOSEDPROFILEDEF(.AREA.,'BoundaryProfile',#2832);
#2834= IFCCARTESIANPOINT((0.0,0.0,223.579664));
#2835= IFCAXIS2PLACEMENT3D(#2834,$,$);
#2836= IFCDIRECTION((0.0,0.0,1.0));
#2837= IFCEXTRUDEDAREASOLID(#2833,#2835,#2836,4.7);
#2838= IFCSHAPEREPRESENTATION(#36,'Body','SweptSolid',(#2837));
#2839= IFCSTYLEDITEM(#2837,(#59),$);
#2840= IFCPRODUCTDEFINITIONSHAPE($,$,(#2838));
#2841= IFCAXIS2PLACEMENT3D(#1,$,$);
#2842= IFCLOCALPLACEMENT($,#2841);
#2843= IFCBUILDINGELEMENTPROXY('3VRuMZN_MaaWi35IQg4AXF',#18,'Contextual Building',$,$,#2842,#2840,$,$);
#2844= IFCPROPERTYSET('1ZH2MeAFEE3jfJFVgXX$Xc',#18,'Forma Element Properties',$,(#2845,#2846));
#2845= IFCPROPERTYSINGLEVALUE('URN',$,IFCLABEL('urn:adsk-forma-elements:basic:pro_i5ejxrzg17:09c154fa-9828-4740-b356-33d2ac7b5b42+32bef5cd-7d7b-479b-95dd-99923cebb757:1782142332233'),$);
#2846= IFCPROPERTYSINGLEVALUE('Key Path',$,IFCLABEL('bd3161c0-0d5f-4676-ad00-0a3c78e1be8c/5c255c06'),$);
#2847= IFCRELDEFINESBYPROPERTIES('3jMaIAb_WLrgoxiT8pVadU',#18,$,$,(#2843),#2844);
#2848= IFCCARTESIANPOINT((-175.287863,253.81426));
#2849= IFCCARTESIANPOINT((-179.165336,255.365303));
#2850= IFCCARTESIANPOINT((-178.289594,257.554793));
#2851= IFCCARTESIANPOINT((-186.135707,260.69339));
#2852= IFCCARTESIANPOINT((-190.807079,249.015272));
#2853= IFCCARTESIANPOINT((-182.960713,245.876748));
#2854= IFCCARTESIANPOINT((-182.066632,248.111988));
#2855= IFCCARTESIANPOINT((-178.189157,246.561024));
#2856= IFCPOLYLINE((#2848,#2849,#2850,#2851,#2852,#2853,#2854,#2855,#2848));
#2857= IFCARBITRARYCLOSEDPROFILEDEF(.AREA.,'BoundaryProfile',#2856);
#2858= IFCCARTESIANPOINT((0.0,0.0,222.550962));
#2859= IFCAXIS2PLACEMENT3D(#2858,$,$);
#2860= IFCDIRECTION((0.0,0.0,1.0));
#2861= IFCEXTRUDEDAREASOLID(#2857,#2859,#2860,3.7);
#2862= IFCSHAPEREPRESENTATION(#36,'Body','SweptSolid',(#2861));
#2863= IFCSTYLEDITEM(#2861,(#59),$);
#2864= IFCPRODUCTDEFINITIONSHAPE($,$,(#2862));
#2865= IFCAXIS2PLACEMENT3D(#1,$,$);
#2866= IFCLOCALPLACEMENT($,#2865);
#2867= IFCBUILDINGELEMENTPROXY('20YOzq7cTmBp9mS1bjSIMM',#18,'Contextual Building',$,$,#2866,#2864,$,$);
#2868= IFCPROPERTYSET('3xoYxWFzAV$TJ84TAN_58h',#18,'Forma Element Properties',$,(#2869,#2870));
#2869= IFCPROPERTYSINGLEVALUE('URN',$,IFCLABEL('urn:adsk-forma-elements:basic:pro_i5ejxrzg17:09c154fa-9828-4740-b356-33d2ac7b5b42+9027a65b-9f1d-4bdd-ac2e-b2b3d67a0282:1782142332233'),$);
#2870= IFCPROPERTYSINGLEVALUE('Key Path',$,IFCLABEL('bd3161c0-0d5f-4676-ad00-0a3c78e1be8c/8778eeec'),$);
#2871= IFCRELDEFINESBYPROPERTIES('1TpzNdlhvofzQi5pIJ7fwq',#18,$,$,(#2867),#2868);
#2872= IFCCARTESIANPOINT((-122.727227,145.746887));
#2873= IFCCARTESIANPOINT((-134.212561,149.865849));
#2874= IFCCARTESIANPOINT((-137.425639,140.906641));
#2875= IFCCARTESIANPOINT((-125.940214,136.787507));
#2876= IFCPOLYLINE((#2872,#2873,#2874,#2875,#2872));
#2877= IFCARBITRARYCLOSEDPROFILEDEF(.AREA.,'BoundaryProfile',#2876);
#2878= IFCCARTESIANPOINT((0.0,0.0,218.996573));
#2879= IFCAXIS2PLACEMENT3D(#2878,$,$);
#2880= IFCDIRECTION((0.0,0.0,1.0));
#2881= IFCEXTRUDEDAREASOLID(#2877,#2879,#2880,3.8);
#2882= IFCSHAPEREPRESENTATION(#36,'Body','SweptSolid',(#2881));
#2883= IFCSTYLEDITEM(#2881,(#59),$);
#2884= IFCPRODUCTDEFINITIONSHAPE($,$,(#2882));
#2885= IFCAXIS2PLACEMENT3D(#1,$,$);
#2886= IFCLOCALPLACEMENT($,#2885);
#2887= IFCBUILDINGELEMENTPROXY('1Y9s6a_FXUW9f_mJoYuZrH',#18,'Contextual Building',$,$,#2886,#2884,$,$);
#2888= IFCPROPERTYSET('0aOwjCT9JXnHZD06eWgF$J',#18,'Forma Element Properties',$,(#2889,#2890));
#2889= IFCPROPERTYSINGLEVALUE('URN',$,IFCLABEL('urn:adsk-forma-elements:basic:pro_i5ejxrzg17:09c154fa-9828-4740-b356-33d2ac7b5b42+ea6a573b-8625-4975-9abd-13608f99902a:1782142332233'),$);
#2890= IFCPROPERTYSINGLEVALUE('Key Path',$,IFCLABEL('bd3161c0-0d5f-4676-ad00-0a3c78e1be8c/17ed5655'),$);
#2891= IFCRELDEFINESBYPROPERTIES('3zDLjmkKCBo5gD8xE9jkKS',#18,$,$,(#2887),#2888);
#2892= IFCCARTESIANPOINT((-253.869267,123.374303));
#2893= IFCCARTESIANPOINT((-264.026445,132.489874));
#2894= IFCCARTESIANPOINT((-272.919351,122.580649));
#2895= IFCCARTESIANPOINT((-262.762171,113.465221));
#2896= IFCPOLYLINE((#2892,#2893,#2894,#2895,#2892));
#2897= IFCARBITRARYCLOSEDPROFILEDEF(.AREA.,'BoundaryProfile',#2896);
#2898= IFCCARTESIANPOINT((0.0,0.0,226.130006));
#2899= IFCAXIS2PLACEMENT3D(#2898,$,$);
#2900= IFCDIRECTION((0.0,0.0,1.0));
#2901= IFCEXTRUDEDAREASOLID(#2897,#2899,#2900,3.1);
#2902= IFCSHAPEREPRESENTATION(#36,'Body','SweptSolid',(#2901));
#2903= IFCSTYLEDITEM(#2901,(#59),$);
#2904= IFCPRODUCTDEFINITIONSHAPE($,$,(#2902));
#2905= IFCAXIS2PLACEMENT3D(#1,$,$);
#2906= IFCLOCALPLACEMENT($,#2905);
#2907= IFCBUILDINGELEMENTPROXY('3MZ1NON9CVnsk7RL82AovD',#18,'Contextual Building',$,$,#2906,#2904,$,$);
#2908= IFCPROPERTYSET('2bqTFtiq0aRHpkTAfS$Qma',#18,'Forma Element Properties',$,(#2909,#2910));
#2909= IFCPROPERTYSINGLEVALUE('URN',$,IFCLABEL('urn:adsk-forma-elements:basic:pro_i5ejxrzg17:09c154fa-9828-4740-b356-33d2ac7b5b42+0bfaae2a-7498-4e51-8266-53a01050da6e:1782142332233'),$);
#2910= IFCPROPERTYSINGLEVALUE('Key Path',$,IFCLABEL('bd3161c0-0d5f-4676-ad00-0a3c78e1be8c/ab44408a'),$);
#2911= IFCRELDEFINESBYPROPERTIES('0FQHs1i0DHW1wkAzzF8daC',#18,$,$,(#2907),#2908);
#2912= IFCCARTESIANPOINT((54.647935,89.818797));
#2913= IFCCARTESIANPOINT((44.870193,95.224194));
#2914= IFCCARTESIANPOINT((41.732668,89.548911));
#2915= IFCCARTESIANPOINT((51.51025,84.143343));
#2916= IFCPOLYLINE((#2912,#2913,#2914,#2915,#2912));
#2917= IFCARBITRARYCLOSEDPROFILEDEF(.AREA.,'BoundaryProfile',#2916);
#2918= IFCCARTESIANPOINT((0.0,0.0,223.424414));
#2919= IFCAXIS2PLACEMENT3D(#2918,$,$);
#2920= IFCDIRECTION((0.0,0.0,1.0));
#2921= IFCEXTRUDEDAREASOLID(#2917,#2919,#2920,4.8);
#2922= IFCSHAPEREPRESENTATION(#36,'Body','SweptSolid',(#2921));
#2923= IFCSTYLEDITEM(#2921,(#59),$);
#2924= IFCPRODUCTDEFINITIONSHAPE($,$,(#2922));
#2925= IFCAXIS2PLACEMENT3D(#1,$,$);
#2926= IFCLOCALPLACEMENT($,#2925);
#2927= IFCBUILDINGELEMENTPROXY('1Z3PqRT_GI7UuSfNCWcRce',#18,'Contextual Building',$,$,#2926,#2924,$,$);
#2928= IFCPROPERTYSET('1texE8hOORhPNQ1WCk2ewH',#18,'Forma Element Properties',$,(#2929,#2930));
#2929= IFCPROPERTYSINGLEVALUE('URN',$,IFCLABEL('urn:adsk-forma-elements:basic:pro_i5ejxrzg17:09c154fa-9828-4740-b356-33d2ac7b5b42+a7446964-98c5-4e4e-92df-9f632cbc2275:1782142332233'),$);
#2930= IFCPROPERTYSINGLEVALUE('Key Path',$,IFCLABEL('bd3161c0-0d5f-4676-ad00-0a3c78e1be8c/fd24adf4'),$);
#2931= IFCRELDEFINESBYPROPERTIES('3A9SQjjEuIyQ7waTRo1Tes',#18,$,$,(#2927),#2928);
#2932= IFCCARTESIANPOINT((123.041663,229.986122));
#2933= IFCCARTESIANPOINT((119.924041,231.487256));
#2934= IFCCARTESIANPOINT((118.892206,229.344818));
#2935= IFCCARTESIANPOINT((114.626422,231.398928));
#2936= IFCCARTESIANPOINT((110.548972,222.93151));
#2937= IFCCARTESIANPOINT((114.814759,220.877397));
#2938= IFCCARTESIANPOINT((117.932303,219.376096));
#2939= IFCPOLYLINE((#2932,#2933,#2934,#2935,#2936,#2937,#2938,#2932));
#2940= IFCARBITRARYCLOSEDPROFILEDEF(.AREA.,'BoundaryProfile',#2939);
#2941= IFCCARTESIANPOINT((0.0,0.0,228.51846));
#2942= IFCAXIS2PLACEMENT3D(#2941,$,$);
#2943= IFCDIRECTION((0.0,0.0,1.0));
#2944= IFCEXTRUDEDAREASOLID(#2940,#2942,#2943,4.4);
#2945= IFCSHAPEREPRESENTATION(#36,'Body','SweptSolid',(#2944));
#2946= IFCSTYLEDITEM(#2944,(#59),$);
#2947= IFCPRODUCTDEFINITIONSHAPE($,$,(#2945));
#2948= IFCAXIS2PLACEMENT3D(#1,$,$);
#2949= IFCLOCALPLACEMENT($,#2948);
#2950= IFCBUILDINGELEMENTPROXY('1mbWkeTLERM7QpRWA77AE7',#18,'Contextual Building',$,$,#2949,#2947,$,$);
#2951= IFCPROPERTYSET('2caZokW$ue0GftQgcx45CZ',#18,'Forma Element Properties',$,(#2952,#2953));
#2952= IFCPROPERTYSINGLEVALUE('URN',$,IFCLABEL('urn:adsk-forma-elements:basic:pro_i5ejxrzg17:09c154fa-9828-4740-b356-33d2ac7b5b42+13d61d0c-2cbe-41ac-926f-d6fcfef62fb9:1782142332233'),$);
#2953= IFCPROPERTYSINGLEVALUE('Key Path',$,IFCLABEL('bd3161c0-0d5f-4676-ad00-0a3c78e1be8c/43ad75c0'),$);
#2954= IFCRELDEFINESBYPROPERTIES('2co_hH03Bh1fxQ3AgX9nIl',#18,$,$,(#2950),#2951);
#2955= IFCROAD('2cZoi9DoXNQrEyvsp1qJD$',#18,'Freedom Drive',$,$,#2957,#2965,$,$,.NOTDEFINED.);
#2956= IFCAXIS2PLACEMENT3D(#1,$,$);
#2957= IFCLOCALPLACEMENT($,#2956);
#2958= IFCCARTESIANPOINTLIST3D(((-258.232025,10.000076,226.093109),(-265.072815,16.309196,226.147324),(-262.299805,5.589508,226.245605),(-265.072815,16.309196,226.147324),(-265.072815,8.146988,226.267578),(-262.299805,5.589508,226.245605)),$);
#2959= IFCTRIANGULATEDFACESET(#2958,$,$,((1,2,3),(4,5,6)),$);
#2960= IFCCOLOURRGB('ff979797',0.592156862745098,0.592156862745098,0.592156862745098);
#2961= IFCSURFACESTYLESHADING(#2960,0.0);
#2962= IFCSURFACESTYLE($,.BOTH.,(#2961));
#2963= IFCSTYLEDITEM(#2959,(#2962),$);
#2964= IFCSHAPEREPRESENTATION(#36,'Body','Tessellation',(#2959));
#2965= IFCPRODUCTDEFINITIONSHAPE($,$,(#2964));
#2966= IFCRELAGGREGATES('3t43A_kFvD2$qvvpmjeJsn',#18,$,$,#12,(#2955));
#2967= IFCPROPERTYSET('1c0hxpDbBQoUkvXiGE5TJA',#18,'Forma Element Properties',$,(#2968,#2969));
#2968= IFCPROPERTYSINGLEVALUE('URN',$,IFCLABEL('urn:adsk-forma-elements:basic:pro_i5ejxrzg17:98171ee4-54ce-4242-97da-7406e36c7f34+5b66eda6-63f1-41f2-b398-873795d1d851:1782141379955'),$);
#2969= IFCPROPERTYSINGLEVALUE('Key Path',$,IFCLABEL('bd3161c0-0d5f-4676-ad00-0a3c78e1be8c/51508e5a'),$);
#2970= IFCRELDEFINESBYPROPERTIES('2DdATmfL5DQcy4HRsA11tD',#18,$,$,(#2955),#2967);
#2971= IFCROAD('0Rkus0sP41PAKFb89I_bdV',#18,'Freedom Drive',$,$,#2973,#2978,$,$,.NOTDEFINED.);
#2972= IFCAXIS2PLACEMENT3D(#1,$,$);
#2973= IFCLOCALPLACEMENT($,#2972);
#2974= IFCCARTESIANPOINTLIST3D(((-265.072815,28.721413,225.964447),(-262.231903,32.052269,226.236984),(-265.072815,34.675102,225.986023),(-265.072815,28.721413,225.964447),(-261.968567,31.80899,226.260239),(-262.231903,32.052269,226.236984),(-265.072815,28.721413,225.964447),(-258.626465,28.721413,225.985092),(-261.968567,31.80899,226.260239),(-265.072815,28.721413,225.964447),(-252.016663,15.735321,225.874893),(-258.626465,28.721413,225.985092),(-252.016663,15.735321,225.874893),(-265.072815,28.721413,225.964447),(-252.659058,15.039963,225.898956),(-258.626465,28.721413,225.985092),(-252.016663,15.735321,225.874893),(-250.078293,17.833496,225.902328),(-265.072815,28.721413,225.964447),(-265.072815,26.508255,225.997055),(-252.659058,15.039963,225.898956),(-258.626465,28.721413,225.985092),(-250.078293,17.833496,225.902328),(-248.58757,19.447121,225.923431)),$);
#2975= IFCTRIANGULATEDFACESET(#2974,$,$,((1,2,3),(4,5,6),(7,8,9),(10,11,12),(13,14,15),(16,17,18),(19,20,21),(22,23,24)),$);
#2976= IFCSTYLEDITEM(#2975,(#2962),$);
#2977= IFCSHAPEREPRESENTATION(#36,'Body','Tessellation',(#2975));
#2978= IFCPRODUCTDEFINITIONSHAPE($,$,(#2977));
#2979= IFCRELAGGREGATES('0yzP0ataG1osus$eoiXHQB',#18,$,$,#12,(#2971));
#2980= IFCPROPERTYSET('39BvWpaKWSF0nQBnziTyNU',#18,'Forma Element Properties',$,(#2981,#2982));
#2981= IFCPROPERTYSINGLEVALUE('URN',$,IFCLABEL('urn:adsk-forma-elements:basic:pro_i5ejxrzg17:98171ee4-54ce-4242-97da-7406e36c7f34+d0b88cf9-41c9-4f41-9ff7-a1453a989213:1782141379955'),$);
#2982= IFCPROPERTYSINGLEVALUE('Key Path',$,IFCLABEL('bd3161c0-0d5f-4676-ad00-0a3c78e1be8c/52c39633'),$);
#2983= IFCRELDEFINESBYPROPERTIES('10taQvvszKMaBaIbJPcHxy',#18,$,$,(#2971),#2980);
#2984= IFCROAD('2StEH6ck5e$2fuT7UZM14p',#18,'Crisman Street',$,$,#2986,#2991,$,$,.NOTDEFINED.);
#2985= IFCAXIS2PLACEMENT3D(#1,$,$);
#2986= IFCLOCALPLACEMENT($,#2985);
#2987= IFCCARTESIANPOINTLIST3D(((-265.072815,-204.11911,226.254562),(-262.446106,-198.393387,226.244446),(-265.072815,-195.996399,226.393417),(-262.446106,-198.393387,226.244446),(-265.072815,-204.11911,226.254562),(-264.718933,-204.442047,226.234497),(-264.718933,-204.442047,226.234497),(-264.409668,-204.724258,226.216949),(-262.446106,-198.393387,226.244446),(-235.651779,-176.120697,225.523575),(-262.446106,-198.393387,226.244446),(-264.409668,-204.724258,226.216949),(-262.446106,-198.393387,226.244446),(-235.651779,-176.120697,225.523575),(-251.571869,-189.071304,225.956726),(-235.651779,-176.120697,225.523575),(-264.409668,-204.724258,226.216949),(-235.651779,-183.319885,225.231995),(-251.571869,-189.071304,225.956726),(-235.651779,-176.120697,225.523575),(-238.846405,-178.155197,225.620132),(-235.651779,-183.319885,225.231995),(-264.409668,-204.724258,226.216949),(-264.312073,-204.813324,226.207062),(-235.651779,-176.120697,225.523575),(-235.651779,-183.319885,225.231995),(-234.940384,-182.709641,225.223083),(-235.651779,-176.120697,225.523575),(-236.473648,-176.120697,225.557373),(-238.846405,-178.155197,225.620132),(-235.651779,-183.319885,225.231995),(-264.312073,-204.813324,226.207062),(-247.666077,-193.625946,225.588242),(-231.764832,-179.986786,225.183212),(-235.651779,-176.120697,225.523575),(-234.940384,-182.709641,225.223083),(-235.651779,-176.120697,225.523575),(-236.032272,-175.742249,225.553177),(-236.473648,-176.120697,225.557373),(-247.666077,-193.625946,225.588242),(-264.312073,-204.813324,226.207062),(-264.276398,-204.845886,226.203445),(-235.651779,-176.120697,225.523575),(-231.764832,-179.986786,225.183212),(-227.255966,-176.120697,225.189911),(-235.651779,-176.120697,225.523575),(-235.651779,-175.415985,225.523865),(-236.032272,-175.742249,225.553177),(-264.276398,-204.845886,226.203445),(-263.686859,-205.38385,226.143692),(-247.666077,-193.625946,225.588242),(-235.651779,-176.120697,225.523575),(-227.255966,-176.120697,225.189911),(-235.651779,-175.415985,225.523865),(-261.381714,-205.38385,225.995255),(-247.666077,-193.625946,225.588242),(-263.686859,-205.38385,226.143692),(-235.651779,-175.415985,225.523865),(-227.255966,-176.120697,225.189911),(-226.561066,-175.524857,225.162537),(-261.381714,-205.38385,225.995255),(-263.686859,-205.38385,226.143692),(-262.570282,-206.402771,226.046814),(-235.651779,-175.415985,225.523865),(-226.561066,-175.524857,225.162537),(-225.03299,-174.21463,225.102341),(-228.938293,-169.659561,225.259445),(-235.651779,-175.415985,225.523865),(-225.03299,-174.21463,225.102341),(-228.938293,-169.659561,225.259445),(-225.03299,-174.21463,225.102341),(-220.884003,-170.657852,224.938934),(-220.884003,-170.657852,224.938934),(-208.735519,-160.243454,224.460434),(-228.938293,-169.659561,225.259445),(-214.569748,-157.34198,224.693512),(-228.938293,-169.659561,225.259445),(-208.735519,-160.243454,224.460434),(-214.569748,-157.34198,224.693512),(-208.735519,-160.243454,224.460434),(-200.934631,-153.556061,224.648056),(-214.569748,-157.34198,224.693512),(-200.934631,-153.556061,224.648056),(-194.746262,-148.251022,224.79689),(-202.339569,-146.857544,224.987656),(-214.569748,-157.34198,224.693512),(-194.746262,-148.251022,224.79689),(-202.339569,-146.857544,224.987656),(-194.746262,-148.251022,224.79689),(-193.121155,-146.857544,224.835999),(-202.339569,-146.857544,224.987656),(-193.121155,-146.857544,224.835999),(-186.432907,-141.122559,224.807053),(-202.339569,-146.857544,224.987656),(-186.432907,-141.122559,224.807053),(-176.959686,-133.562134,224.758118),(-202.339569,-146.857544,224.987656),(-176.959686,-133.562134,224.758118),(-176.809677,-133.431198,224.757492),(-202.339569,-146.857544,224.987656),(-176.809677,-133.431198,224.757492),(-180.805618,-128.954926,224.886536),(-176.809677,-133.431198,224.757492),(-176.809677,-125.467178,224.870102),(-180.805618,-128.954926,224.886536),(-202.339569,-146.857544,224.987656),(-180.805618,-128.954926,224.886536),(-198.651596,-143.695984,224.971695),(-176.809677,-133.431198,224.757492),(-172.593887,-121.787544,225.021912),(-176.809677,-125.467178,224.870102),(-180.805618,-128.954926,224.886536),(-190.25824,-136.498932,224.935364),(-198.651596,-143.695984,224.971695),(-172.593887,-121.787544,225.021912),(-176.809677,-133.431198,224.757492),(-174.163498,-131.121552,224.852783),(-172.593887,-121.787544,225.021912),(-174.163498,-131.121552,224.852783),(-168.329254,-126.029289,225.062866),(-168.329254,-126.029289,225.062866),(-167.789749,-117.594383,224.766907),(-172.593887,-121.787544,225.021912),(-167.789749,-117.594383,224.766907),(-168.329254,-126.029289,225.062866),(-164.337967,-122.545593,224.851013),(-167.789749,-117.594383,224.766907),(-164.337967,-122.545593,224.851013),(-158.665314,-117.594383,224.549896),(-158.665314,-117.594383,224.549896),(-150.141113,-102.190254,224.852173),(-167.789749,-117.594383,224.766907),(-150.141113,-102.190254,224.852173),(-158.665314,-117.594383,224.549896),(-148.910065,-109.079773,224.597031),(-148.910065,-109.079773,224.597031),(-147.388626,-107.751831,224.604385),(-150.141113,-102.190254,224.852173),(-147.388626,-99.792824,224.865311),(-150.141113,-102.190254,224.852173),(-147.388626,-107.751831,224.604385),(-147.388626,-99.792824,224.865311),(-147.388626,-107.751831,224.604385),(-146.197998,-106.712624,224.61351),(-140.500122,-101.749748,224.656845),(-147.388626,-99.792824,224.865311),(-146.197998,-106.712624,224.61351),(-147.388626,-99.792824,224.865311),(-140.500122,-101.749748,224.656845),(-143.51799,-98.284935,224.833649),(-147.388626,-99.792824,224.865311),(-143.51799,-98.284935,224.833649),(-144.440903,-97.225342,224.887726)),$);
#2988= IFCTRIANGULATEDFACESET(#2987,$,$,((1,2,3),(4,5,6),(7,8,9),(10,11,12),(13,14,15),(16,17,18),(19,20,21),(22,23,24),(25,26,27),(28,29,30),(31,32,33),(34,35,36),(37,38,39),(40,41,42),(43,44,45),(46,47,48),(49,50,51),(52,53,54),(55,56,57),(58,59,60),(61,62,63),(64,65,66),(67,68,69),(70,71,72),(73,74,75),(76,77,78),(79,80,81),(82,83,84),(85,86,87),(88,89,90),(91,92,93),(94,95,96),(97,98,99),(100,101,102),(103,104,105),(106,107,108),(109,110,111),(112,113,114),(115,116,117),(118,119,120),(121,122,123),(124,125,126),(127,128,129),(130,131,132),(133,134,135),(136,137,138),(139,140,141),(142,143,144),(145,146,147),(148,149,150),(151,152,153)),$);
#2989= IFCSTYLEDITEM(#2988,(#2962),$);
#2990= IFCSHAPEREPRESENTATION(#36,'Body','Tessellation',(#2988));
#2991= IFCPRODUCTDEFINITIONSHAPE($,$,(#2990));
#2992= IFCRELAGGREGATES('3jBSPinbxStTreUQH4PhCz',#18,$,$,#12,(#2984));
#2993= IFCPROPERTYSET('3bJLykRRmlIjQgFqw8qU3D',#18,'Forma Element Properties',$,(#2994,#2995));
#2994= IFCPROPERTYSINGLEVALUE('URN',$,IFCLABEL('urn:adsk-forma-elements:basic:pro_i5ejxrzg17:98171ee4-54ce-4242-97da-7406e36c7f34+b6c71a26-60ef-47fa-bbd9-cc190bfaddce:1782141379955'),$);
#2995= IFCPROPERTYSINGLEVALUE('Key Path',$,IFCLABEL('bd3161c0-0d5f-4676-ad00-0a3c78e1be8c/08c7a7d4'),$);
#2996= IFCRELDEFINESBYPROPERTIES('2Boew_fMvBOWrIUZjlZIuL',#18,$,$,(#2984),#2993);
#2997= IFCROAD('04L5pw3T7V1VhQm8qweSLr',#18,'unnamed road',$,$,#2999,#3004,$,$,.NOTDEFINED.);
#2998= IFCAXIS2PLACEMENT3D(#1,$,$);
#2999= IFCLOCALPLACEMENT($,#2998);
#3000= IFCCARTESIANPOINTLIST3D(((-265.072815,148.903046,228.847946),(-265.072815,145.021729,228.511505),(-264.399292,148.182007,228.781662)),$);
#3001= IFCTRIANGULATEDFACESET(#3000,$,$,((1,2,3)),$);
#3002= IFCSTYLEDITEM(#3001,(#2962),$);
#3003= IFCSHAPEREPRESENTATION(#36,'Body','Tessellation',(#3001));
#3004= IFCPRODUCTDEFINITIONSHAPE($,$,(#3003));
#3005= IFCRELAGGREGATES('2XKMKQDJgw45yebKTdz3Qh',#18,$,$,#12,(#2997));
#3006= IFCPROPERTYSET('0_GFqGnRf6fT3kX26AH$Iq',#18,'Forma Element Properties',$,(#3007,#3008));
#3007= IFCPROPERTYSINGLEVALUE('URN',$,IFCLABEL('urn:adsk-forma-elements:basic:pro_i5ejxrzg17:98171ee4-54ce-4242-97da-7406e36c7f34+73da92cc-a1f3-4f64-b1f3-3445a83d9b3e:1782141379955'),$);
#3008= IFCPROPERTYSINGLEVALUE('Key Path',$,IFCLABEL('bd3161c0-0d5f-4676-ad00-0a3c78e1be8c/ded70f8c'),$);
#3009= IFCRELDEFINESBYPROPERTIES('3UI4GdW4vj4nWc6qz2_hmV',#18,$,$,(#2997),#3006);
#3010= IFCROAD('1GB1Lj0EUUwY67X1VenOWS',#18,'Alleghany Street',$,$,#3012,#3017,$,$,.NOTDEFINED.);
#3011= IFCAXIS2PLACEMENT3D(#1,$,$);
#3012= IFCLOCALPLACEMENT($,#3011);
#3013= IFCCARTESIANPOINTLIST3D(((-265.072815,7.583614,226.275879),(-258.498566,5.767971,226.161194),(-262.237579,10.055897,226.178467),(-265.072815,7.583614,226.275879),(-258.294281,5.533688,226.160248),(-258.498566,5.767971,226.161194),(-265.072815,7.583614,226.275879),(-265.072815,-0.377083,226.393173),(-258.294281,5.533688,226.160248)),$);
#3014= IFCTRIANGULATEDFACESET(#3013,$,$,((1,2,3),(4,5,6),(7,8,9)),$);
#3015= IFCSTYLEDITEM(#3014,(#2962),$);
#3016= IFCSHAPEREPRESENTATION(#36,'Body','Tessellation',(#3014));
#3017= IFCPRODUCTDEFINITIONSHAPE($,$,(#3016));
#3018= IFCRELAGGREGATES('1aU4PB7M11eO6lHzOG5KLM',#18,$,$,#12,(#3010));
#3019= IFCPROPERTYSET('3_lZuEm5Qshu$Zt4UwM_$i',#18,'Forma Element Properties',$,(#3020,#3021));
#3020= IFCPROPERTYSINGLEVALUE('URN',$,IFCLABEL('urn:adsk-forma-elements:basic:pro_i5ejxrzg17:98171ee4-54ce-4242-97da-7406e36c7f34+d55e9675-0eec-4ad4-8ead-0a994a4094e1:1782141379955'),$);
#3021= IFCPROPERTYSINGLEVALUE('Key Path',$,IFCLABEL('bd3161c0-0d5f-4676-ad00-0a3c78e1be8c/ca68ecb9'),$);
#3022= IFCRELDEFINESBYPROPERTIES('0xS_Ufh7sk2zElx$L$GSUV',#18,$,$,(#3010),#3019);
#3023= IFCPROPERTYSINGLEVALUE('LicensingUrl',$,IFCLABEL('https://dataspace.copernicus.eu/sites/default/files/media/files/2025-01/cscda_esa_user_licence_10.01.2025.pdf'),$);
#3024= IFCPROPERTYSINGLEVALUE('LicensingProviderDescriptionUrl',$,IFCLABEL('https://dataspace.copernicus.eu/explore-data/data-collections/copernicus-contributing-missions/collections-description/COP-DEM'),$);
#3025= IFCPROPERTYSINGLEVALUE('LicensingTransferUrl',$,IFCLABEL('https://dataspace.copernicus.eu/explore-data/data-collections/copernicus-contributing-missions/collections-description/COP-DEM'),$);
#3026= IFCPROPERTYSINGLEVALUE('LicensingTransferContent',$,IFCLABEL('Terrain data \X2\00A9\X0\ DLR, \X2\00A9\X0\ Airbus Defence and Space. Provided from COPERNICUS by the European Union and ESA'),$);
#3027= IFCPROPERTYSINGLEVALUE('LicensingDisplayUrl',$,IFCLABEL('https://dataspace.copernicus.eu/explore-data/data-collections/copernicus-contributing-missions/collections-description/COP-DEM'),$);
#3028= IFCPROPERTYSINGLEVALUE('LicensingDisplayContent',$,IFCLABEL('\X2\00A9\X0\ DLR, \X2\00A9\X0\ Airbus Defence and Space. Provided from COPERNICUS by the European Union and ESA'),$);
#3029= IFCPROPERTYSET('1LJwlvxjmsbpID0ZgxVHlV',#18,'Licensing',$,(#3023,#3024,#3025,#3026,#3027,#3028));
#3030= IFCRELDEFINESBYPROPERTIES('3xcz87JqLH0xFtQ6ifhY8S',#18,$,$,(#41),#3029);
#3031= IFCPROPERTYSINGLEVALUE('LicensingUrl',$,IFCLABEL('https://creativecommons.org/licenses/by/4.0/'),$);
#3032= IFCPROPERTYSINGLEVALUE('LicensingProviderDescriptionUrl',$,IFCLABEL('https://fema.maps.arcgis.com/home/item.html?id=0ec8512ad21e4bb987d7e848d14e7e24#overview'),$);
#3033= IFCPROPERTYSINGLEVALUE('LicensingTransferUrl',$,IFCLABEL('https://fema.maps.arcgis.com/home/item.html?id=0ec8512ad21e4bb987d7e848d14e7e24#overview'),$);
#3034= IFCPROPERTYSINGLEVALUE('LicensingTransferContent',$,IFCLABEL('Building data from Oak Ridge National Laboratory (ORNL), Federal Emergency Management Agency (FEMA) Geospatial Response Office'),$);
#3035= IFCPROPERTYSINGLEVALUE('LicensingDisplayUrl',$,IFCLABEL('https://fema.maps.arcgis.com/home/item.html?id=0ec8512ad21e4bb987d7e848d14e7e24#overview'),$);
#3036= IFCPROPERTYSINGLEVALUE('LicensingDisplayContent',$,IFCLABEL('Oak Ridge National Laboratory (ORNL), Federal Emergency Management Agency (FEMA) Geospatial Response Office'),$);
#3037= IFCPROPERTYSET('3I3j4dxblQs3kdtidTcBfu',#18,'Licensing',$,(#3031,#3032,#3033,#3034,#3035,#3036));
#3038= IFCRELDEFINESBYPROPERTIES('0VhmBZ7GIHkxlkU8CucEUq',#18,$,$,(#64,#84,#112,#135,#155,#175,#195,#219,#239,#259,#279,#299,#322,#346,#368,#389,#409,#429,#451,#474,#496,#516,#536,#558,#578,#598,#620,#640,#660,#684,#704,#728,#748,#770,#794,#814,#834,#854,#883,#903,#925,#945,#965,#985,#1013,#1033,#1053,#1077,#1097,#1121,#1143,#1163,#1183,#1205,#1225,#1245,#1265,#1285,#1305,#1325,#1347,#1367,#1387,#1407,#1427,#1450,#1472,#1492,#1519,#1543,#1566,#1587,#1611,#1631,#1651,#1671,#1691,#1711,#1731,#1760,#1790,#1812,#1835,#1855,#1875,#1895,#1915,#1935,#1955,#1978,#1998,#2021,#2043,#2065,#2089,#2109,#2129,#2149,#2183,#2203,#2225,#2245,#2267,#2293,#2317,#2339,#2359,#2379,#2399,#2419,#2439,#2459,#2479,#2504,#2524,#2546,#2566,#2586,#2606,#2626,#2646,#2666,#2686,#2710,#2730,#2753,#2776,#2796,#2823,#2843,#2867,#2887,#2907,#2927,#2950),#3037);
#3039= IFCPROPERTYSINGLEVALUE('LicensingUrl',$,IFCLABEL('https://opendatacommons.org/licenses/odbl/'),$);
#3040= IFCPROPERTYSINGLEVALUE('LicensingProviderDescriptionUrl',$,IFCLABEL('https://docs.overturemaps.org/schema/reference/transportation/segment/'),$);
#3041= IFCPROPERTYSINGLEVALUE('LicensingTransferUrl',$,IFCLABEL('https://docs.overturemaps.org/attribution/'),$);
#3042= IFCPROPERTYSINGLEVALUE('LicensingTransferContent',$,IFCLABEL('\X2\00A9\X0\ OpenStreetMap contributors and Overture Maps Foundation'),$);
#3043= IFCPROPERTYSINGLEVALUE('LicensingDisplayUrl',$,IFCLABEL('https://docs.overturemaps.org/attribution/'),$);
#3044= IFCPROPERTYSINGLEVALUE('LicensingDisplayContent',$,IFCLABEL('\X2\00A9\X0\ OpenStreetMap contributors and Overture Maps Foundation'),$);
#3045= IFCPROPERTYSET('2olNCWOGE_SZ6WlymH6wTQ',#18,'Licensing',$,(#3039,#3040,#3041,#3042,#3043,#3044));
#3046= IFCRELDEFINESBYPROPERTIES('3PGCEeSH0uiIzFCAvAnxu5',#18,$,$,(#2955,#2971,#2984,#2997,#3010),#3045);
ENDSEC;

END-ISO-10303-21;
