{
  "type": "FeatureCollection",
  "name": "Enderly Park IFC terrain mesh",
  "metadata": {
    "source": "Enderly.ifc",
    "source_crs": "EPSG:32617",
    "generated_from": "tools/ifc-to-geojson.mjs",
    "triangle_count": 562,
    "edge_count": 873
  },
  "features": [
    {
      "type": "Feature",
      "properties": {
        "role": "surface",
        "name": "Enderly Park terrain surface"
      },
      "geometry": {
        "type": "MultiPolygon",
        "coordinates": [
          [
            [
              [
                -80.8855691,
                35.2384085
              ],
              [
                -80.8849228,
                35.2381441
              ],
              [
                -80.8849224,
                35.2384079
              ],
              [
                -80.8855691,
                35.2384085
              ]
            ]
          ],
          [
            [
              [
                -80.8807165,
                35.2399871
              ],
              [
                -80.8810394,
                35.2402512
              ],
              [
                -80.8810402,
                35.2397235
              ],
              [
                -80.8807165,
                35.2399871
              ]
            ]
          ],
          [
            [
              [
                -80.884922,
                35.2386718
              ],
              [
                -80.8855691,
                35.2384085
              ],
              [
                -80.8849224,
                35.2384079
              ],
              [
                -80.884922,
                35.2386718
              ]
            ]
          ],
          [
            [
              [
                -80.8829823,
                35.2384061
              ],
              [
                -80.8823356,
                35.2384054
              ],
              [
                -80.8826585,
                35.2386696
              ],
              [
                -80.8829823,
                35.2384061
              ]
            ]
          ],
          [
            [
              [
                -80.8810402,
                35.2397235
              ],
              [
                -80.8810394,
                35.2402512
              ],
              [
                -80.8813632,
                35.2399877
              ],
              [
                -80.8810402,
                35.2397235
              ]
            ]
          ],
          [
            [
              [
                -80.8823356,
                35.2384054
              ],
              [
                -80.8829823,
                35.2384061
              ],
              [
                -80.8823359,
                35.2381416
              ],
              [
                -80.8823356,
                35.2384054
              ]
            ]
          ],
          [
            [
              [
                -80.880067,
                35.2418335
              ],
              [
                -80.8803908,
                35.2415699
              ],
              [
                -80.8800678,
                35.2413058
              ],
              [
                -80.880067,
                35.2418335
              ]
            ]
          ],
          [
            [
              [
                -80.8852409,
                35.2418385
              ],
              [
                -80.8849179,
                35.2415743
              ],
              [
                -80.8849172,
                35.2421021
              ],
              [
                -80.8852409,
                35.2418385
              ]
            ]
          ],
          [
            [
              [
                -80.8833071,
                35.2373509
              ],
              [
                -80.8833064,
                35.2378786
              ],
              [
                -80.8836305,
                35.2373512
              ],
              [
                -80.8833071,
                35.2373509
              ]
            ]
          ],
          [
            [
              [
                -80.8849172,
                35.2421021
              ],
              [
                -80.8849179,
                35.2415743
              ],
              [
                -80.8845942,
                35.2418379
              ],
              [
                -80.8849172,
                35.2421021
              ]
            ]
          ],
          [
            [
              [
                -80.8855651,
                35.2413111
              ],
              [
                -80.8849183,
                35.2413105
              ],
              [
                -80.8852413,
                35.2415746
              ],
              [
                -80.8855651,
                35.2413111
              ]
            ]
          ],
          [
            [
              [
                -80.8810402,
                35.2397235
              ],
              [
                -80.8807172,
                35.2394593
              ],
              [
                -80.8803935,
                35.2397229
              ],
              [
                -80.8810402,
                35.2397235
              ]
            ]
          ],
          [
            [
              [
                -80.8820088,
                35.2407799
              ],
              [
                -80.8823325,
                35.2405164
              ],
              [
                -80.8820095,
                35.2402522
              ],
              [
                -80.8820088,
                35.2407799
              ]
            ]
          ],
          [
            [
              [
                -80.8855651,
                35.2413111
              ],
              [
                -80.8852421,
                35.2410469
              ],
              [
                -80.8849183,
                35.2413105
              ],
              [
                -80.8855651,
                35.2413111
              ]
            ]
          ],
          [
            [
              [
                -80.8833049,
                35.2389341
              ],
              [
                -80.8833056,
                35.2384064
              ],
              [
                -80.8829819,
                35.2386699
              ],
              [
                -80.8833049,
                35.2389341
              ]
            ]
          ],
          [
            [
              [
                -80.8858884,
                35.2413114
              ],
              [
                -80.8858892,
                35.2407836
              ],
              [
                -80.8855654,
                35.2410472
              ],
              [
                -80.8858884,
                35.2413114
              ]
            ]
          ],
          [
            [
              [
                -80.881364,
                35.23946
              ],
              [
                -80.8810414,
                35.2389319
              ],
              [
                -80.8810406,
                35.2394596
              ],
              [
                -80.881364,
                35.23946
              ]
            ]
          ],
          [
            [
              [
                -80.8833007,
                35.2418367
              ],
              [
                -80.882977,
                35.2421002
              ],
              [
                -80.8836237,
                35.2421008
              ],
              [
                -80.8833007,
                35.2418367
              ]
            ]
          ],
          [
            [
              [
                -80.8849232,
                35.2378802
              ],
              [
                -80.8849239,
                35.2373524
              ],
              [
                -80.8846002,
                35.237616
              ],
              [
                -80.8849232,
                35.2378802
              ]
            ]
          ],
          [
            [
              [
                -80.8823329,
                35.2402525
              ],
              [
                -80.8826559,
                35.2405167
              ],
              [
                -80.8826566,
                35.239989
              ],
              [
                -80.8823329,
                35.2402525
              ]
            ]
          ],
          [
            [
              [
                -80.8855695,
                35.2381447
              ],
              [
                -80.8849228,
                35.2381441
              ],
              [
                -80.8855691,
                35.2384085
              ],
              [
                -80.8855695,
                35.2381447
              ]
            ]
          ],
          [
            [
              [
                -80.8816858,
                35.2405157
              ],
              [
                -80.8820088,
                35.2407799
              ],
              [
                -80.8820095,
                35.2402522
              ],
              [
                -80.8816858,
                35.2405157
              ]
            ]
          ],
          [
            [
              [
                -80.8858917,
                35.2389366
              ],
              [
                -80.8855691,
                35.2384085
              ],
              [
                -80.8855684,
                35.2389363
              ],
              [
                -80.8858917,
                35.2389366
              ]
            ]
          ],
          [
            [
              [
                -80.883629,
                35.2384067
              ],
              [
                -80.8842757,
                35.2384073
              ],
              [
                -80.8839527,
                35.2381431
              ],
              [
                -80.883629,
                35.2384067
              ]
            ]
          ],
          [
            [
              [
                -80.8810418,
                35.238668
              ],
              [
                -80.8807188,
                35.2384039
              ],
              [
                -80.880395,
                35.2386674
              ],
              [
                -80.8810418,
                35.238668
              ]
            ]
          ],
          [
            [
              [
                -80.885894,
                35.2373534
              ],
              [
                -80.8852473,
                35.2373528
              ],
              [
                -80.8855702,
                35.2376169
              ],
              [
                -80.885894,
                35.2373534
              ]
            ]
          ],
          [
            [
              [
                -80.8845968,
                35.2399908
              ],
              [
                -80.8845976,
                35.2394631
              ],
              [
                -80.8842738,
                35.2397266
              ],
              [
                -80.8845968,
                35.2399908
              ]
            ]
          ],
          [
            [
              [
                -80.8813601,
                35.2420986
              ],
              [
                -80.8810371,
                35.2418344
              ],
              [
                -80.8807134,
                35.242098
              ],
              [
                -80.8813601,
                35.2420986
              ]
            ]
          ],
          [
            [
              [
                -80.8849228,
                35.2381441
              ],
              [
                -80.8855695,
                35.2381447
              ],
              [
                -80.8852465,
                35.2378805
              ],
              [
                -80.8849228,
                35.2381441
              ]
            ]
          ],
          [
            [
              [
                -80.8842746,
                35.2391989
              ],
              [
                -80.8839516,
                35.2389347
              ],
              [
                -80.8839508,
                35.2394625
              ],
              [
                -80.8842746,
                35.2391989
              ]
            ]
          ],
          [
            [
              [
                -80.8833056,
                35.2384064
              ],
              [
                -80.8833049,
                35.2389341
              ],
              [
                -80.883629,
                35.2384067
              ],
              [
                -80.8833056,
                35.2384064
              ]
            ]
          ],
          [
            [
              [
                -80.882983,
                35.2378783
              ],
              [
                -80.8823363,
                35.2378777
              ],
              [
                -80.8829827,
                35.2381422
              ],
              [
                -80.882983,
                35.2378783
              ]
            ]
          ],
          [
            [
              [
                -80.8826601,
                35.2376141
              ],
              [
                -80.8823363,
                35.2378777
              ],
              [
                -80.882983,
                35.2378783
              ],
              [
                -80.8826601,
                35.2376141
              ]
            ]
          ],
          [
            [
              [
                -80.880718,
                35.2389316
              ],
              [
                -80.8810418,
                35.238668
              ],
              [
                -80.880395,
                35.2386674
              ],
              [
                -80.880718,
                35.2389316
              ]
            ]
          ],
          [
            [
              [
                -80.8845994,
                35.2381437
              ],
              [
                -80.8849232,
                35.2378802
              ],
              [
                -80.8842765,
                35.2378796
              ],
              [
                -80.8845994,
                35.2381437
              ]
            ]
          ],
          [
            [
              [
                -80.8829792,
                35.240517
              ],
              [
                -80.883303,
                35.2402534
              ],
              [
                -80.8829796,
                35.2402531
              ],
              [
                -80.8829792,
                35.240517
              ]
            ]
          ],
          [
            [
              [
                -80.8816839,
                35.2418351
              ],
              [
                -80.8816846,
                35.2413073
              ],
              [
                -80.8813609,
                35.2415709
              ],
              [
                -80.8816839,
                35.2418351
              ]
            ]
          ],
          [
            [
              [
                -80.8816888,
                35.2384048
              ],
              [
                -80.8810421,
                35.2384042
              ],
              [
                -80.8813651,
                35.2386684
              ],
              [
                -80.8816888,
                35.2384048
              ]
            ]
          ],
          [
            [
              [
                -80.8820099,
                35.2399883
              ],
              [
                -80.8823329,
                35.2402525
              ],
              [
                -80.8826566,
                35.239989
              ],
              [
                -80.8820099,
                35.2399883
              ]
            ]
          ],
          [
            [
              [
                -80.881364,
                35.23946
              ],
              [
                -80.8810402,
                35.2397235
              ],
              [
                -80.8813632,
                35.2399877
              ],
              [
                -80.881364,
                35.23946
              ]
            ]
          ],
          [
            [
              [
                -80.8807149,
                35.2410425
              ],
              [
                -80.8810387,
                35.240779
              ],
              [
                -80.8807157,
                35.2405148
              ],
              [
                -80.8807149,
                35.2410425
              ]
            ]
          ],
          [
            [
              [
                -80.8803915,
                35.2410422
              ],
              [
                -80.8800686,
                35.240778
              ],
              [
                -80.8800678,
                35.2413058
              ],
              [
                -80.8803915,
                35.2410422
              ]
            ]
          ],
          [
            [
              [
                -80.8810406,
                35.2394596
              ],
              [
                -80.8810414,
                35.2389319
              ],
              [
                -80.8807176,
                35.2391955
              ],
              [
                -80.8810406,
                35.2394596
              ]
            ]
          ],
          [
            [
              [
                -80.8855684,
                35.2389363
              ],
              [
                -80.8852447,
                35.2391998
              ],
              [
                -80.885568,
                35.2392001
              ],
              [
                -80.8855684,
                35.2389363
              ]
            ]
          ],
          [
            [
              [
                -80.8826544,
                35.2415722
              ],
              [
                -80.8823306,
                35.2418357
              ],
              [
                -80.882654,
                35.241836
              ],
              [
                -80.8826544,
                35.2415722
              ]
            ]
          ],
          [
            [
              [
                -80.8836279,
                35.2391983
              ],
              [
                -80.8839516,
                35.2389347
              ],
              [
                -80.8836282,
                35.2389344
              ],
              [
                -80.8836279,
                35.2391983
              ]
            ]
          ],
          [
            [
              [
                -80.8855691,
                35.2384085
              ],
              [
                -80.884922,
                35.2386718
              ],
              [
                -80.8855684,
                35.2389363
              ],
              [
                -80.8855691,
                35.2384085
              ]
            ]
          ],
          [
            [
              [
                -80.8807199,
                35.2376122
              ],
              [
                -80.8810437,
                35.2373487
              ],
              [
                -80.880397,
                35.2373481
              ],
              [
                -80.8807199,
                35.2376122
              ]
            ]
          ],
          [
            [
              [
                -80.8836294,
                35.2381428
              ],
              [
                -80.8839531,
                35.2378793
              ],
              [
                -80.8833064,
                35.2378786
              ],
              [
                -80.8836294,
                35.2381428
              ]
            ]
          ],
          [
            [
              [
                -80.8842765,
                35.2378796
              ],
              [
                -80.8849232,
                35.2378802
              ],
              [
                -80.8846002,
                35.237616
              ],
              [
                -80.8842765,
                35.2378796
              ]
            ]
          ],
          [
            [
              [
                -80.880395,
                35.2386674
              ],
              [
                -80.8800725,
                35.2381393
              ],
              [
                -80.8800713,
                35.2389309
              ],
              [
                -80.880395,
                35.2386674
              ]
            ]
          ],
          [
            [
              [
                -80.8826551,
                35.2410444
              ],
              [
                -80.8829789,
                35.2407809
              ],
              [
                -80.8826555,
                35.2407806
              ],
              [
                -80.8826551,
                35.2410444
              ]
            ]
          ],
          [
            [
              [
                -80.8803908,
                35.2415699
              ],
              [
                -80.8807145,
                35.2413064
              ],
              [
                -80.8803912,
                35.2413061
              ],
              [
                -80.8803908,
                35.2415699
              ]
            ]
          ],
          [
            [
              [
                -80.8833064,
                35.2378786
              ],
              [
                -80.8839535,
                35.2376154
              ],
              [
                -80.8836305,
                35.2373512
              ],
              [
                -80.8833064,
                35.2378786
              ]
            ]
          ],
          [
            [
              [
                -80.8858936,
                35.2376172
              ],
              [
                -80.8855702,
                35.2376169
              ],
              [
                -80.8858932,
                35.2378811
              ],
              [
                -80.8858936,
                35.2376172
              ]
            ]
          ],
          [
            [
              [
                -80.8810418,
                35.238668
              ],
              [
                -80.880718,
                35.2389316
              ],
              [
                -80.8810414,
                35.2389319
              ],
              [
                -80.8810418,
                35.238668
              ]
            ]
          ],
          [
            [
              [
                -80.8800728,
                35.2378755
              ],
              [
                -80.8803958,
                35.2381397
              ],
              [
                -80.8803962,
                35.2378758
              ],
              [
                -80.8800728,
                35.2378755
              ]
            ]
          ],
          [
            [
              [
                -80.8858884,
                35.2413114
              ],
              [
                -80.8855654,
                35.2410472
              ],
              [
                -80.8855651,
                35.2413111
              ],
              [
                -80.8858884,
                35.2413114
              ]
            ]
          ],
          [
            [
              [
                -80.8849206,
                35.2397273
              ],
              [
                -80.8845976,
                35.2394631
              ],
              [
                -80.8845968,
                35.2399908
              ],
              [
                -80.8849206,
                35.2397273
              ]
            ]
          ],
          [
            [
              [
                -80.8849179,
                35.2415743
              ],
              [
                -80.8852409,
                35.2418385
              ],
              [
                -80.8852413,
                35.2415746
              ],
              [
                -80.8849179,
                35.2415743
              ]
            ]
          ],
          [
            [
              [
                -80.881685,
                35.2410435
              ],
              [
                -80.8823318,
                35.2410441
              ],
              [
                -80.8820088,
                35.2407799
              ],
              [
                -80.881685,
                35.2410435
              ]
            ]
          ],
          [
            [
              [
                -80.8813647,
                35.2389322
              ],
              [
                -80.881364,
                35.23946
              ],
              [
                -80.8816877,
                35.2391964
              ],
              [
                -80.8813647,
                35.2389322
              ]
            ]
          ],
          [
            [
              [
                -80.8803935,
                35.2397229
              ],
              [
                -80.8807165,
                35.2399871
              ],
              [
                -80.8810402,
                35.2397235
              ],
              [
                -80.8803935,
                35.2397229
              ]
            ]
          ],
          [
            [
              [
                -80.881364,
                35.23946
              ],
              [
                -80.8813632,
                35.2399877
              ],
              [
                -80.8816869,
                35.2397241
              ],
              [
                -80.881364,
                35.23946
              ]
            ]
          ],
          [
            [
              [
                -80.8849217,
                35.2389357
              ],
              [
                -80.8855684,
                35.2389363
              ],
              [
                -80.884922,
                35.2386718
              ],
              [
                -80.8849217,
                35.2389357
              ]
            ]
          ],
          [
            [
              [
                -80.8823359,
                35.2381416
              ],
              [
                -80.8829823,
                35.2384061
              ],
              [
                -80.8829827,
                35.2381422
              ],
              [
                -80.8823359,
                35.2381416
              ]
            ]
          ],
          [
            [
              [
                -80.8810383,
                35.2410428
              ],
              [
                -80.8810375,
                35.2415706
              ],
              [
                -80.8813613,
                35.241307
              ],
              [
                -80.8810383,
                35.2410428
              ]
            ]
          ],
          [
            [
              [
                -80.8800701,
                35.2397226
              ],
              [
                -80.8803935,
                35.2397229
              ],
              [
                -80.8800705,
                35.2394587
              ],
              [
                -80.8800701,
                35.2397226
              ]
            ]
          ],
          [
            [
              [
                -80.883629,
                35.2384067
              ],
              [
                -80.8833049,
                35.2389341
              ],
              [
                -80.8836282,
                35.2389344
              ],
              [
                -80.883629,
                35.2384067
              ]
            ]
          ],
          [
            [
              [
                -80.8858929,
                35.238145
              ],
              [
                -80.8855695,
                35.2381447
              ],
              [
                -80.8858925,
                35.2384088
              ],
              [
                -80.8858929,
                35.238145
              ]
            ]
          ],
          [
            [
              [
                -80.8807149,
                35.2410425
              ],
              [
                -80.8807157,
                35.2405148
              ],
              [
                -80.8803919,
                35.2407783
              ],
              [
                -80.8807149,
                35.2410425
              ]
            ]
          ],
          [
            [
              [
                -80.8823352,
                35.2386693
              ],
              [
                -80.8820122,
                35.2384051
              ],
              [
                -80.8820118,
                35.238669
              ],
              [
                -80.8823352,
                35.2386693
              ]
            ]
          ],
          [
            [
              [
                -80.8849187,
                35.2410466
              ],
              [
                -80.8845953,
                35.2410463
              ],
              [
                -80.8849183,
                35.2413105
              ],
              [
                -80.8849187,
                35.2410466
              ]
            ]
          ],
          [
            [
              [
                -80.8845957,
                35.2407824
              ],
              [
                -80.8849194,
                35.2405189
              ],
              [
                -80.8845961,
                35.2405186
              ],
              [
                -80.8845957,
                35.2407824
              ]
            ]
          ],
          [
            [
              [
                -80.8826559,
                35.2405167
              ],
              [
                -80.8823325,
                35.2405164
              ],
              [
                -80.8823321,
                35.2407802
              ],
              [
                -80.8826559,
                35.2405167
              ]
            ]
          ],
          [
            [
              [
                -80.8810383,
                35.2410428
              ],
              [
                -80.881362,
                35.2407793
              ],
              [
                -80.8810387,
                35.240779
              ],
              [
                -80.8810383,
                35.2410428
              ]
            ]
          ],
          [
            [
              [
                -80.8829789,
                35.2407809
              ],
              [
                -80.8826551,
                35.2410444
              ],
              [
                -80.8829785,
                35.2410447
              ],
              [
                -80.8829789,
                35.2407809
              ]
            ]
          ],
          [
            [
              [
                -80.8839493,
                35.2405179
              ],
              [
                -80.8836256,
                35.2407815
              ],
              [
                -80.883949,
                35.2407818
              ],
              [
                -80.8839493,
                35.2405179
              ]
            ]
          ],
          [
            [
              [
                -80.8829781,
                35.2413086
              ],
              [
                -80.8833019,
                35.2410451
              ],
              [
                -80.8829785,
                35.2410447
              ],
              [
                -80.8829781,
                35.2413086
              ]
            ]
          ],
          [
            [
              [
                -80.8820114,
                35.2389329
              ],
              [
                -80.8816885,
                35.2386687
              ],
              [
                -80.8816877,
                35.2391964
              ],
              [
                -80.8820114,
                35.2389329
              ]
            ]
          ],
          [
            [
              [
                -80.8816869,
                35.2397241
              ],
              [
                -80.8813632,
                35.2399877
              ],
              [
                -80.8816865,
                35.239988
              ],
              [
                -80.8816869,
                35.2397241
              ]
            ]
          ],
          [
            [
              [
                -80.8803908,
                35.2415699
              ],
              [
                -80.880067,
                35.2418335
              ],
              [
                -80.8803904,
                35.2418338
              ],
              [
                -80.8803908,
                35.2415699
              ]
            ]
          ],
          [
            [
              [
                -80.881685,
                35.2410435
              ],
              [
                -80.882008,
                35.2413077
              ],
              [
                -80.8823318,
                35.2410441
              ],
              [
                -80.881685,
                35.2410435
              ]
            ]
          ],
          [
            [
              [
                -80.8826585,
                35.2386696
              ],
              [
                -80.8823356,
                35.2384054
              ],
              [
                -80.8823352,
                35.2386693
              ],
              [
                -80.8826585,
                35.2386696
              ]
            ]
          ],
          [
            [
              [
                -80.8807145,
                35.2413064
              ],
              [
                -80.8810375,
                35.2415706
              ],
              [
                -80.8810383,
                35.2410428
              ],
              [
                -80.8807145,
                35.2413064
              ]
            ]
          ],
          [
            [
              [
                -80.8855691,
                35.2384085
              ],
              [
                -80.8858917,
                35.2389366
              ],
              [
                -80.8858925,
                35.2384088
              ],
              [
                -80.8855691,
                35.2384085
              ]
            ]
          ],
          [
            [
              [
                -80.8807196,
                35.2378761
              ],
              [
                -80.8803958,
                35.2381397
              ],
              [
                -80.8807192,
                35.23814
              ],
              [
                -80.8807196,
                35.2378761
              ]
            ]
          ],
          [
            [
              [
                -80.8852428,
                35.2405192
              ],
              [
                -80.8849198,
                35.240255
              ],
              [
                -80.8849194,
                35.2405189
              ],
              [
                -80.8852428,
                35.2405192
              ]
            ]
          ],
          [
            [
              [
                -80.88298,
                35.2399893
              ],
              [
                -80.883303,
                35.2402534
              ],
              [
                -80.8833034,
                35.2399896
              ],
              [
                -80.88298,
                35.2399893
              ]
            ]
          ],
          [
            [
              [
                -80.8849239,
                35.2373524
              ],
              [
                -80.8852469,
                35.2376166
              ],
              [
                -80.8852473,
                35.2373528
              ],
              [
                -80.8849239,
                35.2373524
              ]
            ]
          ],
          [
            [
              [
                -80.8849206,
                35.2397273
              ],
              [
                -80.8852435,
                35.2399914
              ],
              [
                -80.8852439,
                35.2397276
              ],
              [
                -80.8849206,
                35.2397273
              ]
            ]
          ],
          [
            [
              [
                -80.8803927,
                35.2402506
              ],
              [
                -80.8800693,
                35.2402503
              ],
              [
                -80.880069,
                35.2405142
              ],
              [
                -80.8803927,
                35.2402506
              ]
            ]
          ],
          [
            [
              [
                -80.882657,
                35.2397251
              ],
              [
                -80.88298,
                35.2399893
              ],
              [
                -80.8829804,
                35.2397254
              ],
              [
                -80.882657,
                35.2397251
              ]
            ]
          ],
          [
            [
              [
                -80.8816869,
                35.2397241
              ],
              [
                -80.8816873,
                35.2394603
              ],
              [
                -80.881364,
                35.23946
              ],
              [
                -80.8816869,
                35.2397241
              ]
            ]
          ],
          [
            [
              [
                -80.8816885,
                35.2386687
              ],
              [
                -80.8813647,
                35.2389322
              ],
              [
                -80.8816877,
                35.2391964
              ],
              [
                -80.8816885,
                35.2386687
              ]
            ]
          ],
          [
            [
              [
                -80.8858903,
                35.239992
              ],
              [
                -80.8855673,
                35.2397279
              ],
              [
                -80.8855669,
                35.2399917
              ],
              [
                -80.8858903,
                35.239992
              ]
            ]
          ],
          [
            [
              [
                -80.8820099,
                35.2399883
              ],
              [
                -80.8826566,
                35.239989
              ],
              [
                -80.8823337,
                35.2397248
              ],
              [
                -80.8820099,
                35.2399883
              ]
            ]
          ],
          [
            [
              [
                -80.8842716,
                35.2413098
              ],
              [
                -80.8839478,
                35.2415734
              ],
              [
                -80.8842712,
                35.2415737
              ],
              [
                -80.8842716,
                35.2413098
              ]
            ]
          ],
          [
            [
              [
                -80.8816888,
                35.2384048
              ],
              [
                -80.8813659,
                35.2381406
              ],
              [
                -80.8810421,
                35.2384042
              ],
              [
                -80.8816888,
                35.2384048
              ]
            ]
          ],
          [
            [
              [
                -80.8836279,
                35.2391983
              ],
              [
                -80.8833049,
                35.2389341
              ],
              [
                -80.8833045,
                35.239198
              ],
              [
                -80.8836279,
                35.2391983
              ]
            ]
          ],
          [
            [
              [
                -80.8800725,
                35.2381393
              ],
              [
                -80.880395,
                35.2386674
              ],
              [
                -80.8803958,
                35.2381397
              ],
              [
                -80.8800725,
                35.2381393
              ]
            ]
          ],
          [
            [
              [
                -80.8803958,
                35.2381397
              ],
              [
                -80.880395,
                35.2386674
              ],
              [
                -80.8807188,
                35.2384039
              ],
              [
                -80.8803958,
                35.2381397
              ]
            ]
          ],
          [
            [
              [
                -80.8803935,
                35.2397229
              ],
              [
                -80.8800701,
                35.2397226
              ],
              [
                -80.8800697,
                35.2399864
              ],
              [
                -80.8803935,
                35.2397229
              ]
            ]
          ],
          [
            [
              [
                -80.8858914,
                35.2392004
              ],
              [
                -80.8855684,
                35.2389363
              ],
              [
                -80.885568,
                35.2392001
              ],
              [
                -80.8858914,
                35.2392004
              ]
            ]
          ],
          [
            [
              [
                -80.8807145,
                35.2413064
              ],
              [
                -80.8803915,
                35.2410422
              ],
              [
                -80.8803912,
                35.2413061
              ],
              [
                -80.8807145,
                35.2413064
              ]
            ]
          ],
          [
            [
              [
                -80.8820134,
                35.2376135
              ],
              [
                -80.8820137,
                35.2373496
              ],
              [
                -80.8816904,
                35.2373493
              ],
              [
                -80.8820134,
                35.2376135
              ]
            ]
          ],
          [
            [
              [
                -80.8845964,
                35.2402547
              ],
              [
                -80.8849194,
                35.2405189
              ],
              [
                -80.8849198,
                35.240255
              ],
              [
                -80.8845964,
                35.2402547
              ]
            ]
          ],
          [
            [
              [
                -80.8839535,
                35.2376154
              ],
              [
                -80.8833064,
                35.2378786
              ],
              [
                -80.8839531,
                35.2378793
              ],
              [
                -80.8839535,
                35.2376154
              ]
            ]
          ],
          [
            [
              [
                -80.8842768,
                35.2376157
              ],
              [
                -80.8846006,
                35.2373521
              ],
              [
                -80.8839538,
                35.2373515
              ],
              [
                -80.8842768,
                35.2376157
              ]
            ]
          ],
          [
            [
              [
                -80.8855702,
                35.2376169
              ],
              [
                -80.8858936,
                35.2376172
              ],
              [
                -80.885894,
                35.2373534
              ],
              [
                -80.8855702,
                35.2376169
              ]
            ]
          ],
          [
            [
              [
                -80.8855647,
                35.2415749
              ],
              [
                -80.885888,
                35.2415753
              ],
              [
                -80.8858884,
                35.2413114
              ],
              [
                -80.8855647,
                35.2415749
              ]
            ]
          ],
          [
            [
              [
                -80.8800697,
                35.2399864
              ],
              [
                -80.8803927,
                35.2402506
              ],
              [
                -80.8803931,
                35.2399867
              ],
              [
                -80.8800697,
                35.2399864
              ]
            ]
          ],
          [
            [
              [
                -80.8810394,
                35.2402512
              ],
              [
                -80.8807165,
                35.2399871
              ],
              [
                -80.8807161,
                35.2402509
              ],
              [
                -80.8810394,
                35.2402512
              ]
            ]
          ],
          [
            [
              [
                -80.8807196,
                35.2378761
              ],
              [
                -80.8803966,
                35.2376119
              ],
              [
                -80.8803962,
                35.2378758
              ],
              [
                -80.8807196,
                35.2378761
              ]
            ]
          ],
          [
            [
              [
                -80.8813666,
                35.2376129
              ],
              [
                -80.8816896,
                35.2378771
              ],
              [
                -80.88169,
                35.2376132
              ],
              [
                -80.8813666,
                35.2376129
              ]
            ]
          ],
          [
            [
              [
                -80.8810425,
                35.2381403
              ],
              [
                -80.8807196,
                35.2378761
              ],
              [
                -80.8807192,
                35.23814
              ],
              [
                -80.8810425,
                35.2381403
              ]
            ]
          ],
          [
            [
              [
                -80.8823306,
                35.2418357
              ],
              [
                -80.8826536,
                35.2420999
              ],
              [
                -80.882654,
                35.241836
              ],
              [
                -80.8823306,
                35.2418357
              ]
            ]
          ],
          [
            [
              [
                -80.8826559,
                35.2405167
              ],
              [
                -80.8829796,
                35.2402531
              ],
              [
                -80.8826566,
                35.239989
              ],
              [
                -80.8826559,
                35.2405167
              ]
            ]
          ],
          [
            [
              [
                -80.8858899,
                35.2402559
              ],
              [
                -80.8855665,
                35.2402556
              ],
              [
                -80.8858895,
                35.2405198
              ],
              [
                -80.8858899,
                35.2402559
              ]
            ]
          ],
          [
            [
              [
                -80.8852435,
                35.2399914
              ],
              [
                -80.8855673,
                35.2397279
              ],
              [
                -80.8852439,
                35.2397276
              ],
              [
                -80.8852435,
                35.2399914
              ]
            ]
          ],
          [
            [
              [
                -80.8855695,
                35.2381447
              ],
              [
                -80.8858929,
                35.238145
              ],
              [
                -80.8858932,
                35.2378811
              ],
              [
                -80.8855695,
                35.2381447
              ]
            ]
          ],
          [
            [
              [
                -80.8803966,
                35.2376119
              ],
              [
                -80.8800732,
                35.2376116
              ],
              [
                -80.8800728,
                35.2378755
              ],
              [
                -80.8803966,
                35.2376119
              ]
            ]
          ],
          [
            [
              [
                -80.8855665,
                35.2402556
              ],
              [
                -80.8858899,
                35.2402559
              ],
              [
                -80.8858903,
                35.239992
              ],
              [
                -80.8855665,
                35.2402556
              ]
            ]
          ],
          [
            [
              [
                -80.8820088,
                35.2407799
              ],
              [
                -80.8816858,
                35.2405157
              ],
              [
                -80.8816854,
                35.2407796
              ],
              [
                -80.8820088,
                35.2407799
              ]
            ]
          ],
          [
            [
              [
                -80.8823359,
                35.2381416
              ],
              [
                -80.8829827,
                35.2381422
              ],
              [
                -80.8823363,
                35.2378777
              ],
              [
                -80.8823359,
                35.2381416
              ]
            ]
          ],
          [
            [
              [
                -80.88039,
                35.2420977
              ],
              [
                -80.8803904,
                35.2418338
              ],
              [
                -80.8800666,
                35.2420974
              ],
              [
                -80.88039,
                35.2420977
              ]
            ]
          ],
          [
            [
              [
                -80.8842753,
                35.2386712
              ],
              [
                -80.883629,
                35.2384067
              ],
              [
                -80.8839516,
                35.2389347
              ],
              [
                -80.8842753,
                35.2386712
              ]
            ]
          ],
          [
            [
              [
                -80.8849191,
                35.2407827
              ],
              [
                -80.8852428,
                35.2405192
              ],
              [
                -80.8849194,
                35.2405189
              ],
              [
                -80.8849191,
                35.2407827
              ]
            ]
          ],
          [
            [
              [
                -80.8836279,
                35.2391983
              ],
              [
                -80.8839508,
                35.2394625
              ],
              [
                -80.8839516,
                35.2389347
              ],
              [
                -80.8836279,
                35.2391983
              ]
            ]
          ],
          [
            [
              [
                -80.8845942,
                35.2418379
              ],
              [
                -80.8842705,
                35.2421015
              ],
              [
                -80.8849172,
                35.2421021
              ],
              [
                -80.8845942,
                35.2418379
              ]
            ]
          ],
          [
            [
              [
                -80.8855684,
                35.2389363
              ],
              [
                -80.8849217,
                35.2389357
              ],
              [
                -80.8852447,
                35.2391998
              ],
              [
                -80.8855684,
                35.2389363
              ]
            ]
          ],
          [
            [
              [
                -80.8858906,
                35.2397282
              ],
              [
                -80.8855673,
                35.2397279
              ],
              [
                -80.8858903,
                35.239992
              ],
              [
                -80.8858906,
                35.2397282
              ]
            ]
          ],
          [
            [
              [
                -80.8852469,
                35.2376166
              ],
              [
                -80.8849239,
                35.2373524
              ],
              [
                -80.8849232,
                35.2378802
              ],
              [
                -80.8852469,
                35.2376166
              ]
            ]
          ],
          [
            [
              [
                -80.8852432,
                35.2402553
              ],
              [
                -80.8849198,
                35.240255
              ],
              [
                -80.8852428,
                35.2405192
              ],
              [
                -80.8852432,
                35.2402553
              ]
            ]
          ],
          [
            [
              [
                -80.883626,
                35.2405176
              ],
              [
                -80.8839497,
                35.2402541
              ],
              [
                -80.8836264,
                35.2402538
              ],
              [
                -80.883626,
                35.2405176
              ]
            ]
          ],
          [
            [
              [
                -80.8845976,
                35.2394631
              ],
              [
                -80.8842746,
                35.2391989
              ],
              [
                -80.8842742,
                35.2394628
              ],
              [
                -80.8845976,
                35.2394631
              ]
            ]
          ],
          [
            [
              [
                -80.8823321,
                35.2407802
              ],
              [
                -80.8826551,
                35.2410444
              ],
              [
                -80.8826555,
                35.2407806
              ],
              [
                -80.8823321,
                35.2407802
              ]
            ]
          ],
          [
            [
              [
                -80.881364,
                35.23946
              ],
              [
                -80.8813647,
                35.2389322
              ],
              [
                -80.8810414,
                35.2389319
              ],
              [
                -80.881364,
                35.23946
              ]
            ]
          ],
          [
            [
              [
                -80.8839516,
                35.2389347
              ],
              [
                -80.883629,
                35.2384067
              ],
              [
                -80.8836282,
                35.2389344
              ],
              [
                -80.8839516,
                35.2389347
              ]
            ]
          ],
          [
            [
              [
                -80.8852424,
                35.240783
              ],
              [
                -80.8855654,
                35.2410472
              ],
              [
                -80.8855658,
                35.2407833
              ],
              [
                -80.8852424,
                35.240783
              ]
            ]
          ],
          [
            [
              [
                -80.8852413,
                35.2415746
              ],
              [
                -80.8855647,
                35.2415749
              ],
              [
                -80.8855651,
                35.2413111
              ],
              [
                -80.8852413,
                35.2415746
              ]
            ]
          ],
          [
            [
              [
                -80.8803904,
                35.2418338
              ],
              [
                -80.880067,
                35.2418335
              ],
              [
                -80.8800666,
                35.2420974
              ],
              [
                -80.8803904,
                35.2418338
              ]
            ]
          ],
          [
            [
              [
                -80.8820122,
                35.2384051
              ],
              [
                -80.8816885,
                35.2386687
              ],
              [
                -80.8820118,
                35.238669
              ],
              [
                -80.8820122,
                35.2384051
              ]
            ]
          ],
          [
            [
              [
                -80.8855673,
                35.2397279
              ],
              [
                -80.8852435,
                35.2399914
              ],
              [
                -80.8855669,
                35.2399917
              ],
              [
                -80.8855673,
                35.2397279
              ]
            ]
          ],
          [
            [
              [
                -80.8810371,
                35.2418344
              ],
              [
                -80.8807141,
                35.2415703
              ],
              [
                -80.8807138,
                35.2418341
              ],
              [
                -80.8810371,
                35.2418344
              ]
            ]
          ],
          [
            [
              [
                -80.8836237,
                35.2421008
              ],
              [
                -80.8839475,
                35.2418373
              ],
              [
                -80.8836241,
                35.241837
              ],
              [
                -80.8836237,
                35.2421008
              ]
            ]
          ],
          [
            [
              [
                -80.881362,
                35.2407793
              ],
              [
                -80.881685,
                35.2410435
              ],
              [
                -80.8816854,
                35.2407796
              ],
              [
                -80.881362,
                35.2407793
              ]
            ]
          ],
          [
            [
              [
                -80.8813605,
                35.2418348
              ],
              [
                -80.8813601,
                35.2420986
              ],
              [
                -80.8816835,
                35.242099
              ],
              [
                -80.8813605,
                35.2418348
              ]
            ]
          ],
          [
            [
              [
                -80.8852447,
                35.2391998
              ],
              [
                -80.8852443,
                35.2394637
              ],
              [
                -80.8855676,
                35.239464
              ],
              [
                -80.8852447,
                35.2391998
              ]
            ]
          ],
          [
            [
              [
                -80.8816835,
                35.242099
              ],
              [
                -80.8816839,
                35.2418351
              ],
              [
                -80.8813605,
                35.2418348
              ],
              [
                -80.8816835,
                35.242099
              ]
            ]
          ],
          [
            [
              [
                -80.8816904,
                35.2373493
              ],
              [
                -80.881367,
                35.237349
              ],
              [
                -80.8813666,
                35.2376129
              ],
              [
                -80.8816904,
                35.2373493
              ]
            ]
          ],
          [
            [
              [
                -80.8816858,
                35.2405157
              ],
              [
                -80.8813628,
                35.2402516
              ],
              [
                -80.8813624,
                35.2405154
              ],
              [
                -80.8816858,
                35.2405157
              ]
            ]
          ],
          [
            [
              [
                -80.8842727,
                35.2405182
              ],
              [
                -80.8839497,
                35.2402541
              ],
              [
                -80.8839493,
                35.2405179
              ],
              [
                -80.8842727,
                35.2405182
              ]
            ]
          ],
          [
            [
              [
                -80.8810387,
                35.240779
              ],
              [
                -80.8807149,
                35.2410425
              ],
              [
                -80.8810383,
                35.2410428
              ],
              [
                -80.8810387,
                35.240779
              ]
            ]
          ],
          [
            [
              [
                -80.8807172,
                35.2394593
              ],
              [
                -80.8810402,
                35.2397235
              ],
              [
                -80.8810406,
                35.2394596
              ],
              [
                -80.8807172,
                35.2394593
              ]
            ]
          ],
          [
            [
              [
                -80.8833041,
                35.2394618
              ],
              [
                -80.8829811,
                35.2391977
              ],
              [
                -80.8829808,
                35.2394615
              ],
              [
                -80.8833041,
                35.2394618
              ]
            ]
          ],
          [
            [
              [
                -80.8842735,
                35.2399905
              ],
              [
                -80.8845964,
                35.2402547
              ],
              [
                -80.8845968,
                35.2399908
              ],
              [
                -80.8842735,
                35.2399905
              ]
            ]
          ],
          [
            [
              [
                -80.8829823,
                35.2384061
              ],
              [
                -80.8826585,
                35.2386696
              ],
              [
                -80.8829819,
                35.2386699
              ],
              [
                -80.8829823,
                35.2384061
              ]
            ]
          ],
          [
            [
              [
                -80.8852428,
                35.2405192
              ],
              [
                -80.8855665,
                35.2402556
              ],
              [
                -80.8852432,
                35.2402553
              ],
              [
                -80.8852428,
                35.2405192
              ]
            ]
          ],
          [
            [
              [
                -80.8833015,
                35.2413089
              ],
              [
                -80.8829777,
                35.2415725
              ],
              [
                -80.8833011,
                35.2415728
              ],
              [
                -80.8833015,
                35.2413089
              ]
            ]
          ],
          [
            [
              [
                -80.8803904,
                35.2418338
              ],
              [
                -80.8807134,
                35.242098
              ],
              [
                -80.8807138,
                35.2418341
              ],
              [
                -80.8803904,
                35.2418338
              ]
            ]
          ],
          [
            [
              [
                -80.8833037,
                35.2397257
              ],
              [
                -80.8836267,
                35.2399899
              ],
              [
                -80.8836271,
                35.239726
              ],
              [
                -80.8833037,
                35.2397257
              ]
            ]
          ],
          [
            [
              [
                -80.8845953,
                35.2410463
              ],
              [
                -80.8849187,
                35.2410466
              ],
              [
                -80.8845957,
                35.2407824
              ],
              [
                -80.8845953,
                35.2410463
              ]
            ]
          ],
          [
            [
              [
                -80.8826578,
                35.2391974
              ],
              [
                -80.8829811,
                35.2391977
              ],
              [
                -80.8826582,
                35.2389335
              ],
              [
                -80.8826578,
                35.2391974
              ]
            ]
          ],
          [
            [
              [
                -80.883303,
                35.2402534
              ],
              [
                -80.8836264,
                35.2402538
              ],
              [
                -80.8836267,
                35.2399899
              ],
              [
                -80.883303,
                35.2402534
              ]
            ]
          ],
          [
            [
              [
                -80.8839538,
                35.2373515
              ],
              [
                -80.8839535,
                35.2376154
              ],
              [
                -80.8842768,
                35.2376157
              ],
              [
                -80.8839538,
                35.2373515
              ]
            ]
          ],
          [
            [
              [
                -80.881362,
                35.2407793
              ],
              [
                -80.8810383,
                35.2410428
              ],
              [
                -80.8813616,
                35.2410432
              ],
              [
                -80.881362,
                35.2407793
              ]
            ]
          ],
          [
            [
              [
                -80.8845942,
                35.2418379
              ],
              [
                -80.8842712,
                35.2415737
              ],
              [
                -80.8842708,
                35.2418376
              ],
              [
                -80.8845942,
                35.2418379
              ]
            ]
          ],
          [
            [
              [
                -80.8823367,
                35.2376138
              ],
              [
                -80.882013,
                35.2378774
              ],
              [
                -80.8823363,
                35.2378777
              ],
              [
                -80.8823367,
                35.2376138
              ]
            ]
          ],
          [
            [
              [
                -80.8858877,
                35.2418391
              ],
              [
                -80.8855639,
                35.2421027
              ],
              [
                -80.8858873,
                35.242103
              ],
              [
                -80.8858877,
                35.2418391
              ]
            ]
          ],
          [
            [
              [
                -80.8826544,
                35.2415722
              ],
              [
                -80.8829773,
                35.2418363
              ],
              [
                -80.8829777,
                35.2415725
              ],
              [
                -80.8826544,
                35.2415722
              ]
            ]
          ],
          [
            [
              [
                -80.8803966,
                35.2376119
              ],
              [
                -80.8807196,
                35.2378761
              ],
              [
                -80.8807199,
                35.2376122
              ],
              [
                -80.8803966,
                35.2376119
              ]
            ]
          ],
          [
            [
              [
                -80.8849228,
                35.2381441
              ],
              [
                -80.8852465,
                35.2378805
              ],
              [
                -80.8849232,
                35.2378802
              ],
              [
                -80.8849228,
                35.2381441
              ]
            ]
          ],
          [
            [
              [
                -80.8813609,
                35.2415709
              ],
              [
                -80.8816846,
                35.2413073
              ],
              [
                -80.8813613,
                35.241307
              ],
              [
                -80.8813609,
                35.2415709
              ]
            ]
          ],
          [
            [
              [
                -80.8855654,
                35.2410472
              ],
              [
                -80.8858892,
                35.2407836
              ],
              [
                -80.8855658,
                35.2407833
              ],
              [
                -80.8855654,
                35.2410472
              ]
            ]
          ],
          [
            [
              [
                -80.8826585,
                35.2386696
              ],
              [
                -80.8826582,
                35.2389335
              ],
              [
                -80.8829815,
                35.2389338
              ],
              [
                -80.8826585,
                35.2386696
              ]
            ]
          ],
          [
            [
              [
                -80.8803919,
                35.2407783
              ],
              [
                -80.8807157,
                35.2405148
              ],
              [
                -80.8803923,
                35.2405145
              ],
              [
                -80.8803919,
                35.2407783
              ]
            ]
          ],
          [
            [
              [
                -80.8816896,
                35.2378771
              ],
              [
                -80.8813666,
                35.2376129
              ],
              [
                -80.8813663,
                35.2378768
              ],
              [
                -80.8816896,
                35.2378771
              ]
            ]
          ],
          [
            [
              [
                -80.8807134,
                35.242098
              ],
              [
                -80.8810371,
                35.2418344
              ],
              [
                -80.8807138,
                35.2418341
              ],
              [
                -80.8807134,
                35.242098
              ]
            ]
          ],
          [
            [
              [
                -80.8803958,
                35.2381397
              ],
              [
                -80.8807196,
                35.2378761
              ],
              [
                -80.8803962,
                35.2378758
              ],
              [
                -80.8803958,
                35.2381397
              ]
            ]
          ],
          [
            [
              [
                -80.8826536,
                35.2420999
              ],
              [
                -80.8823306,
                35.2418357
              ],
              [
                -80.8823302,
                35.2420996
              ],
              [
                -80.8826536,
                35.2420999
              ]
            ]
          ],
          [
            [
              [
                -80.8855676,
                35.239464
              ],
              [
                -80.8858914,
                35.2392004
              ],
              [
                -80.885568,
                35.2392001
              ],
              [
                -80.8855676,
                35.239464
              ]
            ]
          ],
          [
            [
              [
                -80.8813609,
                35.2415709
              ],
              [
                -80.8810371,
                35.2418344
              ],
              [
                -80.8813605,
                35.2418348
              ],
              [
                -80.8813609,
                35.2415709
              ]
            ]
          ],
          [
            [
              [
                -80.8826585,
                35.2386696
              ],
              [
                -80.8823348,
                35.2389332
              ],
              [
                -80.8826582,
                35.2389335
              ],
              [
                -80.8826585,
                35.2386696
              ]
            ]
          ],
          [
            [
              [
                -80.8816892,
                35.2381409
              ],
              [
                -80.8820122,
                35.2384051
              ],
              [
                -80.8820126,
                35.2381413
              ],
              [
                -80.8816892,
                35.2381409
              ]
            ]
          ],
          [
            [
              [
                -80.8845983,
                35.2389353
              ],
              [
                -80.8849213,
                35.2391995
              ],
              [
                -80.8849217,
                35.2389357
              ],
              [
                -80.8845983,
                35.2389353
              ]
            ]
          ],
          [
            [
              [
                -80.8839471,
                35.2421011
              ],
              [
                -80.8839475,
                35.2418373
              ],
              [
                -80.8836237,
                35.2421008
              ],
              [
                -80.8839471,
                35.2421011
              ]
            ]
          ],
          [
            [
              [
                -80.883303,
                35.2402534
              ],
              [
                -80.883626,
                35.2405176
              ],
              [
                -80.8836264,
                35.2402538
              ],
              [
                -80.883303,
                35.2402534
              ]
            ]
          ],
          [
            [
              [
                -80.8816869,
                35.2397241
              ],
              [
                -80.8820099,
                35.2399883
              ],
              [
                -80.8820103,
                35.2397245
              ],
              [
                -80.8816869,
                35.2397241
              ]
            ]
          ],
          [
            [
              [
                -80.8855647,
                35.2415749
              ],
              [
                -80.8858884,
                35.2413114
              ],
              [
                -80.8855651,
                35.2413111
              ],
              [
                -80.8855647,
                35.2415749
              ]
            ]
          ],
          [
            [
              [
                -80.882331,
                35.2415718
              ],
              [
                -80.882008,
                35.2413077
              ],
              [
                -80.8820076,
                35.2415715
              ],
              [
                -80.882331,
                35.2415718
              ]
            ]
          ],
          [
            [
              [
                -80.8810421,
                35.2384042
              ],
              [
                -80.8813659,
                35.2381406
              ],
              [
                -80.8810425,
                35.2381403
              ],
              [
                -80.8810421,
                35.2384042
              ]
            ]
          ],
          [
            [
              [
                -80.8845957,
                35.2407824
              ],
              [
                -80.8842727,
                35.2405182
              ],
              [
                -80.8842723,
                35.2407821
              ],
              [
                -80.8845957,
                35.2407824
              ]
            ]
          ],
          [
            [
              [
                -80.88298,
                35.2399893
              ],
              [
                -80.8833037,
                35.2397257
              ],
              [
                -80.8829804,
                35.2397254
              ],
              [
                -80.88298,
                35.2399893
              ]
            ]
          ],
          [
            [
              [
                -80.8823359,
                35.2381416
              ],
              [
                -80.8820126,
                35.2381413
              ],
              [
                -80.8820122,
                35.2384051
              ],
              [
                -80.8823359,
                35.2381416
              ]
            ]
          ],
          [
            [
              [
                -80.8845983,
                35.2389353
              ],
              [
                -80.884922,
                35.2386718
              ],
              [
                -80.8845987,
                35.2386715
              ],
              [
                -80.8845983,
                35.2389353
              ]
            ]
          ],
          [
            [
              [
                -80.8810433,
                35.2376126
              ],
              [
                -80.881367,
                35.237349
              ],
              [
                -80.8810437,
                35.2373487
              ],
              [
                -80.8810433,
                35.2376126
              ]
            ]
          ],
          [
            [
              [
                -80.8826551,
                35.2410444
              ],
              [
                -80.8823321,
                35.2407802
              ],
              [
                -80.8823318,
                35.2410441
              ],
              [
                -80.8826551,
                35.2410444
              ]
            ]
          ],
          [
            [
              [
                -80.8813647,
                35.2389322
              ],
              [
                -80.8816885,
                35.2386687
              ],
              [
                -80.8813651,
                35.2386684
              ],
              [
                -80.8813647,
                35.2389322
              ]
            ]
          ],
          [
            [
              [
                -80.8833045,
                35.239198
              ],
              [
                -80.8829811,
                35.2391977
              ],
              [
                -80.8833041,
                35.2394618
              ],
              [
                -80.8833045,
                35.239198
              ]
            ]
          ],
          [
            [
              [
                -80.8839527,
                35.2381431
              ],
              [
                -80.8842757,
                35.2384073
              ],
              [
                -80.8842761,
                35.2381434
              ],
              [
                -80.8839527,
                35.2381431
              ]
            ]
          ],
          [
            [
              [
                -80.8836256,
                35.2407815
              ],
              [
                -80.883626,
                35.2405176
              ],
              [
                -80.8833026,
                35.2405173
              ],
              [
                -80.8836256,
                35.2407815
              ]
            ]
          ],
          [
            [
              [
                -80.8826547,
                35.2413083
              ],
              [
                -80.8823318,
                35.2410441
              ],
              [
                -80.8823314,
                35.241308
              ],
              [
                -80.8826547,
                35.2413083
              ]
            ]
          ],
          [
            [
              [
                -80.8842746,
                35.2391989
              ],
              [
                -80.8845976,
                35.2394631
              ],
              [
                -80.8845979,
                35.2391992
              ],
              [
                -80.8842746,
                35.2391989
              ]
            ]
          ],
          [
            [
              [
                -80.8839516,
                35.2389347
              ],
              [
                -80.884275,
                35.238935
              ],
              [
                -80.8842753,
                35.2386712
              ],
              [
                -80.8839516,
                35.2389347
              ]
            ]
          ],
          [
            [
              [
                -80.8820099,
                35.2399883
              ],
              [
                -80.8816869,
                35.2397241
              ],
              [
                -80.8816865,
                35.239988
              ],
              [
                -80.8820099,
                35.2399883
              ]
            ]
          ],
          [
            [
              [
                -80.8829785,
                35.2410447
              ],
              [
                -80.8833022,
                35.2407812
              ],
              [
                -80.8829789,
                35.2407809
              ],
              [
                -80.8829785,
                35.2410447
              ]
            ]
          ],
          [
            [
              [
                -80.8823348,
                35.2389332
              ],
              [
                -80.8820114,
                35.2389329
              ],
              [
                -80.8820111,
                35.2391967
              ],
              [
                -80.8823348,
                35.2389332
              ]
            ]
          ],
          [
            [
              [
                -80.8823348,
                35.2389332
              ],
              [
                -80.8826585,
                35.2386696
              ],
              [
                -80.8823352,
                35.2386693
              ],
              [
                -80.8823348,
                35.2389332
              ]
            ]
          ],
          [
            [
              [
                -80.8839475,
                35.2418373
              ],
              [
                -80.8842705,
                35.2421015
              ],
              [
                -80.8842708,
                35.2418376
              ],
              [
                -80.8839475,
                35.2418373
              ]
            ]
          ],
          [
            [
              [
                -80.8829796,
                35.2402531
              ],
              [
                -80.8826559,
                35.2405167
              ],
              [
                -80.8829792,
                35.240517
              ],
              [
                -80.8829796,
                35.2402531
              ]
            ]
          ],
          [
            [
              [
                -80.8807141,
                35.2415703
              ],
              [
                -80.8810371,
                35.2418344
              ],
              [
                -80.8810375,
                35.2415706
              ],
              [
                -80.8807141,
                35.2415703
              ]
            ]
          ],
          [
            [
              [
                -80.8816862,
                35.2402519
              ],
              [
                -80.8813632,
                35.2399877
              ],
              [
                -80.8813628,
                35.2402516
              ],
              [
                -80.8816862,
                35.2402519
              ]
            ]
          ],
          [
            [
              [
                -80.8820111,
                35.2391967
              ],
              [
                -80.882334,
                35.2394609
              ],
              [
                -80.8823344,
                35.239197
              ],
              [
                -80.8820111,
                35.2391967
              ]
            ]
          ],
          [
            [
              [
                -80.8833022,
                35.2407812
              ],
              [
                -80.8829785,
                35.2410447
              ],
              [
                -80.8833019,
                35.2410451
              ],
              [
                -80.8833022,
                35.2407812
              ]
            ]
          ],
          [
            [
              [
                -80.8849194,
                35.2405189
              ],
              [
                -80.8845964,
                35.2402547
              ],
              [
                -80.8845961,
                35.2405186
              ],
              [
                -80.8849194,
                35.2405189
              ]
            ]
          ],
          [
            [
              [
                -80.8816858,
                35.2405157
              ],
              [
                -80.8820095,
                35.2402522
              ],
              [
                -80.8816862,
                35.2402519
              ],
              [
                -80.8816858,
                35.2405157
              ]
            ]
          ],
          [
            [
              [
                -80.8813601,
                35.2420986
              ],
              [
                -80.8813605,
                35.2418348
              ],
              [
                -80.8810371,
                35.2418344
              ],
              [
                -80.8813601,
                35.2420986
              ]
            ]
          ],
          [
            [
              [
                -80.8820107,
                35.2394606
              ],
              [
                -80.8816869,
                35.2397241
              ],
              [
                -80.8820103,
                35.2397245
              ],
              [
                -80.8820107,
                35.2394606
              ]
            ]
          ],
          [
            [
              [
                -80.8807157,
                35.2405148
              ],
              [
                -80.8810391,
                35.2405151
              ],
              [
                -80.8807161,
                35.2402509
              ],
              [
                -80.8807157,
                35.2405148
              ]
            ]
          ],
          [
            [
              [
                -80.8816839,
                35.2418351
              ],
              [
                -80.8813609,
                35.2415709
              ],
              [
                -80.8813605,
                35.2418348
              ],
              [
                -80.8816839,
                35.2418351
              ]
            ]
          ],
          [
            [
              [
                -80.882013,
                35.2378774
              ],
              [
                -80.8823367,
                35.2376138
              ],
              [
                -80.8820134,
                35.2376135
              ],
              [
                -80.882013,
                35.2378774
              ]
            ]
          ],
          [
            [
              [
                -80.8807196,
                35.2378761
              ],
              [
                -80.8810433,
                35.2376126
              ],
              [
                -80.8807199,
                35.2376122
              ],
              [
                -80.8807196,
                35.2378761
              ]
            ]
          ],
          [
            [
              [
                -80.8803904,
                35.2418338
              ],
              [
                -80.88039,
                35.2420977
              ],
              [
                -80.8807134,
                35.242098
              ],
              [
                -80.8803904,
                35.2418338
              ]
            ]
          ],
          [
            [
              [
                -80.8823359,
                35.2381416
              ],
              [
                -80.8820122,
                35.2384051
              ],
              [
                -80.8823356,
                35.2384054
              ],
              [
                -80.8823359,
                35.2381416
              ]
            ]
          ],
          [
            [
              [
                -80.8816896,
                35.2378771
              ],
              [
                -80.8820134,
                35.2376135
              ],
              [
                -80.88169,
                35.2376132
              ],
              [
                -80.8816896,
                35.2378771
              ]
            ]
          ],
          [
            [
              [
                -80.8829781,
                35.2413086
              ],
              [
                -80.8826547,
                35.2413083
              ],
              [
                -80.8829777,
                35.2415725
              ],
              [
                -80.8829781,
                35.2413086
              ]
            ]
          ],
          [
            [
              [
                -80.8845979,
                35.2391992
              ],
              [
                -80.8845983,
                35.2389353
              ],
              [
                -80.884275,
                35.238935
              ],
              [
                -80.8845979,
                35.2391992
              ]
            ]
          ],
          [
            [
              [
                -80.8845983,
                35.2389353
              ],
              [
                -80.8845979,
                35.2391992
              ],
              [
                -80.8849213,
                35.2391995
              ],
              [
                -80.8845983,
                35.2389353
              ]
            ]
          ],
          [
            [
              [
                -80.8842723,
                35.2407821
              ],
              [
                -80.8839486,
                35.2410457
              ],
              [
                -80.884272,
                35.241046
              ],
              [
                -80.8842723,
                35.2407821
              ]
            ]
          ],
          [
            [
              [
                -80.883303,
                35.2402534
              ],
              [
                -80.88298,
                35.2399893
              ],
              [
                -80.8829796,
                35.2402531
              ],
              [
                -80.883303,
                35.2402534
              ]
            ]
          ],
          [
            [
              [
                -80.8823352,
                35.2386693
              ],
              [
                -80.8820114,
                35.2389329
              ],
              [
                -80.8823348,
                35.2389332
              ],
              [
                -80.8823352,
                35.2386693
              ]
            ]
          ],
          [
            [
              [
                -80.8852413,
                35.2415746
              ],
              [
                -80.8855643,
                35.2418388
              ],
              [
                -80.8855647,
                35.2415749
              ],
              [
                -80.8852413,
                35.2415746
              ]
            ]
          ],
          [
            [
              [
                -80.8845991,
                35.2384076
              ],
              [
                -80.8845994,
                35.2381437
              ],
              [
                -80.8842757,
                35.2384073
              ],
              [
                -80.8845991,
                35.2384076
              ]
            ]
          ],
          [
            [
              [
                -80.8839505,
                35.2397263
              ],
              [
                -80.8839501,
                35.2399902
              ],
              [
                -80.8842735,
                35.2399905
              ],
              [
                -80.8839505,
                35.2397263
              ]
            ]
          ],
          [
            [
              [
                -80.8839478,
                35.2415734
              ],
              [
                -80.8836248,
                35.2413092
              ],
              [
                -80.8836245,
                35.2415731
              ],
              [
                -80.8839478,
                35.2415734
              ]
            ]
          ],
          [
            [
              [
                -80.8816846,
                35.2413073
              ],
              [
                -80.8820076,
                35.2415715
              ],
              [
                -80.882008,
                35.2413077
              ],
              [
                -80.8816846,
                35.2413073
              ]
            ]
          ],
          [
            [
              [
                -80.8813628,
                35.2402516
              ],
              [
                -80.8810391,
                35.2405151
              ],
              [
                -80.8813624,
                35.2405154
              ],
              [
                -80.8813628,
                35.2402516
              ]
            ]
          ],
          [
            [
              [
                -80.8842712,
                35.2415737
              ],
              [
                -80.8839475,
                35.2418373
              ],
              [
                -80.8842708,
                35.2418376
              ],
              [
                -80.8842712,
                35.2415737
              ]
            ]
          ],
          [
            [
              [
                -80.8839493,
                35.2405179
              ],
              [
                -80.8842723,
                35.2407821
              ],
              [
                -80.8842727,
                35.2405182
              ],
              [
                -80.8839493,
                35.2405179
              ]
            ]
          ],
          [
            [
              [
                -80.8836271,
                35.239726
              ],
              [
                -80.8839501,
                35.2399902
              ],
              [
                -80.8839505,
                35.2397263
              ],
              [
                -80.8836271,
                35.239726
              ]
            ]
          ],
          [
            [
              [
                -80.8842757,
                35.2384073
              ],
              [
                -80.8845994,
                35.2381437
              ],
              [
                -80.8842761,
                35.2381434
              ],
              [
                -80.8842757,
                35.2384073
              ]
            ]
          ],
          [
            [
              [
                -80.883303,
                35.2402534
              ],
              [
                -80.8836267,
                35.2399899
              ],
              [
                -80.8833034,
                35.2399896
              ],
              [
                -80.883303,
                35.2402534
              ]
            ]
          ],
          [
            [
              [
                -80.8829823,
                35.2384061
              ],
              [
                -80.883306,
                35.2381425
              ],
              [
                -80.8829827,
                35.2381422
              ],
              [
                -80.8829823,
                35.2384061
              ]
            ]
          ],
          [
            [
              [
                -80.8849228,
                35.2381441
              ],
              [
                -80.8845991,
                35.2384076
              ],
              [
                -80.8849224,
                35.2384079
              ],
              [
                -80.8849228,
                35.2381441
              ]
            ]
          ],
          [
            [
              [
                -80.8823356,
                35.2384054
              ],
              [
                -80.8820122,
                35.2384051
              ],
              [
                -80.8823352,
                35.2386693
              ],
              [
                -80.8823356,
                35.2384054
              ]
            ]
          ],
          [
            [
              [
                -80.8839508,
                35.2394625
              ],
              [
                -80.8842738,
                35.2397266
              ],
              [
                -80.8842742,
                35.2394628
              ],
              [
                -80.8839508,
                35.2394625
              ]
            ]
          ],
          [
            [
              [
                -80.8845987,
                35.2386715
              ],
              [
                -80.884275,
                35.238935
              ],
              [
                -80.8845983,
                35.2389353
              ],
              [
                -80.8845987,
                35.2386715
              ]
            ]
          ],
          [
            [
              [
                -80.8858895,
                35.2405198
              ],
              [
                -80.8855662,
                35.2405195
              ],
              [
                -80.8858892,
                35.2407836
              ],
              [
                -80.8858895,
                35.2405198
              ]
            ]
          ],
          [
            [
              [
                -80.8820069,
                35.2420993
              ],
              [
                -80.8816839,
                35.2418351
              ],
              [
                -80.8816835,
                35.242099
              ],
              [
                -80.8820069,
                35.2420993
              ]
            ]
          ],
          [
            [
              [
                -80.8813632,
                35.2399877
              ],
              [
                -80.8816862,
                35.2402519
              ],
              [
                -80.8816865,
                35.239988
              ],
              [
                -80.8813632,
                35.2399877
              ]
            ]
          ],
          [
            [
              [
                -80.8803939,
                35.239459
              ],
              [
                -80.8803935,
                35.2397229
              ],
              [
                -80.8807172,
                35.2394593
              ],
              [
                -80.8803939,
                35.239459
              ]
            ]
          ],
          [
            [
              [
                -80.8855662,
                35.2405195
              ],
              [
                -80.8852424,
                35.240783
              ],
              [
                -80.8855658,
                35.2407833
              ],
              [
                -80.8855662,
                35.2405195
              ]
            ]
          ],
          [
            [
              [
                -80.8855684,
                35.2389363
              ],
              [
                -80.8858914,
                35.2392004
              ],
              [
                -80.8858917,
                35.2389366
              ],
              [
                -80.8855684,
                35.2389363
              ]
            ]
          ],
          [
            [
              [
                -80.8852447,
                35.2391998
              ],
              [
                -80.8849209,
                35.2394634
              ],
              [
                -80.8852443,
                35.2394637
              ],
              [
                -80.8852447,
                35.2391998
              ]
            ]
          ],
          [
            [
              [
                -80.8849179,
                35.2415743
              ],
              [
                -80.8845949,
                35.2413102
              ],
              [
                -80.8845946,
                35.241574
              ],
              [
                -80.8849179,
                35.2415743
              ]
            ]
          ],
          [
            [
              [
                -80.8842723,
                35.2407821
              ],
              [
                -80.8839493,
                35.2405179
              ],
              [
                -80.883949,
                35.2407818
              ],
              [
                -80.8842723,
                35.2407821
              ]
            ]
          ],
          [
            [
              [
                -80.8845991,
                35.2384076
              ],
              [
                -80.884922,
                35.2386718
              ],
              [
                -80.8849224,
                35.2384079
              ],
              [
                -80.8845991,
                35.2384076
              ]
            ]
          ],
          [
            [
              [
                -80.8842705,
                35.2421015
              ],
              [
                -80.8839475,
                35.2418373
              ],
              [
                -80.8839471,
                35.2421011
              ],
              [
                -80.8842705,
                35.2421015
              ]
            ]
          ],
          [
            [
              [
                -80.8816862,
                35.2402519
              ],
              [
                -80.8820099,
                35.2399883
              ],
              [
                -80.8816865,
                35.239988
              ],
              [
                -80.8816862,
                35.2402519
              ]
            ]
          ],
          [
            [
              [
                -80.8829834,
                35.2376145
              ],
              [
                -80.8833071,
                35.2373509
              ],
              [
                -80.8829838,
                35.2373506
              ],
              [
                -80.8829834,
                35.2376145
              ]
            ]
          ],
          [
            [
              [
                -80.8833071,
                35.2373509
              ],
              [
                -80.8829834,
                35.2376145
              ],
              [
                -80.8833064,
                35.2378786
              ],
              [
                -80.8833071,
                35.2373509
              ]
            ]
          ],
          [
            [
              [
                -80.8836248,
                35.2413092
              ],
              [
                -80.8839486,
                35.2410457
              ],
              [
                -80.8836252,
                35.2410454
              ],
              [
                -80.8836248,
                35.2413092
              ]
            ]
          ],
          [
            [
              [
                -80.8842735,
                35.2399905
              ],
              [
                -80.8839497,
                35.2402541
              ],
              [
                -80.8842731,
                35.2402544
              ],
              [
                -80.8842735,
                35.2399905
              ]
            ]
          ],
          [
            [
              [
                -80.8826559,
                35.2405167
              ],
              [
                -80.8823329,
                35.2402525
              ],
              [
                -80.8823325,
                35.2405164
              ],
              [
                -80.8826559,
                35.2405167
              ]
            ]
          ],
          [
            [
              [
                -80.8836256,
                35.2407815
              ],
              [
                -80.8839486,
                35.2410457
              ],
              [
                -80.883949,
                35.2407818
              ],
              [
                -80.8836256,
                35.2407815
              ]
            ]
          ],
          [
            [
              [
                -80.8820076,
                35.2415715
              ],
              [
                -80.8816846,
                35.2413073
              ],
              [
                -80.8816839,
                35.2418351
              ],
              [
                -80.8820076,
                35.2415715
              ]
            ]
          ],
          [
            [
              [
                -80.883626,
                35.2405176
              ],
              [
                -80.883303,
                35.2402534
              ],
              [
                -80.8833026,
                35.2405173
              ],
              [
                -80.883626,
                35.2405176
              ]
            ]
          ],
          [
            [
              [
                -80.8823329,
                35.2402525
              ],
              [
                -80.8820099,
                35.2399883
              ],
              [
                -80.8820095,
                35.2402522
              ],
              [
                -80.8823329,
                35.2402525
              ]
            ]
          ],
          [
            [
              [
                -80.8820137,
                35.2373496
              ],
              [
                -80.8820134,
                35.2376135
              ],
              [
                -80.8823371,
                35.23735
              ],
              [
                -80.8820137,
                35.2373496
              ]
            ]
          ],
          [
            [
              [
                -80.884272,
                35.241046
              ],
              [
                -80.8845957,
                35.2407824
              ],
              [
                -80.8842723,
                35.2407821
              ],
              [
                -80.884272,
                35.241046
              ]
            ]
          ],
          [
            [
              [
                -80.8842746,
                35.2391989
              ],
              [
                -80.8839508,
                35.2394625
              ],
              [
                -80.8842742,
                35.2394628
              ],
              [
                -80.8842746,
                35.2391989
              ]
            ]
          ],
          [
            [
              [
                -80.8833049,
                35.2389341
              ],
              [
                -80.8829811,
                35.2391977
              ],
              [
                -80.8833045,
                35.239198
              ],
              [
                -80.8833049,
                35.2389341
              ]
            ]
          ],
          [
            [
              [
                -80.8833015,
                35.2413089
              ],
              [
                -80.8836245,
                35.2415731
              ],
              [
                -80.8836248,
                35.2413092
              ],
              [
                -80.8833015,
                35.2413089
              ]
            ]
          ],
          [
            [
              [
                -80.8823318,
                35.2410441
              ],
              [
                -80.8826547,
                35.2413083
              ],
              [
                -80.8826551,
                35.2410444
              ],
              [
                -80.8823318,
                35.2410441
              ]
            ]
          ],
          [
            [
              [
                -80.8823348,
                35.2389332
              ],
              [
                -80.8820111,
                35.2391967
              ],
              [
                -80.8823344,
                35.239197
              ],
              [
                -80.8823348,
                35.2389332
              ]
            ]
          ],
          [
            [
              [
                -80.8836248,
                35.2413092
              ],
              [
                -80.8833019,
                35.2410451
              ],
              [
                -80.8833015,
                35.2413089
              ],
              [
                -80.8836248,
                35.2413092
              ]
            ]
          ],
          [
            [
              [
                -80.882331,
                35.2415718
              ],
              [
                -80.8820072,
                35.2418354
              ],
              [
                -80.8823306,
                35.2418357
              ],
              [
                -80.882331,
                35.2415718
              ]
            ]
          ],
          [
            [
              [
                -80.883629,
                35.2384067
              ],
              [
                -80.8842753,
                35.2386712
              ],
              [
                -80.8842757,
                35.2384073
              ],
              [
                -80.883629,
                35.2384067
              ]
            ]
          ],
          [
            [
              [
                -80.8836271,
                35.239726
              ],
              [
                -80.8839508,
                35.2394625
              ],
              [
                -80.8836275,
                35.2394622
              ],
              [
                -80.8836271,
                35.239726
              ]
            ]
          ],
          [
            [
              [
                -80.8839508,
                35.2394625
              ],
              [
                -80.8836279,
                35.2391983
              ],
              [
                -80.8836275,
                35.2394622
              ],
              [
                -80.8839508,
                35.2394625
              ]
            ]
          ],
          [
            [
              [
                -80.8829811,
                35.2391977
              ],
              [
                -80.8833049,
                35.2389341
              ],
              [
                -80.8829815,
                35.2389338
              ],
              [
                -80.8829811,
                35.2391977
              ]
            ]
          ],
          [
            [
              [
                -80.8826582,
                35.2389335
              ],
              [
                -80.8829811,
                35.2391977
              ],
              [
                -80.8829815,
                35.2389338
              ],
              [
                -80.8826582,
                35.2389335
              ]
            ]
          ],
          [
            [
              [
                -80.8826585,
                35.2386696
              ],
              [
                -80.8829815,
                35.2389338
              ],
              [
                -80.8829819,
                35.2386699
              ],
              [
                -80.8826585,
                35.2386696
              ]
            ]
          ],
          [
            [
              [
                -80.8829815,
                35.2389338
              ],
              [
                -80.8833049,
                35.2389341
              ],
              [
                -80.8829819,
                35.2386699
              ],
              [
                -80.8829815,
                35.2389338
              ]
            ]
          ],
          [
            [
              [
                -80.8846006,
                35.2373521
              ],
              [
                -80.8846002,
                35.237616
              ],
              [
                -80.8849239,
                35.2373524
              ],
              [
                -80.8846006,
                35.2373521
              ]
            ]
          ],
          [
            [
              [
                -80.8852424,
                35.240783
              ],
              [
                -80.8855662,
                35.2405195
              ],
              [
                -80.8852428,
                35.2405192
              ],
              [
                -80.8852424,
                35.240783
              ]
            ]
          ],
          [
            [
              [
                -80.8810391,
                35.2405151
              ],
              [
                -80.881362,
                35.2407793
              ],
              [
                -80.8813624,
                35.2405154
              ],
              [
                -80.8810391,
                35.2405151
              ]
            ]
          ],
          [
            [
              [
                -80.881362,
                35.2407793
              ],
              [
                -80.8816854,
                35.2407796
              ],
              [
                -80.8813624,
                35.2405154
              ],
              [
                -80.881362,
                35.2407793
              ]
            ]
          ],
          [
            [
              [
                -80.881685,
                35.2410435
              ],
              [
                -80.881362,
                35.2407793
              ],
              [
                -80.8813616,
                35.2410432
              ],
              [
                -80.881685,
                35.2410435
              ]
            ]
          ],
          [
            [
              [
                -80.8813624,
                35.2405154
              ],
              [
                -80.8816854,
                35.2407796
              ],
              [
                -80.8816858,
                35.2405157
              ],
              [
                -80.8813624,
                35.2405154
              ]
            ]
          ],
          [
            [
              [
                -80.8845964,
                35.2402547
              ],
              [
                -80.8849198,
                35.240255
              ],
              [
                -80.8849202,
                35.2399911
              ],
              [
                -80.8845964,
                35.2402547
              ]
            ]
          ],
          [
            [
              [
                -80.8849198,
                35.240255
              ],
              [
                -80.8852432,
                35.2402553
              ],
              [
                -80.8849202,
                35.2399911
              ],
              [
                -80.8849198,
                35.240255
              ]
            ]
          ],
          [
            [
              [
                -80.8849202,
                35.2399911
              ],
              [
                -80.8852432,
                35.2402553
              ],
              [
                -80.8852435,
                35.2399914
              ],
              [
                -80.8849202,
                35.2399911
              ]
            ]
          ],
          [
            [
              [
                -80.8849228,
                35.2381441
              ],
              [
                -80.8849232,
                35.2378802
              ],
              [
                -80.8845994,
                35.2381437
              ],
              [
                -80.8849228,
                35.2381441
              ]
            ]
          ],
          [
            [
              [
                -80.8839497,
                35.2402541
              ],
              [
                -80.8839501,
                35.2399902
              ],
              [
                -80.8836264,
                35.2402538
              ],
              [
                -80.8839497,
                35.2402541
              ]
            ]
          ],
          [
            [
              [
                -80.8852432,
                35.2402553
              ],
              [
                -80.8855669,
                35.2399917
              ],
              [
                -80.8852435,
                35.2399914
              ],
              [
                -80.8852432,
                35.2402553
              ]
            ]
          ],
          [
            [
              [
                -80.8823359,
                35.2381416
              ],
              [
                -80.882013,
                35.2378774
              ],
              [
                -80.8820126,
                35.2381413
              ],
              [
                -80.8823359,
                35.2381416
              ]
            ]
          ],
          [
            [
              [
                -80.8845964,
                35.2402547
              ],
              [
                -80.8849202,
                35.2399911
              ],
              [
                -80.8845968,
                35.2399908
              ],
              [
                -80.8845964,
                35.2402547
              ]
            ]
          ],
          [
            [
              [
                -80.8833037,
                35.2397257
              ],
              [
                -80.8836271,
                35.239726
              ],
              [
                -80.8836275,
                35.2394622
              ],
              [
                -80.8833037,
                35.2397257
              ]
            ]
          ],
          [
            [
              [
                -80.8839478,
                35.2415734
              ],
              [
                -80.8842716,
                35.2413098
              ],
              [
                -80.8839482,
                35.2413095
              ],
              [
                -80.8839478,
                35.2415734
              ]
            ]
          ],
          [
            [
              [
                -80.8855665,
                35.2402556
              ],
              [
                -80.8852428,
                35.2405192
              ],
              [
                -80.8855662,
                35.2405195
              ],
              [
                -80.8855665,
                35.2402556
              ]
            ]
          ],
          [
            [
              [
                -80.8833019,
                35.2410451
              ],
              [
                -80.8829781,
                35.2413086
              ],
              [
                -80.8833015,
                35.2413089
              ],
              [
                -80.8833019,
                35.2410451
              ]
            ]
          ],
          [
            [
              [
                -80.8855647,
                35.2415749
              ],
              [
                -80.8858877,
                35.2418391
              ],
              [
                -80.885888,
                35.2415753
              ],
              [
                -80.8855647,
                35.2415749
              ]
            ]
          ],
          [
            [
              [
                -80.8839497,
                35.2402541
              ],
              [
                -80.8842735,
                35.2399905
              ],
              [
                -80.8839501,
                35.2399902
              ],
              [
                -80.8839497,
                35.2402541
              ]
            ]
          ],
          [
            [
              [
                -80.8845953,
                35.2410463
              ],
              [
                -80.884272,
                35.241046
              ],
              [
                -80.8842716,
                35.2413098
              ],
              [
                -80.8845953,
                35.2410463
              ]
            ]
          ],
          [
            [
              [
                -80.8839486,
                35.2410457
              ],
              [
                -80.8842716,
                35.2413098
              ],
              [
                -80.884272,
                35.241046
              ],
              [
                -80.8839486,
                35.2410457
              ]
            ]
          ],
          [
            [
              [
                -80.8820122,
                35.2384051
              ],
              [
                -80.8816892,
                35.2381409
              ],
              [
                -80.8816888,
                35.2384048
              ],
              [
                -80.8820122,
                35.2384051
              ]
            ]
          ],
          [
            [
              [
                -80.8816885,
                35.2386687
              ],
              [
                -80.8820122,
                35.2384051
              ],
              [
                -80.8816888,
                35.2384048
              ],
              [
                -80.8816885,
                35.2386687
              ]
            ]
          ],
          [
            [
              [
                -80.8813651,
                35.2386684
              ],
              [
                -80.8816885,
                35.2386687
              ],
              [
                -80.8816888,
                35.2384048
              ],
              [
                -80.8813651,
                35.2386684
              ]
            ]
          ],
          [
            [
              [
                -80.8810375,
                35.2415706
              ],
              [
                -80.8807145,
                35.2413064
              ],
              [
                -80.8807141,
                35.2415703
              ],
              [
                -80.8810375,
                35.2415706
              ]
            ]
          ],
          [
            [
              [
                -80.8839475,
                35.2418373
              ],
              [
                -80.8839478,
                35.2415734
              ],
              [
                -80.8836241,
                35.241837
              ],
              [
                -80.8839475,
                35.2418373
              ]
            ]
          ],
          [
            [
              [
                -80.8833007,
                35.2418367
              ],
              [
                -80.8836237,
                35.2421008
              ],
              [
                -80.8836241,
                35.241837
              ],
              [
                -80.8833007,
                35.2418367
              ]
            ]
          ],
          [
            [
              [
                -80.8813613,
                35.241307
              ],
              [
                -80.8816846,
                35.2413073
              ],
              [
                -80.881685,
                35.2410435
              ],
              [
                -80.8813613,
                35.241307
              ]
            ]
          ],
          [
            [
              [
                -80.8845964,
                35.2402547
              ],
              [
                -80.8842735,
                35.2399905
              ],
              [
                -80.8842731,
                35.2402544
              ],
              [
                -80.8845964,
                35.2402547
              ]
            ]
          ],
          [
            [
              [
                -80.8820088,
                35.2407799
              ],
              [
                -80.8816854,
                35.2407796
              ],
              [
                -80.881685,
                35.2410435
              ],
              [
                -80.8820088,
                35.2407799
              ]
            ]
          ],
          [
            [
              [
                -80.8839497,
                35.2402541
              ],
              [
                -80.8842727,
                35.2405182
              ],
              [
                -80.8842731,
                35.2402544
              ],
              [
                -80.8839497,
                35.2402541
              ]
            ]
          ],
          [
            [
              [
                -80.8820095,
                35.2402522
              ],
              [
                -80.8823325,
                35.2405164
              ],
              [
                -80.8823329,
                35.2402525
              ],
              [
                -80.8820095,
                35.2402522
              ]
            ]
          ],
          [
            [
              [
                -80.8813651,
                35.2386684
              ],
              [
                -80.8810421,
                35.2384042
              ],
              [
                -80.8810418,
                35.238668
              ],
              [
                -80.8813651,
                35.2386684
              ]
            ]
          ],
          [
            [
              [
                -80.8810414,
                35.2389319
              ],
              [
                -80.8813651,
                35.2386684
              ],
              [
                -80.8810418,
                35.238668
              ],
              [
                -80.8810414,
                35.2389319
              ]
            ]
          ],
          [
            [
              [
                -80.8810406,
                35.2394596
              ],
              [
                -80.8807176,
                35.2391955
              ],
              [
                -80.8807172,
                35.2394593
              ],
              [
                -80.8810406,
                35.2394596
              ]
            ]
          ],
          [
            [
              [
                -80.8800725,
                35.2381393
              ],
              [
                -80.8803958,
                35.2381397
              ],
              [
                -80.8800728,
                35.2378755
              ],
              [
                -80.8800725,
                35.2381393
              ]
            ]
          ],
          [
            [
              [
                -80.8810402,
                35.2397235
              ],
              [
                -80.881364,
                35.23946
              ],
              [
                -80.8810406,
                35.2394596
              ],
              [
                -80.8810402,
                35.2397235
              ]
            ]
          ],
          [
            [
              [
                -80.8839486,
                35.2410457
              ],
              [
                -80.8836256,
                35.2407815
              ],
              [
                -80.8836252,
                35.2410454
              ],
              [
                -80.8839486,
                35.2410457
              ]
            ]
          ],
          [
            [
              [
                -80.8836256,
                35.2407815
              ],
              [
                -80.8833019,
                35.2410451
              ],
              [
                -80.8836252,
                35.2410454
              ],
              [
                -80.8836256,
                35.2407815
              ]
            ]
          ],
          [
            [
              [
                -80.881362,
                35.2407793
              ],
              [
                -80.8810391,
                35.2405151
              ],
              [
                -80.8810387,
                35.240779
              ],
              [
                -80.881362,
                35.2407793
              ]
            ]
          ],
          [
            [
              [
                -80.8810391,
                35.2405151
              ],
              [
                -80.8807157,
                35.2405148
              ],
              [
                -80.8810387,
                35.240779
              ],
              [
                -80.8810391,
                35.2405151
              ]
            ]
          ],
          [
            [
              [
                -80.8852413,
                35.2415746
              ],
              [
                -80.8849183,
                35.2413105
              ],
              [
                -80.8849179,
                35.2415743
              ],
              [
                -80.8852413,
                35.2415746
              ]
            ]
          ],
          [
            [
              [
                -80.8813659,
                35.2381406
              ],
              [
                -80.8816888,
                35.2384048
              ],
              [
                -80.8816892,
                35.2381409
              ],
              [
                -80.8813659,
                35.2381406
              ]
            ]
          ],
          [
            [
              [
                -80.8842727,
                35.2405182
              ],
              [
                -80.8845964,
                35.2402547
              ],
              [
                -80.8842731,
                35.2402544
              ],
              [
                -80.8842727,
                35.2405182
              ]
            ]
          ],
          [
            [
              [
                -80.8823306,
                35.2418357
              ],
              [
                -80.8820069,
                35.2420993
              ],
              [
                -80.8823302,
                35.2420996
              ],
              [
                -80.8823306,
                35.2418357
              ]
            ]
          ],
          [
            [
              [
                -80.8823314,
                35.241308
              ],
              [
                -80.8823318,
                35.2410441
              ],
              [
                -80.882008,
                35.2413077
              ],
              [
                -80.8823314,
                35.241308
              ]
            ]
          ],
          [
            [
              [
                -80.8836275,
                35.2394622
              ],
              [
                -80.8836279,
                35.2391983
              ],
              [
                -80.8833045,
                35.239198
              ],
              [
                -80.8836275,
                35.2394622
              ]
            ]
          ],
          [
            [
              [
                -80.882008,
                35.2413077
              ],
              [
                -80.881685,
                35.2410435
              ],
              [
                -80.8816846,
                35.2413073
              ],
              [
                -80.882008,
                35.2413077
              ]
            ]
          ],
          [
            [
              [
                -80.8810383,
                35.2410428
              ],
              [
                -80.8813613,
                35.241307
              ],
              [
                -80.8813616,
                35.2410432
              ],
              [
                -80.8810383,
                35.2410428
              ]
            ]
          ],
          [
            [
              [
                -80.8813613,
                35.241307
              ],
              [
                -80.881685,
                35.2410435
              ],
              [
                -80.8813616,
                35.2410432
              ],
              [
                -80.8813613,
                35.241307
              ]
            ]
          ],
          [
            [
              [
                -80.8800686,
                35.240778
              ],
              [
                -80.8803915,
                35.2410422
              ],
              [
                -80.8803919,
                35.2407783
              ],
              [
                -80.8800686,
                35.240778
              ]
            ]
          ],
          [
            [
              [
                -80.8810383,
                35.2410428
              ],
              [
                -80.8807149,
                35.2410425
              ],
              [
                -80.8807145,
                35.2413064
              ],
              [
                -80.8810383,
                35.2410428
              ]
            ]
          ],
          [
            [
              [
                -80.8807149,
                35.2410425
              ],
              [
                -80.8803915,
                35.2410422
              ],
              [
                -80.8807145,
                35.2413064
              ],
              [
                -80.8807149,
                35.2410425
              ]
            ]
          ],
          [
            [
              [
                -80.8826547,
                35.2413083
              ],
              [
                -80.8829785,
                35.2410447
              ],
              [
                -80.8826551,
                35.2410444
              ],
              [
                -80.8826547,
                35.2413083
              ]
            ]
          ],
          [
            [
              [
                -80.8823348,
                35.2389332
              ],
              [
                -80.8826578,
                35.2391974
              ],
              [
                -80.8826582,
                35.2389335
              ],
              [
                -80.8823348,
                35.2389332
              ]
            ]
          ],
          [
            [
              [
                -80.882334,
                35.2394609
              ],
              [
                -80.8820111,
                35.2391967
              ],
              [
                -80.8820107,
                35.2394606
              ],
              [
                -80.882334,
                35.2394609
              ]
            ]
          ],
          [
            [
              [
                -80.8816877,
                35.2391964
              ],
              [
                -80.8820107,
                35.2394606
              ],
              [
                -80.8820111,
                35.2391967
              ],
              [
                -80.8816877,
                35.2391964
              ]
            ]
          ],
          [
            [
              [
                -80.8855665,
                35.2402556
              ],
              [
                -80.8858903,
                35.239992
              ],
              [
                -80.8855669,
                35.2399917
              ],
              [
                -80.8855665,
                35.2402556
              ]
            ]
          ],
          [
            [
              [
                -80.882013,
                35.2378774
              ],
              [
                -80.8816892,
                35.2381409
              ],
              [
                -80.8820126,
                35.2381413
              ],
              [
                -80.882013,
                35.2378774
              ]
            ]
          ],
          [
            [
              [
                -80.8833019,
                35.2410451
              ],
              [
                -80.8836248,
                35.2413092
              ],
              [
                -80.8836252,
                35.2410454
              ],
              [
                -80.8833019,
                35.2410451
              ]
            ]
          ],
          [
            [
              [
                -80.885891,
                35.2394643
              ],
              [
                -80.8855676,
                35.239464
              ],
              [
                -80.8855673,
                35.2397279
              ],
              [
                -80.885891,
                35.2394643
              ]
            ]
          ],
          [
            [
              [
                -80.8855676,
                35.239464
              ],
              [
                -80.8852443,
                35.2394637
              ],
              [
                -80.8855673,
                35.2397279
              ],
              [
                -80.8855676,
                35.239464
              ]
            ]
          ],
          [
            [
              [
                -80.8820107,
                35.2394606
              ],
              [
                -80.8823337,
                35.2397248
              ],
              [
                -80.882334,
                35.2394609
              ],
              [
                -80.8820107,
                35.2394606
              ]
            ]
          ],
          [
            [
              [
                -80.8833007,
                35.2418367
              ],
              [
                -80.8836241,
                35.241837
              ],
              [
                -80.8836245,
                35.2415731
              ],
              [
                -80.8833007,
                35.2418367
              ]
            ]
          ],
          [
            [
              [
                -80.8836241,
                35.241837
              ],
              [
                -80.8839478,
                35.2415734
              ],
              [
                -80.8836245,
                35.2415731
              ],
              [
                -80.8836241,
                35.241837
              ]
            ]
          ],
          [
            [
              [
                -80.8839497,
                35.2402541
              ],
              [
                -80.883626,
                35.2405176
              ],
              [
                -80.8839493,
                35.2405179
              ],
              [
                -80.8839497,
                35.2402541
              ]
            ]
          ],
          [
            [
              [
                -80.883626,
                35.2405176
              ],
              [
                -80.8836256,
                35.2407815
              ],
              [
                -80.8839493,
                35.2405179
              ],
              [
                -80.883626,
                35.2405176
              ]
            ]
          ],
          [
            [
              [
                -80.8807199,
                35.2376122
              ],
              [
                -80.880397,
                35.2373481
              ],
              [
                -80.8803966,
                35.2376119
              ],
              [
                -80.8807199,
                35.2376122
              ]
            ]
          ],
          [
            [
              [
                -80.8800736,
                35.2373477
              ],
              [
                -80.8803966,
                35.2376119
              ],
              [
                -80.880397,
                35.2373481
              ],
              [
                -80.8800736,
                35.2373477
              ]
            ]
          ],
          [
            [
              [
                -80.8839501,
                35.2399902
              ],
              [
                -80.8836271,
                35.239726
              ],
              [
                -80.8836267,
                35.2399899
              ],
              [
                -80.8839501,
                35.2399902
              ]
            ]
          ],
          [
            [
              [
                -80.8836264,
                35.2402538
              ],
              [
                -80.8839501,
                35.2399902
              ],
              [
                -80.8836267,
                35.2399899
              ],
              [
                -80.8836264,
                35.2402538
              ]
            ]
          ],
          [
            [
              [
                -80.8845953,
                35.2410463
              ],
              [
                -80.8842716,
                35.2413098
              ],
              [
                -80.8845949,
                35.2413102
              ],
              [
                -80.8845953,
                35.2410463
              ]
            ]
          ],
          [
            [
              [
                -80.8849183,
                35.2413105
              ],
              [
                -80.8845953,
                35.2410463
              ],
              [
                -80.8845949,
                35.2413102
              ],
              [
                -80.8849183,
                35.2413105
              ]
            ]
          ],
          [
            [
              [
                -80.8849179,
                35.2415743
              ],
              [
                -80.8849183,
                35.2413105
              ],
              [
                -80.8845949,
                35.2413102
              ],
              [
                -80.8849179,
                35.2415743
              ]
            ]
          ],
          [
            [
              [
                -80.8813628,
                35.2402516
              ],
              [
                -80.8813632,
                35.2399877
              ],
              [
                -80.8810394,
                35.2402512
              ],
              [
                -80.8813628,
                35.2402516
              ]
            ]
          ],
          [
            [
              [
                -80.8807161,
                35.2402509
              ],
              [
                -80.8810391,
                35.2405151
              ],
              [
                -80.8810394,
                35.2402512
              ],
              [
                -80.8807161,
                35.2402509
              ]
            ]
          ],
          [
            [
              [
                -80.8810391,
                35.2405151
              ],
              [
                -80.8813628,
                35.2402516
              ],
              [
                -80.8810394,
                35.2402512
              ],
              [
                -80.8810391,
                35.2405151
              ]
            ]
          ],
          [
            [
              [
                -80.8839486,
                35.2410457
              ],
              [
                -80.8842723,
                35.2407821
              ],
              [
                -80.883949,
                35.2407818
              ],
              [
                -80.8839486,
                35.2410457
              ]
            ]
          ],
          [
            [
              [
                -80.8810425,
                35.2381403
              ],
              [
                -80.8807188,
                35.2384039
              ],
              [
                -80.8810421,
                35.2384042
              ],
              [
                -80.8810425,
                35.2381403
              ]
            ]
          ],
          [
            [
              [
                -80.8826574,
                35.2394612
              ],
              [
                -80.8829811,
                35.2391977
              ],
              [
                -80.8826578,
                35.2391974
              ],
              [
                -80.8826574,
                35.2394612
              ]
            ]
          ],
          [
            [
              [
                -80.8803923,
                35.2405145
              ],
              [
                -80.8807161,
                35.2402509
              ],
              [
                -80.8803927,
                35.2402506
              ],
              [
                -80.8803923,
                35.2405145
              ]
            ]
          ],
          [
            [
              [
                -80.8803927,
                35.2402506
              ],
              [
                -80.880069,
                35.2405142
              ],
              [
                -80.8803923,
                35.2405145
              ],
              [
                -80.8803927,
                35.2402506
              ]
            ]
          ],
          [
            [
              [
                -80.8820069,
                35.2420993
              ],
              [
                -80.8823306,
                35.2418357
              ],
              [
                -80.8820072,
                35.2418354
              ],
              [
                -80.8820069,
                35.2420993
              ]
            ]
          ],
          [
            [
              [
                -80.8823337,
                35.2397248
              ],
              [
                -80.8826574,
                35.2394612
              ],
              [
                -80.882334,
                35.2394609
              ],
              [
                -80.8823337,
                35.2397248
              ]
            ]
          ],
          [
            [
              [
                -80.8826574,
                35.2394612
              ],
              [
                -80.8826578,
                35.2391974
              ],
              [
                -80.882334,
                35.2394609
              ],
              [
                -80.8826574,
                35.2394612
              ]
            ]
          ],
          [
            [
              [
                -80.8820107,
                35.2394606
              ],
              [
                -80.8816877,
                35.2391964
              ],
              [
                -80.8816873,
                35.2394603
              ],
              [
                -80.8820107,
                35.2394606
              ]
            ]
          ],
          [
            [
              [
                -80.882977,
                35.2421002
              ],
              [
                -80.8833007,
                35.2418367
              ],
              [
                -80.8829773,
                35.2418363
              ],
              [
                -80.882977,
                35.2421002
              ]
            ]
          ],
          [
            [
              [
                -80.8839486,
                35.2410457
              ],
              [
                -80.8836248,
                35.2413092
              ],
              [
                -80.8839482,
                35.2413095
              ],
              [
                -80.8839486,
                35.2410457
              ]
            ]
          ],
          [
            [
              [
                -80.8849209,
                35.2394634
              ],
              [
                -80.8852447,
                35.2391998
              ],
              [
                -80.8849213,
                35.2391995
              ],
              [
                -80.8849209,
                35.2394634
              ]
            ]
          ],
          [
            [
              [
                -80.8845994,
                35.2381437
              ],
              [
                -80.8845991,
                35.2384076
              ],
              [
                -80.8849228,
                35.2381441
              ],
              [
                -80.8845994,
                35.2381437
              ]
            ]
          ],
          [
            [
              [
                -80.8823371,
                35.23735
              ],
              [
                -80.8820134,
                35.2376135
              ],
              [
                -80.8823367,
                35.2376138
              ],
              [
                -80.8823371,
                35.23735
              ]
            ]
          ],
          [
            [
              [
                -80.8845957,
                35.2407824
              ],
              [
                -80.884272,
                35.241046
              ],
              [
                -80.8845953,
                35.2410463
              ],
              [
                -80.8845957,
                35.2407824
              ]
            ]
          ],
          [
            [
              [
                -80.8823367,
                35.2376138
              ],
              [
                -80.8826604,
                35.2373503
              ],
              [
                -80.8823371,
                35.23735
              ],
              [
                -80.8823367,
                35.2376138
              ]
            ]
          ],
          [
            [
              [
                -80.8855669,
                35.2399917
              ],
              [
                -80.8852432,
                35.2402553
              ],
              [
                -80.8855665,
                35.2402556
              ],
              [
                -80.8855669,
                35.2399917
              ]
            ]
          ],
          [
            [
              [
                -80.8820095,
                35.2402522
              ],
              [
                -80.8820099,
                35.2399883
              ],
              [
                -80.8816862,
                35.2402519
              ],
              [
                -80.8820095,
                35.2402522
              ]
            ]
          ],
          [
            [
              [
                -80.8800693,
                35.2402503
              ],
              [
                -80.8803927,
                35.2402506
              ],
              [
                -80.8800697,
                35.2399864
              ],
              [
                -80.8800693,
                35.2402503
              ]
            ]
          ],
          [
            [
              [
                -80.8845968,
                35.2399908
              ],
              [
                -80.8842738,
                35.2397266
              ],
              [
                -80.8842735,
                35.2399905
              ],
              [
                -80.8845968,
                35.2399908
              ]
            ]
          ],
          [
            [
              [
                -80.8800705,
                35.2394587
              ],
              [
                -80.8803935,
                35.2397229
              ],
              [
                -80.8803939,
                35.239459
              ],
              [
                -80.8800705,
                35.2394587
              ]
            ]
          ],
          [
            [
              [
                -80.8846006,
                35.2373521
              ],
              [
                -80.8842768,
                35.2376157
              ],
              [
                -80.8846002,
                35.237616
              ],
              [
                -80.8846006,
                35.2373521
              ]
            ]
          ],
          [
            [
              [
                -80.8858892,
                35.2407836
              ],
              [
                -80.8855662,
                35.2405195
              ],
              [
                -80.8855658,
                35.2407833
              ],
              [
                -80.8858892,
                35.2407836
              ]
            ]
          ],
          [
            [
              [
                -80.8813609,
                35.2415709
              ],
              [
                -80.8813613,
                35.241307
              ],
              [
                -80.8810375,
                35.2415706
              ],
              [
                -80.8813609,
                35.2415709
              ]
            ]
          ],
          [
            [
              [
                -80.8839527,
                35.2381431
              ],
              [
                -80.8842765,
                35.2378796
              ],
              [
                -80.8839531,
                35.2378793
              ],
              [
                -80.8839527,
                35.2381431
              ]
            ]
          ],
          [
            [
              [
                -80.880069,
                35.2405142
              ],
              [
                -80.8803919,
                35.2407783
              ],
              [
                -80.8803923,
                35.2405145
              ],
              [
                -80.880069,
                35.2405142
              ]
            ]
          ],
          [
            [
              [
                -80.8816839,
                35.2418351
              ],
              [
                -80.8820069,
                35.2420993
              ],
              [
                -80.8820072,
                35.2418354
              ],
              [
                -80.8816839,
                35.2418351
              ]
            ]
          ],
          [
            [
              [
                -80.8803939,
                35.239459
              ],
              [
                -80.8800709,
                35.2391948
              ],
              [
                -80.8800705,
                35.2394587
              ],
              [
                -80.8803939,
                35.239459
              ]
            ]
          ],
          [
            [
              [
                -80.8836248,
                35.2413092
              ],
              [
                -80.8839478,
                35.2415734
              ],
              [
                -80.8839482,
                35.2413095
              ],
              [
                -80.8836248,
                35.2413092
              ]
            ]
          ],
          [
            [
              [
                -80.8842738,
                35.2397266
              ],
              [
                -80.8839508,
                35.2394625
              ],
              [
                -80.8839505,
                35.2397263
              ],
              [
                -80.8842738,
                35.2397266
              ]
            ]
          ],
          [
            [
              [
                -80.8839505,
                35.2397263
              ],
              [
                -80.8842735,
                35.2399905
              ],
              [
                -80.8842738,
                35.2397266
              ],
              [
                -80.8839505,
                35.2397263
              ]
            ]
          ],
          [
            [
              [
                -80.8829781,
                35.2413086
              ],
              [
                -80.8829777,
                35.2415725
              ],
              [
                -80.8833015,
                35.2413089
              ],
              [
                -80.8829781,
                35.2413086
              ]
            ]
          ],
          [
            [
              [
                -80.8807149,
                35.2410425
              ],
              [
                -80.8803919,
                35.2407783
              ],
              [
                -80.8803915,
                35.2410422
              ],
              [
                -80.8807149,
                35.2410425
              ]
            ]
          ],
          [
            [
              [
                -80.883629,
                35.2384067
              ],
              [
                -80.8839527,
                35.2381431
              ],
              [
                -80.8836294,
                35.2381428
              ],
              [
                -80.883629,
                35.2384067
              ]
            ]
          ],
          [
            [
              [
                -80.8839531,
                35.2378793
              ],
              [
                -80.8836294,
                35.2381428
              ],
              [
                -80.8839527,
                35.2381431
              ],
              [
                -80.8839531,
                35.2378793
              ]
            ]
          ],
          [
            [
              [
                -80.88298,
                35.2399893
              ],
              [
                -80.882657,
                35.2397251
              ],
              [
                -80.8826566,
                35.239989
              ],
              [
                -80.88298,
                35.2399893
              ]
            ]
          ],
          [
            [
              [
                -80.884922,
                35.2386718
              ],
              [
                -80.8845991,
                35.2384076
              ],
              [
                -80.8845987,
                35.2386715
              ],
              [
                -80.884922,
                35.2386718
              ]
            ]
          ],
          [
            [
              [
                -80.8842757,
                35.2384073
              ],
              [
                -80.8845987,
                35.2386715
              ],
              [
                -80.8845991,
                35.2384076
              ],
              [
                -80.8842757,
                35.2384073
              ]
            ]
          ],
          [
            [
              [
                -80.8820114,
                35.2389329
              ],
              [
                -80.8816877,
                35.2391964
              ],
              [
                -80.8820111,
                35.2391967
              ],
              [
                -80.8820114,
                35.2389329
              ]
            ]
          ],
          [
            [
              [
                -80.8833037,
                35.2397257
              ],
              [
                -80.8836275,
                35.2394622
              ],
              [
                -80.8833041,
                35.2394618
              ],
              [
                -80.8833037,
                35.2397257
              ]
            ]
          ],
          [
            [
              [
                -80.8829773,
                35.2418363
              ],
              [
                -80.8826536,
                35.2420999
              ],
              [
                -80.882977,
                35.2421002
              ],
              [
                -80.8829773,
                35.2418363
              ]
            ]
          ],
          [
            [
              [
                -80.8852435,
                35.2399914
              ],
              [
                -80.8849206,
                35.2397273
              ],
              [
                -80.8849202,
                35.2399911
              ],
              [
                -80.8852435,
                35.2399914
              ]
            ]
          ],
          [
            [
              [
                -80.8807176,
                35.2391955
              ],
              [
                -80.8803939,
                35.239459
              ],
              [
                -80.8807172,
                35.2394593
              ],
              [
                -80.8807176,
                35.2391955
              ]
            ]
          ],
          [
            [
              [
                -80.8829785,
                35.2410447
              ],
              [
                -80.8826547,
                35.2413083
              ],
              [
                -80.8829781,
                35.2413086
              ],
              [
                -80.8829785,
                35.2410447
              ]
            ]
          ],
          [
            [
              [
                -80.8800686,
                35.240778
              ],
              [
                -80.8803919,
                35.2407783
              ],
              [
                -80.880069,
                35.2405142
              ],
              [
                -80.8800686,
                35.240778
              ]
            ]
          ],
          [
            [
              [
                -80.8829811,
                35.2391977
              ],
              [
                -80.8826574,
                35.2394612
              ],
              [
                -80.8829808,
                35.2394615
              ],
              [
                -80.8829811,
                35.2391977
              ]
            ]
          ],
          [
            [
              [
                -80.8823363,
                35.2378777
              ],
              [
                -80.8826601,
                35.2376141
              ],
              [
                -80.8823367,
                35.2376138
              ],
              [
                -80.8823363,
                35.2378777
              ]
            ]
          ],
          [
            [
              [
                -80.8829773,
                35.2418363
              ],
              [
                -80.8826544,
                35.2415722
              ],
              [
                -80.882654,
                35.241836
              ],
              [
                -80.8829773,
                35.2418363
              ]
            ]
          ],
          [
            [
              [
                -80.8816869,
                35.2397241
              ],
              [
                -80.8820107,
                35.2394606
              ],
              [
                -80.8816873,
                35.2394603
              ],
              [
                -80.8816869,
                35.2397241
              ]
            ]
          ],
          [
            [
              [
                -80.8807188,
                35.2384039
              ],
              [
                -80.8810418,
                35.238668
              ],
              [
                -80.8810421,
                35.2384042
              ],
              [
                -80.8807188,
                35.2384039
              ]
            ]
          ],
          [
            [
              [
                -80.8807141,
                35.2415703
              ],
              [
                -80.8803904,
                35.2418338
              ],
              [
                -80.8807138,
                35.2418341
              ],
              [
                -80.8807141,
                35.2415703
              ]
            ]
          ],
          [
            [
              [
                -80.8803927,
                35.2402506
              ],
              [
                -80.8807161,
                35.2402509
              ],
              [
                -80.8803931,
                35.2399867
              ],
              [
                -80.8803927,
                35.2402506
              ]
            ]
          ],
          [
            [
              [
                -80.8803935,
                35.2397229
              ],
              [
                -80.8800697,
                35.2399864
              ],
              [
                -80.8803931,
                35.2399867
              ],
              [
                -80.8803935,
                35.2397229
              ]
            ]
          ],
          [
            [
              [
                -80.8823337,
                35.2397248
              ],
              [
                -80.8826566,
                35.239989
              ],
              [
                -80.882657,
                35.2397251
              ],
              [
                -80.8823337,
                35.2397248
              ]
            ]
          ],
          [
            [
              [
                -80.8826574,
                35.2394612
              ],
              [
                -80.8823337,
                35.2397248
              ],
              [
                -80.882657,
                35.2397251
              ],
              [
                -80.8826574,
                35.2394612
              ]
            ]
          ],
          [
            [
              [
                -80.8829808,
                35.2394615
              ],
              [
                -80.8826574,
                35.2394612
              ],
              [
                -80.882657,
                35.2397251
              ],
              [
                -80.8829808,
                35.2394615
              ]
            ]
          ],
          [
            [
              [
                -80.8842716,
                35.2413098
              ],
              [
                -80.8839486,
                35.2410457
              ],
              [
                -80.8839482,
                35.2413095
              ],
              [
                -80.8842716,
                35.2413098
              ]
            ]
          ],
          [
            [
              [
                -80.8852421,
                35.2410469
              ],
              [
                -80.8855651,
                35.2413111
              ],
              [
                -80.8855654,
                35.2410472
              ],
              [
                -80.8852421,
                35.2410469
              ]
            ]
          ],
          [
            [
              [
                -80.8845994,
                35.2381437
              ],
              [
                -80.8842765,
                35.2378796
              ],
              [
                -80.8842761,
                35.2381434
              ],
              [
                -80.8845994,
                35.2381437
              ]
            ]
          ],
          [
            [
              [
                -80.8842765,
                35.2378796
              ],
              [
                -80.8839527,
                35.2381431
              ],
              [
                -80.8842761,
                35.2381434
              ],
              [
                -80.8842765,
                35.2378796
              ]
            ]
          ],
          [
            [
              [
                -80.8845946,
                35.241574
              ],
              [
                -80.8842716,
                35.2413098
              ],
              [
                -80.8842712,
                35.2415737
              ],
              [
                -80.8845946,
                35.241574
              ]
            ]
          ],
          [
            [
              [
                -80.8833022,
                35.2407812
              ],
              [
                -80.8829792,
                35.240517
              ],
              [
                -80.8829789,
                35.2407809
              ],
              [
                -80.8833022,
                35.2407812
              ]
            ]
          ],
          [
            [
              [
                -80.8829792,
                35.240517
              ],
              [
                -80.8826559,
                35.2405167
              ],
              [
                -80.8829789,
                35.2407809
              ],
              [
                -80.8829792,
                35.240517
              ]
            ]
          ],
          [
            [
              [
                -80.8800713,
                35.2389309
              ],
              [
                -80.8800709,
                35.2391948
              ],
              [
                -80.8803943,
                35.2391951
              ],
              [
                -80.8800713,
                35.2389309
              ]
            ]
          ],
          [
            [
              [
                -80.8800709,
                35.2391948
              ],
              [
                -80.8803939,
                35.239459
              ],
              [
                -80.8803943,
                35.2391951
              ],
              [
                -80.8800709,
                35.2391948
              ]
            ]
          ],
          [
            [
              [
                -80.8803939,
                35.239459
              ],
              [
                -80.8807176,
                35.2391955
              ],
              [
                -80.8803943,
                35.2391951
              ],
              [
                -80.8803939,
                35.239459
              ]
            ]
          ],
          [
            [
              [
                -80.8839531,
                35.2378793
              ],
              [
                -80.8842765,
                35.2378796
              ],
              [
                -80.8839535,
                35.2376154
              ],
              [
                -80.8839531,
                35.2378793
              ]
            ]
          ],
          [
            [
              [
                -80.8839538,
                35.2373515
              ],
              [
                -80.8836305,
                35.2373512
              ],
              [
                -80.8839535,
                35.2376154
              ],
              [
                -80.8839538,
                35.2373515
              ]
            ]
          ],
          [
            [
              [
                -80.883303,
                35.2402534
              ],
              [
                -80.8829792,
                35.240517
              ],
              [
                -80.8833026,
                35.2405173
              ],
              [
                -80.883303,
                35.2402534
              ]
            ]
          ],
          [
            [
              [
                -80.8842765,
                35.2378796
              ],
              [
                -80.8846002,
                35.237616
              ],
              [
                -80.8842768,
                35.2376157
              ],
              [
                -80.8842765,
                35.2378796
              ]
            ]
          ],
          [
            [
              [
                -80.8839535,
                35.2376154
              ],
              [
                -80.8842765,
                35.2378796
              ],
              [
                -80.8842768,
                35.2376157
              ],
              [
                -80.8839535,
                35.2376154
              ]
            ]
          ],
          [
            [
              [
                -80.8813659,
                35.2381406
              ],
              [
                -80.8816892,
                35.2381409
              ],
              [
                -80.8813663,
                35.2378768
              ],
              [
                -80.8813659,
                35.2381406
              ]
            ]
          ],
          [
            [
              [
                -80.8852424,
                35.240783
              ],
              [
                -80.8852428,
                35.2405192
              ],
              [
                -80.8849191,
                35.2407827
              ],
              [
                -80.8852424,
                35.240783
              ]
            ]
          ],
          [
            [
              [
                -80.8855673,
                35.2397279
              ],
              [
                -80.8858906,
                35.2397282
              ],
              [
                -80.885891,
                35.2394643
              ],
              [
                -80.8855673,
                35.2397279
              ]
            ]
          ],
          [
            [
              [
                -80.8836275,
                35.2394622
              ],
              [
                -80.8833045,
                35.239198
              ],
              [
                -80.8833041,
                35.2394618
              ],
              [
                -80.8836275,
                35.2394622
              ]
            ]
          ],
          [
            [
              [
                -80.8816892,
                35.2381409
              ],
              [
                -80.882013,
                35.2378774
              ],
              [
                -80.8816896,
                35.2378771
              ],
              [
                -80.8816892,
                35.2381409
              ]
            ]
          ],
          [
            [
              [
                -80.8845957,
                35.2407824
              ],
              [
                -80.8849191,
                35.2407827
              ],
              [
                -80.8849194,
                35.2405189
              ],
              [
                -80.8845957,
                35.2407824
              ]
            ]
          ],
          [
            [
              [
                -80.882013,
                35.2378774
              ],
              [
                -80.8820134,
                35.2376135
              ],
              [
                -80.8816896,
                35.2378771
              ],
              [
                -80.882013,
                35.2378774
              ]
            ]
          ],
          [
            [
              [
                -80.8813663,
                35.2378768
              ],
              [
                -80.8816892,
                35.2381409
              ],
              [
                -80.8816896,
                35.2378771
              ],
              [
                -80.8813663,
                35.2378768
              ]
            ]
          ],
          [
            [
              [
                -80.8833037,
                35.2397257
              ],
              [
                -80.8833041,
                35.2394618
              ],
              [
                -80.8829808,
                35.2394615
              ],
              [
                -80.8833037,
                35.2397257
              ]
            ]
          ],
          [
            [
              [
                -80.8810437,
                35.2373487
              ],
              [
                -80.8807199,
                35.2376122
              ],
              [
                -80.8810433,
                35.2376126
              ],
              [
                -80.8810437,
                35.2373487
              ]
            ]
          ],
          [
            [
              [
                -80.8813659,
                35.2381406
              ],
              [
                -80.8813663,
                35.2378768
              ],
              [
                -80.8810429,
                35.2378764
              ],
              [
                -80.8813659,
                35.2381406
              ]
            ]
          ],
          [
            [
              [
                -80.8813663,
                35.2378768
              ],
              [
                -80.8810433,
                35.2376126
              ],
              [
                -80.8810429,
                35.2378764
              ],
              [
                -80.8813663,
                35.2378768
              ]
            ]
          ],
          [
            [
              [
                -80.8810433,
                35.2376126
              ],
              [
                -80.8807196,
                35.2378761
              ],
              [
                -80.8810429,
                35.2378764
              ],
              [
                -80.8810433,
                35.2376126
              ]
            ]
          ],
          [
            [
              [
                -80.8820099,
                35.2399883
              ],
              [
                -80.8823337,
                35.2397248
              ],
              [
                -80.8820103,
                35.2397245
              ],
              [
                -80.8820099,
                35.2399883
              ]
            ]
          ],
          [
            [
              [
                -80.8823337,
                35.2397248
              ],
              [
                -80.8820107,
                35.2394606
              ],
              [
                -80.8820103,
                35.2397245
              ],
              [
                -80.8823337,
                35.2397248
              ]
            ]
          ],
          [
            [
              [
                -80.8849187,
                35.2410466
              ],
              [
                -80.8849183,
                35.2413105
              ],
              [
                -80.8852421,
                35.2410469
              ],
              [
                -80.8849187,
                35.2410466
              ]
            ]
          ],
          [
            [
              [
                -80.8855654,
                35.2410472
              ],
              [
                -80.8852424,
                35.240783
              ],
              [
                -80.8852421,
                35.2410469
              ],
              [
                -80.8855654,
                35.2410472
              ]
            ]
          ],
          [
            [
              [
                -80.8852424,
                35.240783
              ],
              [
                -80.8849187,
                35.2410466
              ],
              [
                -80.8852421,
                35.2410469
              ],
              [
                -80.8852424,
                35.240783
              ]
            ]
          ],
          [
            [
              [
                -80.8845949,
                35.2413102
              ],
              [
                -80.8842716,
                35.2413098
              ],
              [
                -80.8845946,
                35.241574
              ],
              [
                -80.8845949,
                35.2413102
              ]
            ]
          ],
          [
            [
              [
                -80.8845942,
                35.2418379
              ],
              [
                -80.8849179,
                35.2415743
              ],
              [
                -80.8845946,
                35.241574
              ],
              [
                -80.8845942,
                35.2418379
              ]
            ]
          ],
          [
            [
              [
                -80.8845942,
                35.2418379
              ],
              [
                -80.8845946,
                35.241574
              ],
              [
                -80.8842712,
                35.2415737
              ],
              [
                -80.8845942,
                35.2418379
              ]
            ]
          ],
          [
            [
              [
                -80.8849187,
                35.2410466
              ],
              [
                -80.8852424,
                35.240783
              ],
              [
                -80.8849191,
                35.2407827
              ],
              [
                -80.8849187,
                35.2410466
              ]
            ]
          ],
          [
            [
              [
                -80.8839475,
                35.2418373
              ],
              [
                -80.8842712,
                35.2415737
              ],
              [
                -80.8839478,
                35.2415734
              ],
              [
                -80.8839475,
                35.2418373
              ]
            ]
          ],
          [
            [
              [
                -80.8845979,
                35.2391992
              ],
              [
                -80.8849209,
                35.2394634
              ],
              [
                -80.8849213,
                35.2391995
              ],
              [
                -80.8845979,
                35.2391992
              ]
            ]
          ],
          [
            [
              [
                -80.8849209,
                35.2394634
              ],
              [
                -80.8845979,
                35.2391992
              ],
              [
                -80.8845976,
                35.2394631
              ],
              [
                -80.8849209,
                35.2394634
              ]
            ]
          ],
          [
            [
              [
                -80.8829792,
                35.240517
              ],
              [
                -80.8833022,
                35.2407812
              ],
              [
                -80.8833026,
                35.2405173
              ],
              [
                -80.8829792,
                35.240517
              ]
            ]
          ],
          [
            [
              [
                -80.8810433,
                35.2376126
              ],
              [
                -80.8813663,
                35.2378768
              ],
              [
                -80.8813666,
                35.2376129
              ],
              [
                -80.8810433,
                35.2376126
              ]
            ]
          ],
          [
            [
              [
                -80.881367,
                35.237349
              ],
              [
                -80.8810433,
                35.2376126
              ],
              [
                -80.8813666,
                35.2376129
              ],
              [
                -80.881367,
                35.237349
              ]
            ]
          ],
          [
            [
              [
                -80.8852406,
                35.2421024
              ],
              [
                -80.8855639,
                35.2421027
              ],
              [
                -80.8855643,
                35.2418388
              ],
              [
                -80.8852406,
                35.2421024
              ]
            ]
          ],
          [
            [
              [
                -80.8855639,
                35.2421027
              ],
              [
                -80.8858877,
                35.2418391
              ],
              [
                -80.8855643,
                35.2418388
              ],
              [
                -80.8855639,
                35.2421027
              ]
            ]
          ],
          [
            [
              [
                -80.8858877,
                35.2418391
              ],
              [
                -80.8855647,
                35.2415749
              ],
              [
                -80.8855643,
                35.2418388
              ],
              [
                -80.8858877,
                35.2418391
              ]
            ]
          ],
          [
            [
              [
                -80.8816885,
                35.2386687
              ],
              [
                -80.8820114,
                35.2389329
              ],
              [
                -80.8820118,
                35.238669
              ],
              [
                -80.8816885,
                35.2386687
              ]
            ]
          ],
          [
            [
              [
                -80.8820114,
                35.2389329
              ],
              [
                -80.8823352,
                35.2386693
              ],
              [
                -80.8820118,
                35.238669
              ],
              [
                -80.8820114,
                35.2389329
              ]
            ]
          ],
          [
            [
              [
                -80.8855662,
                35.2405195
              ],
              [
                -80.8858895,
                35.2405198
              ],
              [
                -80.8855665,
                35.2402556
              ],
              [
                -80.8855662,
                35.2405195
              ]
            ]
          ],
          [
            [
              [
                -80.88298,
                35.2399893
              ],
              [
                -80.8826566,
                35.239989
              ],
              [
                -80.8829796,
                35.2402531
              ],
              [
                -80.88298,
                35.2399893
              ]
            ]
          ],
          [
            [
              [
                -80.8852443,
                35.2394637
              ],
              [
                -80.8849209,
                35.2394634
              ],
              [
                -80.8849206,
                35.2397273
              ],
              [
                -80.8852443,
                35.2394637
              ]
            ]
          ],
          [
            [
              [
                -80.8845976,
                35.2394631
              ],
              [
                -80.8849206,
                35.2397273
              ],
              [
                -80.8849209,
                35.2394634
              ],
              [
                -80.8845976,
                35.2394631
              ]
            ]
          ],
          [
            [
              [
                -80.8845968,
                35.2399908
              ],
              [
                -80.8849202,
                35.2399911
              ],
              [
                -80.8849206,
                35.2397273
              ],
              [
                -80.8845968,
                35.2399908
              ]
            ]
          ],
          [
            [
              [
                -80.8829773,
                35.2418363
              ],
              [
                -80.8833007,
                35.2418367
              ],
              [
                -80.8829777,
                35.2415725
              ],
              [
                -80.8829773,
                35.2418363
              ]
            ]
          ],
          [
            [
              [
                -80.8858925,
                35.2384088
              ],
              [
                -80.8855695,
                35.2381447
              ],
              [
                -80.8855691,
                35.2384085
              ],
              [
                -80.8858925,
                35.2384088
              ]
            ]
          ],
          [
            [
              [
                -80.8813628,
                35.2402516
              ],
              [
                -80.8816858,
                35.2405157
              ],
              [
                -80.8816862,
                35.2402519
              ],
              [
                -80.8813628,
                35.2402516
              ]
            ]
          ],
          [
            [
              [
                -80.8803904,
                35.2418338
              ],
              [
                -80.8807141,
                35.2415703
              ],
              [
                -80.8803908,
                35.2415699
              ],
              [
                -80.8803904,
                35.2418338
              ]
            ]
          ],
          [
            [
              [
                -80.8807145,
                35.2413064
              ],
              [
                -80.8803908,
                35.2415699
              ],
              [
                -80.8807141,
                35.2415703
              ],
              [
                -80.8807145,
                35.2413064
              ]
            ]
          ],
          [
            [
              [
                -80.8833019,
                35.2410451
              ],
              [
                -80.8836256,
                35.2407815
              ],
              [
                -80.8833022,
                35.2407812
              ],
              [
                -80.8833019,
                35.2410451
              ]
            ]
          ],
          [
            [
              [
                -80.8820134,
                35.2376135
              ],
              [
                -80.8816904,
                35.2373493
              ],
              [
                -80.88169,
                35.2376132
              ],
              [
                -80.8820134,
                35.2376135
              ]
            ]
          ],
          [
            [
              [
                -80.8816904,
                35.2373493
              ],
              [
                -80.8813666,
                35.2376129
              ],
              [
                -80.88169,
                35.2376132
              ],
              [
                -80.8816904,
                35.2373493
              ]
            ]
          ],
          [
            [
              [
                -80.8803966,
                35.2376119
              ],
              [
                -80.8800728,
                35.2378755
              ],
              [
                -80.8803962,
                35.2378758
              ],
              [
                -80.8803966,
                35.2376119
              ]
            ]
          ],
          [
            [
              [
                -80.8845979,
                35.2391992
              ],
              [
                -80.884275,
                35.238935
              ],
              [
                -80.8842746,
                35.2391989
              ],
              [
                -80.8845979,
                35.2391992
              ]
            ]
          ],
          [
            [
              [
                -80.8839516,
                35.2389347
              ],
              [
                -80.8842746,
                35.2391989
              ],
              [
                -80.884275,
                35.238935
              ],
              [
                -80.8839516,
                35.2389347
              ]
            ]
          ],
          [
            [
              [
                -80.8813659,
                35.2381406
              ],
              [
                -80.8810429,
                35.2378764
              ],
              [
                -80.8810425,
                35.2381403
              ],
              [
                -80.8813659,
                35.2381406
              ]
            ]
          ],
          [
            [
              [
                -80.8810429,
                35.2378764
              ],
              [
                -80.8807196,
                35.2378761
              ],
              [
                -80.8810425,
                35.2381403
              ],
              [
                -80.8810429,
                35.2378764
              ]
            ]
          ],
          [
            [
              [
                -80.883629,
                35.2384067
              ],
              [
                -80.8836294,
                35.2381428
              ],
              [
                -80.883306,
                35.2381425
              ],
              [
                -80.883629,
                35.2384067
              ]
            ]
          ],
          [
            [
              [
                -80.8836294,
                35.2381428
              ],
              [
                -80.8833064,
                35.2378786
              ],
              [
                -80.883306,
                35.2381425
              ],
              [
                -80.8836294,
                35.2381428
              ]
            ]
          ],
          [
            [
              [
                -80.8833064,
                35.2378786
              ],
              [
                -80.8829827,
                35.2381422
              ],
              [
                -80.883306,
                35.2381425
              ],
              [
                -80.8833064,
                35.2378786
              ]
            ]
          ],
          [
            [
              [
                -80.8836267,
                35.2399899
              ],
              [
                -80.8833037,
                35.2397257
              ],
              [
                -80.8833034,
                35.2399896
              ],
              [
                -80.8836267,
                35.2399899
              ]
            ]
          ],
          [
            [
              [
                -80.8833037,
                35.2397257
              ],
              [
                -80.88298,
                35.2399893
              ],
              [
                -80.8833034,
                35.2399896
              ],
              [
                -80.8833037,
                35.2397257
              ]
            ]
          ],
          [
            [
              [
                -80.8842738,
                35.2397266
              ],
              [
                -80.8845976,
                35.2394631
              ],
              [
                -80.8842742,
                35.2394628
              ],
              [
                -80.8842738,
                35.2397266
              ]
            ]
          ],
          [
            [
              [
                -80.8820088,
                35.2407799
              ],
              [
                -80.8823318,
                35.2410441
              ],
              [
                -80.8823321,
                35.2407802
              ],
              [
                -80.8820088,
                35.2407799
              ]
            ]
          ],
          [
            [
              [
                -80.8823325,
                35.2405164
              ],
              [
                -80.8820088,
                35.2407799
              ],
              [
                -80.8823321,
                35.2407802
              ],
              [
                -80.8823325,
                35.2405164
              ]
            ]
          ],
          [
            [
              [
                -80.8829823,
                35.2384061
              ],
              [
                -80.8829819,
                35.2386699
              ],
              [
                -80.8833056,
                35.2384064
              ],
              [
                -80.8829823,
                35.2384061
              ]
            ]
          ],
          [
            [
              [
                -80.883629,
                35.2384067
              ],
              [
                -80.883306,
                35.2381425
              ],
              [
                -80.8833056,
                35.2384064
              ],
              [
                -80.883629,
                35.2384067
              ]
            ]
          ],
          [
            [
              [
                -80.883306,
                35.2381425
              ],
              [
                -80.8829823,
                35.2384061
              ],
              [
                -80.8833056,
                35.2384064
              ],
              [
                -80.883306,
                35.2381425
              ]
            ]
          ],
          [
            [
              [
                -80.8803958,
                35.2381397
              ],
              [
                -80.8807188,
                35.2384039
              ],
              [
                -80.8807192,
                35.23814
              ],
              [
                -80.8803958,
                35.2381397
              ]
            ]
          ],
          [
            [
              [
                -80.8807188,
                35.2384039
              ],
              [
                -80.8810425,
                35.2381403
              ],
              [
                -80.8807192,
                35.23814
              ],
              [
                -80.8807188,
                35.2384039
              ]
            ]
          ],
          [
            [
              [
                -80.8845964,
                35.2402547
              ],
              [
                -80.8842727,
                35.2405182
              ],
              [
                -80.8845961,
                35.2405186
              ],
              [
                -80.8845964,
                35.2402547
              ]
            ]
          ],
          [
            [
              [
                -80.8842727,
                35.2405182
              ],
              [
                -80.8845957,
                35.2407824
              ],
              [
                -80.8845961,
                35.2405186
              ],
              [
                -80.8842727,
                35.2405182
              ]
            ]
          ],
          [
            [
              [
                -80.882013,
                35.2378774
              ],
              [
                -80.8823359,
                35.2381416
              ],
              [
                -80.8823363,
                35.2378777
              ],
              [
                -80.882013,
                35.2378774
              ]
            ]
          ],
          [
            [
              [
                -80.8826547,
                35.2413083
              ],
              [
                -80.8823314,
                35.241308
              ],
              [
                -80.882331,
                35.2415718
              ],
              [
                -80.8826547,
                35.2413083
              ]
            ]
          ],
          [
            [
              [
                -80.8823314,
                35.241308
              ],
              [
                -80.882008,
                35.2413077
              ],
              [
                -80.882331,
                35.2415718
              ],
              [
                -80.8823314,
                35.241308
              ]
            ]
          ],
          [
            [
              [
                -80.8839508,
                35.2394625
              ],
              [
                -80.8836271,
                35.239726
              ],
              [
                -80.8839505,
                35.2397263
              ],
              [
                -80.8839508,
                35.2394625
              ]
            ]
          ],
          [
            [
              [
                -80.8826547,
                35.2413083
              ],
              [
                -80.882331,
                35.2415718
              ],
              [
                -80.8826544,
                35.2415722
              ],
              [
                -80.8826547,
                35.2413083
              ]
            ]
          ],
          [
            [
              [
                -80.882331,
                35.2415718
              ],
              [
                -80.8823306,
                35.2418357
              ],
              [
                -80.8826544,
                35.2415722
              ],
              [
                -80.882331,
                35.2415718
              ]
            ]
          ],
          [
            [
              [
                -80.8829777,
                35.2415725
              ],
              [
                -80.8826547,
                35.2413083
              ],
              [
                -80.8826544,
                35.2415722
              ],
              [
                -80.8829777,
                35.2415725
              ]
            ]
          ],
          [
            [
              [
                -80.8858914,
                35.2392004
              ],
              [
                -80.8855676,
                35.239464
              ],
              [
                -80.885891,
                35.2394643
              ],
              [
                -80.8858914,
                35.2392004
              ]
            ]
          ],
          [
            [
              [
                -80.8852447,
                35.2391998
              ],
              [
                -80.8855676,
                35.239464
              ],
              [
                -80.885568,
                35.2392001
              ],
              [
                -80.8852447,
                35.2391998
              ]
            ]
          ],
          [
            [
              [
                -80.8807157,
                35.2405148
              ],
              [
                -80.8807161,
                35.2402509
              ],
              [
                -80.8803923,
                35.2405145
              ],
              [
                -80.8807157,
                35.2405148
              ]
            ]
          ],
          [
            [
              [
                -80.8803931,
                35.2399867
              ],
              [
                -80.8807161,
                35.2402509
              ],
              [
                -80.8807165,
                35.2399871
              ],
              [
                -80.8803931,
                35.2399867
              ]
            ]
          ],
          [
            [
              [
                -80.8807165,
                35.2399871
              ],
              [
                -80.8803935,
                35.2397229
              ],
              [
                -80.8803931,
                35.2399867
              ],
              [
                -80.8807165,
                35.2399871
              ]
            ]
          ],
          [
            [
              [
                -80.882334,
                35.2394609
              ],
              [
                -80.8826578,
                35.2391974
              ],
              [
                -80.8823344,
                35.239197
              ],
              [
                -80.882334,
                35.2394609
              ]
            ]
          ],
          [
            [
              [
                -80.8826578,
                35.2391974
              ],
              [
                -80.8823348,
                35.2389332
              ],
              [
                -80.8823344,
                35.239197
              ],
              [
                -80.8826578,
                35.2391974
              ]
            ]
          ],
          [
            [
              [
                -80.8855673,
                35.2397279
              ],
              [
                -80.8852443,
                35.2394637
              ],
              [
                -80.8852439,
                35.2397276
              ],
              [
                -80.8855673,
                35.2397279
              ]
            ]
          ],
          [
            [
              [
                -80.8852443,
                35.2394637
              ],
              [
                -80.8849206,
                35.2397273
              ],
              [
                -80.8852439,
                35.2397276
              ],
              [
                -80.8852443,
                35.2394637
              ]
            ]
          ],
          [
            [
              [
                -80.8836256,
                35.2407815
              ],
              [
                -80.8833026,
                35.2405173
              ],
              [
                -80.8833022,
                35.2407812
              ],
              [
                -80.8836256,
                35.2407815
              ]
            ]
          ],
          [
            [
              [
                -80.8829827,
                35.2381422
              ],
              [
                -80.8833064,
                35.2378786
              ],
              [
                -80.882983,
                35.2378783
              ],
              [
                -80.8829827,
                35.2381422
              ]
            ]
          ],
          [
            [
              [
                -80.8816873,
                35.2394603
              ],
              [
                -80.8816877,
                35.2391964
              ],
              [
                -80.881364,
                35.23946
              ],
              [
                -80.8816873,
                35.2394603
              ]
            ]
          ],
          [
            [
              [
                -80.8849213,
                35.2391995
              ],
              [
                -80.8852447,
                35.2391998
              ],
              [
                -80.8849217,
                35.2389357
              ],
              [
                -80.8849213,
                35.2391995
              ]
            ]
          ],
          [
            [
              [
                -80.884922,
                35.2386718
              ],
              [
                -80.8845983,
                35.2389353
              ],
              [
                -80.8849217,
                35.2389357
              ],
              [
                -80.884922,
                35.2386718
              ]
            ]
          ],
          [
            [
              [
                -80.882983,
                35.2378783
              ],
              [
                -80.8833064,
                35.2378786
              ],
              [
                -80.8829834,
                35.2376145
              ],
              [
                -80.882983,
                35.2378783
              ]
            ]
          ],
          [
            [
              [
                -80.8829838,
                35.2373506
              ],
              [
                -80.8826604,
                35.2373503
              ],
              [
                -80.8829834,
                35.2376145
              ],
              [
                -80.8829838,
                35.2373506
              ]
            ]
          ],
          [
            [
              [
                -80.8810371,
                35.2418344
              ],
              [
                -80.8813609,
                35.2415709
              ],
              [
                -80.8810375,
                35.2415706
              ],
              [
                -80.8810371,
                35.2418344
              ]
            ]
          ],
          [
            [
              [
                -80.882983,
                35.2378783
              ],
              [
                -80.8829834,
                35.2376145
              ],
              [
                -80.8826601,
                35.2376141
              ],
              [
                -80.882983,
                35.2378783
              ]
            ]
          ],
          [
            [
              [
                -80.8829834,
                35.2376145
              ],
              [
                -80.8826604,
                35.2373503
              ],
              [
                -80.8826601,
                35.2376141
              ],
              [
                -80.8829834,
                35.2376145
              ]
            ]
          ],
          [
            [
              [
                -80.8826604,
                35.2373503
              ],
              [
                -80.8823367,
                35.2376138
              ],
              [
                -80.8826601,
                35.2376141
              ],
              [
                -80.8826604,
                35.2373503
              ]
            ]
          ],
          [
            [
              [
                -80.8842705,
                35.2421015
              ],
              [
                -80.8845942,
                35.2418379
              ],
              [
                -80.8842708,
                35.2418376
              ],
              [
                -80.8842705,
                35.2421015
              ]
            ]
          ],
          [
            [
              [
                -80.8816839,
                35.2418351
              ],
              [
                -80.8820072,
                35.2418354
              ],
              [
                -80.8820076,
                35.2415715
              ],
              [
                -80.8816839,
                35.2418351
              ]
            ]
          ],
          [
            [
              [
                -80.8820072,
                35.2418354
              ],
              [
                -80.882331,
                35.2415718
              ],
              [
                -80.8820076,
                35.2415715
              ],
              [
                -80.8820072,
                35.2418354
              ]
            ]
          ],
          [
            [
              [
                -80.8849232,
                35.2378802
              ],
              [
                -80.8852465,
                35.2378805
              ],
              [
                -80.8852469,
                35.2376166
              ],
              [
                -80.8849232,
                35.2378802
              ]
            ]
          ],
          [
            [
              [
                -80.8852465,
                35.2378805
              ],
              [
                -80.8855702,
                35.2376169
              ],
              [
                -80.8852469,
                35.2376166
              ],
              [
                -80.8852465,
                35.2378805
              ]
            ]
          ],
          [
            [
              [
                -80.8855702,
                35.2376169
              ],
              [
                -80.8852473,
                35.2373528
              ],
              [
                -80.8852469,
                35.2376166
              ],
              [
                -80.8855702,
                35.2376169
              ]
            ]
          ],
          [
            [
              [
                -80.8829777,
                35.2415725
              ],
              [
                -80.8833007,
                35.2418367
              ],
              [
                -80.8833011,
                35.2415728
              ],
              [
                -80.8829777,
                35.2415725
              ]
            ]
          ],
          [
            [
              [
                -80.8833007,
                35.2418367
              ],
              [
                -80.8836245,
                35.2415731
              ],
              [
                -80.8833011,
                35.2415728
              ],
              [
                -80.8833007,
                35.2418367
              ]
            ]
          ],
          [
            [
              [
                -80.8836245,
                35.2415731
              ],
              [
                -80.8833015,
                35.2413089
              ],
              [
                -80.8833011,
                35.2415728
              ],
              [
                -80.8836245,
                35.2415731
              ]
            ]
          ],
          [
            [
              [
                -80.8803915,
                35.2410422
              ],
              [
                -80.8800678,
                35.2413058
              ],
              [
                -80.8803912,
                35.2413061
              ],
              [
                -80.8803915,
                35.2410422
              ]
            ]
          ],
          [
            [
              [
                -80.8800678,
                35.2413058
              ],
              [
                -80.8803908,
                35.2415699
              ],
              [
                -80.8803912,
                35.2413061
              ],
              [
                -80.8800678,
                35.2413058
              ]
            ]
          ],
          [
            [
              [
                -80.8826536,
                35.2420999
              ],
              [
                -80.8829773,
                35.2418363
              ],
              [
                -80.882654,
                35.241836
              ],
              [
                -80.8826536,
                35.2420999
              ]
            ]
          ],
          [
            [
              [
                -80.8800713,
                35.2389309
              ],
              [
                -80.8803943,
                35.2391951
              ],
              [
                -80.8803946,
                35.2389313
              ],
              [
                -80.8800713,
                35.2389309
              ]
            ]
          ],
          [
            [
              [
                -80.8803943,
                35.2391951
              ],
              [
                -80.8807176,
                35.2391955
              ],
              [
                -80.8803946,
                35.2389313
              ],
              [
                -80.8803943,
                35.2391951
              ]
            ]
          ],
          [
            [
              [
                -80.880395,
                35.2386674
              ],
              [
                -80.8800713,
                35.2389309
              ],
              [
                -80.8803946,
                35.2389313
              ],
              [
                -80.880395,
                35.2386674
              ]
            ]
          ],
          [
            [
              [
                -80.8845957,
                35.2407824
              ],
              [
                -80.8849187,
                35.2410466
              ],
              [
                -80.8849191,
                35.2407827
              ],
              [
                -80.8845957,
                35.2407824
              ]
            ]
          ],
          [
            [
              [
                -80.8800732,
                35.2376116
              ],
              [
                -80.8803966,
                35.2376119
              ],
              [
                -80.8800736,
                35.2373477
              ],
              [
                -80.8800732,
                35.2376116
              ]
            ]
          ],
          [
            [
              [
                -80.8855643,
                35.2418388
              ],
              [
                -80.8852413,
                35.2415746
              ],
              [
                -80.8852409,
                35.2418385
              ],
              [
                -80.8855643,
                35.2418388
              ]
            ]
          ],
          [
            [
              [
                -80.8852406,
                35.2421024
              ],
              [
                -80.8855643,
                35.2418388
              ],
              [
                -80.8852409,
                35.2418385
              ],
              [
                -80.8852406,
                35.2421024
              ]
            ]
          ],
          [
            [
              [
                -80.8849172,
                35.2421021
              ],
              [
                -80.8852406,
                35.2421024
              ],
              [
                -80.8852409,
                35.2418385
              ],
              [
                -80.8849172,
                35.2421021
              ]
            ]
          ],
          [
            [
              [
                -80.8833037,
                35.2397257
              ],
              [
                -80.8829808,
                35.2394615
              ],
              [
                -80.8829804,
                35.2397254
              ],
              [
                -80.8833037,
                35.2397257
              ]
            ]
          ],
          [
            [
              [
                -80.8829808,
                35.2394615
              ],
              [
                -80.882657,
                35.2397251
              ],
              [
                -80.8829804,
                35.2397254
              ],
              [
                -80.8829808,
                35.2394615
              ]
            ]
          ],
          [
            [
              [
                -80.8829789,
                35.2407809
              ],
              [
                -80.8826559,
                35.2405167
              ],
              [
                -80.8826555,
                35.2407806
              ],
              [
                -80.8829789,
                35.2407809
              ]
            ]
          ],
          [
            [
              [
                -80.8826559,
                35.2405167
              ],
              [
                -80.8823321,
                35.2407802
              ],
              [
                -80.8826555,
                35.2407806
              ],
              [
                -80.8826559,
                35.2405167
              ]
            ]
          ],
          [
            [
              [
                -80.8813651,
                35.2386684
              ],
              [
                -80.8810414,
                35.2389319
              ],
              [
                -80.8813647,
                35.2389322
              ],
              [
                -80.8813651,
                35.2386684
              ]
            ]
          ],
          [
            [
              [
                -80.8833049,
                35.2389341
              ],
              [
                -80.8836279,
                35.2391983
              ],
              [
                -80.8836282,
                35.2389344
              ],
              [
                -80.8833049,
                35.2389341
              ]
            ]
          ],
          [
            [
              [
                -80.8845987,
                35.2386715
              ],
              [
                -80.8842757,
                35.2384073
              ],
              [
                -80.8842753,
                35.2386712
              ],
              [
                -80.8845987,
                35.2386715
              ]
            ]
          ],
          [
            [
              [
                -80.884275,
                35.238935
              ],
              [
                -80.8845987,
                35.2386715
              ],
              [
                -80.8842753,
                35.2386712
              ],
              [
                -80.884275,
                35.238935
              ]
            ]
          ],
          [
            [
              [
                -80.880395,
                35.2386674
              ],
              [
                -80.8803946,
                35.2389313
              ],
              [
                -80.880718,
                35.2389316
              ],
              [
                -80.880395,
                35.2386674
              ]
            ]
          ],
          [
            [
              [
                -80.8803946,
                35.2389313
              ],
              [
                -80.8807176,
                35.2391955
              ],
              [
                -80.880718,
                35.2389316
              ],
              [
                -80.8803946,
                35.2389313
              ]
            ]
          ],
          [
            [
              [
                -80.8807176,
                35.2391955
              ],
              [
                -80.8810414,
                35.2389319
              ],
              [
                -80.880718,
                35.2389316
              ],
              [
                -80.8807176,
                35.2391955
              ]
            ]
          ],
          [
            [
              [
                -80.8855702,
                35.2376169
              ],
              [
                -80.8852465,
                35.2378805
              ],
              [
                -80.8855699,
                35.2378808
              ],
              [
                -80.8855702,
                35.2376169
              ]
            ]
          ],
          [
            [
              [
                -80.8852465,
                35.2378805
              ],
              [
                -80.8855695,
                35.2381447
              ],
              [
                -80.8855699,
                35.2378808
              ],
              [
                -80.8852465,
                35.2378805
              ]
            ]
          ],
          [
            [
              [
                -80.8855695,
                35.2381447
              ],
              [
                -80.8858932,
                35.2378811
              ],
              [
                -80.8855699,
                35.2378808
              ],
              [
                -80.8855695,
                35.2381447
              ]
            ]
          ],
          [
            [
              [
                -80.8858932,
                35.2378811
              ],
              [
                -80.8855702,
                35.2376169
              ],
              [
                -80.8855699,
                35.2378808
              ],
              [
                -80.8858932,
                35.2378811
              ]
            ]
          ]
        ]
      }
    },
    {
      "type": "Feature",
      "properties": {
        "role": "mesh",
        "name": "Enderly Park terrain mesh"
      },
      "geometry": {
        "type": "MultiLineString",
        "coordinates": [
          [
            [
              -80.8855691,
              35.2384085
            ],
            [
              -80.8849228,
              35.2381441
            ]
          ],
          [
            [
              -80.8849228,
              35.2381441
            ],
            [
              -80.8849224,
              35.2384079
            ]
          ],
          [
            [
              -80.8849224,
              35.2384079
            ],
            [
              -80.8855691,
              35.2384085
            ]
          ],
          [
            [
              -80.8807165,
              35.2399871
            ],
            [
              -80.8810394,
              35.2402512
            ]
          ],
          [
            [
              -80.8810394,
              35.2402512
            ],
            [
              -80.8810402,
              35.2397235
            ]
          ],
          [
            [
              -80.8810402,
              35.2397235
            ],
            [
              -80.8807165,
              35.2399871
            ]
          ],
          [
            [
              -80.884922,
              35.2386718
            ],
            [
              -80.8855691,
              35.2384085
            ]
          ],
          [
            [
              -80.8849224,
              35.2384079
            ],
            [
              -80.884922,
              35.2386718
            ]
          ],
          [
            [
              -80.8829823,
              35.2384061
            ],
            [
              -80.8823356,
              35.2384054
            ]
          ],
          [
            [
              -80.8823356,
              35.2384054
            ],
            [
              -80.8826585,
              35.2386696
            ]
          ],
          [
            [
              -80.8826585,
              35.2386696
            ],
            [
              -80.8829823,
              35.2384061
            ]
          ],
          [
            [
              -80.8810394,
              35.2402512
            ],
            [
              -80.8813632,
              35.2399877
            ]
          ],
          [
            [
              -80.8813632,
              35.2399877
            ],
            [
              -80.8810402,
              35.2397235
            ]
          ],
          [
            [
              -80.8829823,
              35.2384061
            ],
            [
              -80.8823359,
              35.2381416
            ]
          ],
          [
            [
              -80.8823359,
              35.2381416
            ],
            [
              -80.8823356,
              35.2384054
            ]
          ],
          [
            [
              -80.880067,
              35.2418335
            ],
            [
              -80.8803908,
              35.2415699
            ]
          ],
          [
            [
              -80.8803908,
              35.2415699
            ],
            [
              -80.8800678,
              35.2413058
            ]
          ],
          [
            [
              -80.8800678,
              35.2413058
            ],
            [
              -80.880067,
              35.2418335
            ]
          ],
          [
            [
              -80.8852409,
              35.2418385
            ],
            [
              -80.8849179,
              35.2415743
            ]
          ],
          [
            [
              -80.8849179,
              35.2415743
            ],
            [
              -80.8849172,
              35.2421021
            ]
          ],
          [
            [
              -80.8849172,
              35.2421021
            ],
            [
              -80.8852409,
              35.2418385
            ]
          ],
          [
            [
              -80.8833071,
              35.2373509
            ],
            [
              -80.8833064,
              35.2378786
            ]
          ],
          [
            [
              -80.8833064,
              35.2378786
            ],
            [
              -80.8836305,
              35.2373512
            ]
          ],
          [
            [
              -80.8836305,
              35.2373512
            ],
            [
              -80.8833071,
              35.2373509
            ]
          ],
          [
            [
              -80.8849179,
              35.2415743
            ],
            [
              -80.8845942,
              35.2418379
            ]
          ],
          [
            [
              -80.8845942,
              35.2418379
            ],
            [
              -80.8849172,
              35.2421021
            ]
          ],
          [
            [
              -80.8855651,
              35.2413111
            ],
            [
              -80.8849183,
              35.2413105
            ]
          ],
          [
            [
              -80.8849183,
              35.2413105
            ],
            [
              -80.8852413,
              35.2415746
            ]
          ],
          [
            [
              -80.8852413,
              35.2415746
            ],
            [
              -80.8855651,
              35.2413111
            ]
          ],
          [
            [
              -80.8810402,
              35.2397235
            ],
            [
              -80.8807172,
              35.2394593
            ]
          ],
          [
            [
              -80.8807172,
              35.2394593
            ],
            [
              -80.8803935,
              35.2397229
            ]
          ],
          [
            [
              -80.8803935,
              35.2397229
            ],
            [
              -80.8810402,
              35.2397235
            ]
          ],
          [
            [
              -80.8820088,
              35.2407799
            ],
            [
              -80.8823325,
              35.2405164
            ]
          ],
          [
            [
              -80.8823325,
              35.2405164
            ],
            [
              -80.8820095,
              35.2402522
            ]
          ],
          [
            [
              -80.8820095,
              35.2402522
            ],
            [
              -80.8820088,
              35.2407799
            ]
          ],
          [
            [
              -80.8855651,
              35.2413111
            ],
            [
              -80.8852421,
              35.2410469
            ]
          ],
          [
            [
              -80.8852421,
              35.2410469
            ],
            [
              -80.8849183,
              35.2413105
            ]
          ],
          [
            [
              -80.8833049,
              35.2389341
            ],
            [
              -80.8833056,
              35.2384064
            ]
          ],
          [
            [
              -80.8833056,
              35.2384064
            ],
            [
              -80.8829819,
              35.2386699
            ]
          ],
          [
            [
              -80.8829819,
              35.2386699
            ],
            [
              -80.8833049,
              35.2389341
            ]
          ],
          [
            [
              -80.8858884,
              35.2413114
            ],
            [
              -80.8858892,
              35.2407836
            ]
          ],
          [
            [
              -80.8858892,
              35.2407836
            ],
            [
              -80.8855654,
              35.2410472
            ]
          ],
          [
            [
              -80.8855654,
              35.2410472
            ],
            [
              -80.8858884,
              35.2413114
            ]
          ],
          [
            [
              -80.881364,
              35.23946
            ],
            [
              -80.8810414,
              35.2389319
            ]
          ],
          [
            [
              -80.8810414,
              35.2389319
            ],
            [
              -80.8810406,
              35.2394596
            ]
          ],
          [
            [
              -80.8810406,
              35.2394596
            ],
            [
              -80.881364,
              35.23946
            ]
          ],
          [
            [
              -80.8833007,
              35.2418367
            ],
            [
              -80.882977,
              35.2421002
            ]
          ],
          [
            [
              -80.882977,
              35.2421002
            ],
            [
              -80.8836237,
              35.2421008
            ]
          ],
          [
            [
              -80.8836237,
              35.2421008
            ],
            [
              -80.8833007,
              35.2418367
            ]
          ],
          [
            [
              -80.8849232,
              35.2378802
            ],
            [
              -80.8849239,
              35.2373524
            ]
          ],
          [
            [
              -80.8849239,
              35.2373524
            ],
            [
              -80.8846002,
              35.237616
            ]
          ],
          [
            [
              -80.8846002,
              35.237616
            ],
            [
              -80.8849232,
              35.2378802
            ]
          ],
          [
            [
              -80.8823329,
              35.2402525
            ],
            [
              -80.8826559,
              35.2405167
            ]
          ],
          [
            [
              -80.8826559,
              35.2405167
            ],
            [
              -80.8826566,
              35.239989
            ]
          ],
          [
            [
              -80.8826566,
              35.239989
            ],
            [
              -80.8823329,
              35.2402525
            ]
          ],
          [
            [
              -80.8855695,
              35.2381447
            ],
            [
              -80.8849228,
              35.2381441
            ]
          ],
          [
            [
              -80.8855691,
              35.2384085
            ],
            [
              -80.8855695,
              35.2381447
            ]
          ],
          [
            [
              -80.8816858,
              35.2405157
            ],
            [
              -80.8820088,
              35.2407799
            ]
          ],
          [
            [
              -80.8820095,
              35.2402522
            ],
            [
              -80.8816858,
              35.2405157
            ]
          ],
          [
            [
              -80.8858917,
              35.2389366
            ],
            [
              -80.8855691,
              35.2384085
            ]
          ],
          [
            [
              -80.8855691,
              35.2384085
            ],
            [
              -80.8855684,
              35.2389363
            ]
          ],
          [
            [
              -80.8855684,
              35.2389363
            ],
            [
              -80.8858917,
              35.2389366
            ]
          ],
          [
            [
              -80.883629,
              35.2384067
            ],
            [
              -80.8842757,
              35.2384073
            ]
          ],
          [
            [
              -80.8842757,
              35.2384073
            ],
            [
              -80.8839527,
              35.2381431
            ]
          ],
          [
            [
              -80.8839527,
              35.2381431
            ],
            [
              -80.883629,
              35.2384067
            ]
          ],
          [
            [
              -80.8810418,
              35.238668
            ],
            [
              -80.8807188,
              35.2384039
            ]
          ],
          [
            [
              -80.8807188,
              35.2384039
            ],
            [
              -80.880395,
              35.2386674
            ]
          ],
          [
            [
              -80.880395,
              35.2386674
            ],
            [
              -80.8810418,
              35.238668
            ]
          ],
          [
            [
              -80.885894,
              35.2373534
            ],
            [
              -80.8852473,
              35.2373528
            ]
          ],
          [
            [
              -80.8852473,
              35.2373528
            ],
            [
              -80.8855702,
              35.2376169
            ]
          ],
          [
            [
              -80.8855702,
              35.2376169
            ],
            [
              -80.885894,
              35.2373534
            ]
          ],
          [
            [
              -80.8845968,
              35.2399908
            ],
            [
              -80.8845976,
              35.2394631
            ]
          ],
          [
            [
              -80.8845976,
              35.2394631
            ],
            [
              -80.8842738,
              35.2397266
            ]
          ],
          [
            [
              -80.8842738,
              35.2397266
            ],
            [
              -80.8845968,
              35.2399908
            ]
          ],
          [
            [
              -80.8813601,
              35.2420986
            ],
            [
              -80.8810371,
              35.2418344
            ]
          ],
          [
            [
              -80.8810371,
              35.2418344
            ],
            [
              -80.8807134,
              35.242098
            ]
          ],
          [
            [
              -80.8807134,
              35.242098
            ],
            [
              -80.8813601,
              35.2420986
            ]
          ],
          [
            [
              -80.8855695,
              35.2381447
            ],
            [
              -80.8852465,
              35.2378805
            ]
          ],
          [
            [
              -80.8852465,
              35.2378805
            ],
            [
              -80.8849228,
              35.2381441
            ]
          ],
          [
            [
              -80.8842746,
              35.2391989
            ],
            [
              -80.8839516,
              35.2389347
            ]
          ],
          [
            [
              -80.8839516,
              35.2389347
            ],
            [
              -80.8839508,
              35.2394625
            ]
          ],
          [
            [
              -80.8839508,
              35.2394625
            ],
            [
              -80.8842746,
              35.2391989
            ]
          ],
          [
            [
              -80.8833049,
              35.2389341
            ],
            [
              -80.883629,
              35.2384067
            ]
          ],
          [
            [
              -80.883629,
              35.2384067
            ],
            [
              -80.8833056,
              35.2384064
            ]
          ],
          [
            [
              -80.882983,
              35.2378783
            ],
            [
              -80.8823363,
              35.2378777
            ]
          ],
          [
            [
              -80.8823363,
              35.2378777
            ],
            [
              -80.8829827,
              35.2381422
            ]
          ],
          [
            [
              -80.8829827,
              35.2381422
            ],
            [
              -80.882983,
              35.2378783
            ]
          ],
          [
            [
              -80.8826601,
              35.2376141
            ],
            [
              -80.8823363,
              35.2378777
            ]
          ],
          [
            [
              -80.882983,
              35.2378783
            ],
            [
              -80.8826601,
              35.2376141
            ]
          ],
          [
            [
              -80.880718,
              35.2389316
            ],
            [
              -80.8810418,
              35.238668
            ]
          ],
          [
            [
              -80.880395,
              35.2386674
            ],
            [
              -80.880718,
              35.2389316
            ]
          ],
          [
            [
              -80.8845994,
              35.2381437
            ],
            [
              -80.8849232,
              35.2378802
            ]
          ],
          [
            [
              -80.8849232,
              35.2378802
            ],
            [
              -80.8842765,
              35.2378796
            ]
          ],
          [
            [
              -80.8842765,
              35.2378796
            ],
            [
              -80.8845994,
              35.2381437
            ]
          ],
          [
            [
              -80.8829792,
              35.240517
            ],
            [
              -80.883303,
              35.2402534
            ]
          ],
          [
            [
              -80.883303,
              35.2402534
            ],
            [
              -80.8829796,
              35.2402531
            ]
          ],
          [
            [
              -80.8829796,
              35.2402531
            ],
            [
              -80.8829792,
              35.240517
            ]
          ],
          [
            [
              -80.8816839,
              35.2418351
            ],
            [
              -80.8816846,
              35.2413073
            ]
          ],
          [
            [
              -80.8816846,
              35.2413073
            ],
            [
              -80.8813609,
              35.2415709
            ]
          ],
          [
            [
              -80.8813609,
              35.2415709
            ],
            [
              -80.8816839,
              35.2418351
            ]
          ],
          [
            [
              -80.8816888,
              35.2384048
            ],
            [
              -80.8810421,
              35.2384042
            ]
          ],
          [
            [
              -80.8810421,
              35.2384042
            ],
            [
              -80.8813651,
              35.2386684
            ]
          ],
          [
            [
              -80.8813651,
              35.2386684
            ],
            [
              -80.8816888,
              35.2384048
            ]
          ],
          [
            [
              -80.8820099,
              35.2399883
            ],
            [
              -80.8823329,
              35.2402525
            ]
          ],
          [
            [
              -80.8826566,
              35.239989
            ],
            [
              -80.8820099,
              35.2399883
            ]
          ],
          [
            [
              -80.881364,
              35.23946
            ],
            [
              -80.8810402,
              35.2397235
            ]
          ],
          [
            [
              -80.8813632,
              35.2399877
            ],
            [
              -80.881364,
              35.23946
            ]
          ],
          [
            [
              -80.8807149,
              35.2410425
            ],
            [
              -80.8810387,
              35.240779
            ]
          ],
          [
            [
              -80.8810387,
              35.240779
            ],
            [
              -80.8807157,
              35.2405148
            ]
          ],
          [
            [
              -80.8807157,
              35.2405148
            ],
            [
              -80.8807149,
              35.2410425
            ]
          ],
          [
            [
              -80.8803915,
              35.2410422
            ],
            [
              -80.8800686,
              35.240778
            ]
          ],
          [
            [
              -80.8800686,
              35.240778
            ],
            [
              -80.8800678,
              35.2413058
            ]
          ],
          [
            [
              -80.8800678,
              35.2413058
            ],
            [
              -80.8803915,
              35.2410422
            ]
          ],
          [
            [
              -80.8810414,
              35.2389319
            ],
            [
              -80.8807176,
              35.2391955
            ]
          ],
          [
            [
              -80.8807176,
              35.2391955
            ],
            [
              -80.8810406,
              35.2394596
            ]
          ],
          [
            [
              -80.8855684,
              35.2389363
            ],
            [
              -80.8852447,
              35.2391998
            ]
          ],
          [
            [
              -80.8852447,
              35.2391998
            ],
            [
              -80.885568,
              35.2392001
            ]
          ],
          [
            [
              -80.885568,
              35.2392001
            ],
            [
              -80.8855684,
              35.2389363
            ]
          ],
          [
            [
              -80.8826544,
              35.2415722
            ],
            [
              -80.8823306,
              35.2418357
            ]
          ],
          [
            [
              -80.8823306,
              35.2418357
            ],
            [
              -80.882654,
              35.241836
            ]
          ],
          [
            [
              -80.882654,
              35.241836
            ],
            [
              -80.8826544,
              35.2415722
            ]
          ],
          [
            [
              -80.8836279,
              35.2391983
            ],
            [
              -80.8839516,
              35.2389347
            ]
          ],
          [
            [
              -80.8839516,
              35.2389347
            ],
            [
              -80.8836282,
              35.2389344
            ]
          ],
          [
            [
              -80.8836282,
              35.2389344
            ],
            [
              -80.8836279,
              35.2391983
            ]
          ],
          [
            [
              -80.884922,
              35.2386718
            ],
            [
              -80.8855684,
              35.2389363
            ]
          ],
          [
            [
              -80.8807199,
              35.2376122
            ],
            [
              -80.8810437,
              35.2373487
            ]
          ],
          [
            [
              -80.8810437,
              35.2373487
            ],
            [
              -80.880397,
              35.2373481
            ]
          ],
          [
            [
              -80.880397,
              35.2373481
            ],
            [
              -80.8807199,
              35.2376122
            ]
          ],
          [
            [
              -80.8836294,
              35.2381428
            ],
            [
              -80.8839531,
              35.2378793
            ]
          ],
          [
            [
              -80.8839531,
              35.2378793
            ],
            [
              -80.8833064,
              35.2378786
            ]
          ],
          [
            [
              -80.8833064,
              35.2378786
            ],
            [
              -80.8836294,
              35.2381428
            ]
          ],
          [
            [
              -80.8846002,
              35.237616
            ],
            [
              -80.8842765,
              35.2378796
            ]
          ],
          [
            [
              -80.880395,
              35.2386674
            ],
            [
              -80.8800725,
              35.2381393
            ]
          ],
          [
            [
              -80.8800725,
              35.2381393
            ],
            [
              -80.8800713,
              35.2389309
            ]
          ],
          [
            [
              -80.8800713,
              35.2389309
            ],
            [
              -80.880395,
              35.2386674
            ]
          ],
          [
            [
              -80.8826551,
              35.2410444
            ],
            [
              -80.8829789,
              35.2407809
            ]
          ],
          [
            [
              -80.8829789,
              35.2407809
            ],
            [
              -80.8826555,
              35.2407806
            ]
          ],
          [
            [
              -80.8826555,
              35.2407806
            ],
            [
              -80.8826551,
              35.2410444
            ]
          ],
          [
            [
              -80.8803908,
              35.2415699
            ],
            [
              -80.8807145,
              35.2413064
            ]
          ],
          [
            [
              -80.8807145,
              35.2413064
            ],
            [
              -80.8803912,
              35.2413061
            ]
          ],
          [
            [
              -80.8803912,
              35.2413061
            ],
            [
              -80.8803908,
              35.2415699
            ]
          ],
          [
            [
              -80.8833064,
              35.2378786
            ],
            [
              -80.8839535,
              35.2376154
            ]
          ],
          [
            [
              -80.8839535,
              35.2376154
            ],
            [
              -80.8836305,
              35.2373512
            ]
          ],
          [
            [
              -80.8858936,
              35.2376172
            ],
            [
              -80.8855702,
              35.2376169
            ]
          ],
          [
            [
              -80.8855702,
              35.2376169
            ],
            [
              -80.8858932,
              35.2378811
            ]
          ],
          [
            [
              -80.8858932,
              35.2378811
            ],
            [
              -80.8858936,
              35.2376172
            ]
          ],
          [
            [
              -80.880718,
              35.2389316
            ],
            [
              -80.8810414,
              35.2389319
            ]
          ],
          [
            [
              -80.8810414,
              35.2389319
            ],
            [
              -80.8810418,
              35.238668
            ]
          ],
          [
            [
              -80.8800728,
              35.2378755
            ],
            [
              -80.8803958,
              35.2381397
            ]
          ],
          [
            [
              -80.8803958,
              35.2381397
            ],
            [
              -80.8803962,
              35.2378758
            ]
          ],
          [
            [
              -80.8803962,
              35.2378758
            ],
            [
              -80.8800728,
              35.2378755
            ]
          ],
          [
            [
              -80.8855654,
              35.2410472
            ],
            [
              -80.8855651,
              35.2413111
            ]
          ],
          [
            [
              -80.8855651,
              35.2413111
            ],
            [
              -80.8858884,
              35.2413114
            ]
          ],
          [
            [
              -80.8849206,
              35.2397273
            ],
            [
              -80.8845976,
              35.2394631
            ]
          ],
          [
            [
              -80.8845968,
              35.2399908
            ],
            [
              -80.8849206,
              35.2397273
            ]
          ],
          [
            [
              -80.8852409,
              35.2418385
            ],
            [
              -80.8852413,
              35.2415746
            ]
          ],
          [
            [
              -80.8852413,
              35.2415746
            ],
            [
              -80.8849179,
              35.2415743
            ]
          ],
          [
            [
              -80.881685,
              35.2410435
            ],
            [
              -80.8823318,
              35.2410441
            ]
          ],
          [
            [
              -80.8823318,
              35.2410441
            ],
            [
              -80.8820088,
              35.2407799
            ]
          ],
          [
            [
              -80.8820088,
              35.2407799
            ],
            [
              -80.881685,
              35.2410435
            ]
          ],
          [
            [
              -80.8813647,
              35.2389322
            ],
            [
              -80.881364,
              35.23946
            ]
          ],
          [
            [
              -80.881364,
              35.23946
            ],
            [
              -80.8816877,
              35.2391964
            ]
          ],
          [
            [
              -80.8816877,
              35.2391964
            ],
            [
              -80.8813647,
              35.2389322
            ]
          ],
          [
            [
              -80.8803935,
              35.2397229
            ],
            [
              -80.8807165,
              35.2399871
            ]
          ],
          [
            [
              -80.8813632,
              35.2399877
            ],
            [
              -80.8816869,
              35.2397241
            ]
          ],
          [
            [
              -80.8816869,
              35.2397241
            ],
            [
              -80.881364,
              35.23946
            ]
          ],
          [
            [
              -80.8849217,
              35.2389357
            ],
            [
              -80.8855684,
              35.2389363
            ]
          ],
          [
            [
              -80.884922,
              35.2386718
            ],
            [
              -80.8849217,
              35.2389357
            ]
          ],
          [
            [
              -80.8829823,
              35.2384061
            ],
            [
              -80.8829827,
              35.2381422
            ]
          ],
          [
            [
              -80.8829827,
              35.2381422
            ],
            [
              -80.8823359,
              35.2381416
            ]
          ],
          [
            [
              -80.8810383,
              35.2410428
            ],
            [
              -80.8810375,
              35.2415706
            ]
          ],
          [
            [
              -80.8810375,
              35.2415706
            ],
            [
              -80.8813613,
              35.241307
            ]
          ],
          [
            [
              -80.8813613,
              35.241307
            ],
            [
              -80.8810383,
              35.2410428
            ]
          ],
          [
            [
              -80.8800701,
              35.2397226
            ],
            [
              -80.8803935,
              35.2397229
            ]
          ],
          [
            [
              -80.8803935,
              35.2397229
            ],
            [
              -80.8800705,
              35.2394587
            ]
          ],
          [
            [
              -80.8800705,
              35.2394587
            ],
            [
              -80.8800701,
              35.2397226
            ]
          ],
          [
            [
              -80.8833049,
              35.2389341
            ],
            [
              -80.8836282,
              35.2389344
            ]
          ],
          [
            [
              -80.8836282,
              35.2389344
            ],
            [
              -80.883629,
              35.2384067
            ]
          ],
          [
            [
              -80.8858929,
              35.238145
            ],
            [
              -80.8855695,
              35.2381447
            ]
          ],
          [
            [
              -80.8855695,
              35.2381447
            ],
            [
              -80.8858925,
              35.2384088
            ]
          ],
          [
            [
              -80.8858925,
              35.2384088
            ],
            [
              -80.8858929,
              35.238145
            ]
          ],
          [
            [
              -80.8807157,
              35.2405148
            ],
            [
              -80.8803919,
              35.2407783
            ]
          ],
          [
            [
              -80.8803919,
              35.2407783
            ],
            [
              -80.8807149,
              35.2410425
            ]
          ],
          [
            [
              -80.8823352,
              35.2386693
            ],
            [
              -80.8820122,
              35.2384051
            ]
          ],
          [
            [
              -80.8820122,
              35.2384051
            ],
            [
              -80.8820118,
              35.238669
            ]
          ],
          [
            [
              -80.8820118,
              35.238669
            ],
            [
              -80.8823352,
              35.2386693
            ]
          ],
          [
            [
              -80.8849187,
              35.2410466
            ],
            [
              -80.8845953,
              35.2410463
            ]
          ],
          [
            [
              -80.8845953,
              35.2410463
            ],
            [
              -80.8849183,
              35.2413105
            ]
          ],
          [
            [
              -80.8849183,
              35.2413105
            ],
            [
              -80.8849187,
              35.2410466
            ]
          ],
          [
            [
              -80.8845957,
              35.2407824
            ],
            [
              -80.8849194,
              35.2405189
            ]
          ],
          [
            [
              -80.8849194,
              35.2405189
            ],
            [
              -80.8845961,
              35.2405186
            ]
          ],
          [
            [
              -80.8845961,
              35.2405186
            ],
            [
              -80.8845957,
              35.2407824
            ]
          ],
          [
            [
              -80.8826559,
              35.2405167
            ],
            [
              -80.8823325,
              35.2405164
            ]
          ],
          [
            [
              -80.8823325,
              35.2405164
            ],
            [
              -80.8823321,
              35.2407802
            ]
          ],
          [
            [
              -80.8823321,
              35.2407802
            ],
            [
              -80.8826559,
              35.2405167
            ]
          ],
          [
            [
              -80.8810383,
              35.2410428
            ],
            [
              -80.881362,
              35.2407793
            ]
          ],
          [
            [
              -80.881362,
              35.2407793
            ],
            [
              -80.8810387,
              35.240779
            ]
          ],
          [
            [
              -80.8810387,
              35.240779
            ],
            [
              -80.8810383,
              35.2410428
            ]
          ],
          [
            [
              -80.8826551,
              35.2410444
            ],
            [
              -80.8829785,
              35.2410447
            ]
          ],
          [
            [
              -80.8829785,
              35.2410447
            ],
            [
              -80.8829789,
              35.2407809
            ]
          ],
          [
            [
              -80.8839493,
              35.2405179
            ],
            [
              -80.8836256,
              35.2407815
            ]
          ],
          [
            [
              -80.8836256,
              35.2407815
            ],
            [
              -80.883949,
              35.2407818
            ]
          ],
          [
            [
              -80.883949,
              35.2407818
            ],
            [
              -80.8839493,
              35.2405179
            ]
          ],
          [
            [
              -80.8829781,
              35.2413086
            ],
            [
              -80.8833019,
              35.2410451
            ]
          ],
          [
            [
              -80.8833019,
              35.2410451
            ],
            [
              -80.8829785,
              35.2410447
            ]
          ],
          [
            [
              -80.8829785,
              35.2410447
            ],
            [
              -80.8829781,
              35.2413086
            ]
          ],
          [
            [
              -80.8820114,
              35.2389329
            ],
            [
              -80.8816885,
              35.2386687
            ]
          ],
          [
            [
              -80.8816885,
              35.2386687
            ],
            [
              -80.8816877,
              35.2391964
            ]
          ],
          [
            [
              -80.8816877,
              35.2391964
            ],
            [
              -80.8820114,
              35.2389329
            ]
          ],
          [
            [
              -80.8813632,
              35.2399877
            ],
            [
              -80.8816865,
              35.239988
            ]
          ],
          [
            [
              -80.8816865,
              35.239988
            ],
            [
              -80.8816869,
              35.2397241
            ]
          ],
          [
            [
              -80.880067,
              35.2418335
            ],
            [
              -80.8803904,
              35.2418338
            ]
          ],
          [
            [
              -80.8803904,
              35.2418338
            ],
            [
              -80.8803908,
              35.2415699
            ]
          ],
          [
            [
              -80.881685,
              35.2410435
            ],
            [
              -80.882008,
              35.2413077
            ]
          ],
          [
            [
              -80.882008,
              35.2413077
            ],
            [
              -80.8823318,
              35.2410441
            ]
          ],
          [
            [
              -80.8823356,
              35.2384054
            ],
            [
              -80.8823352,
              35.2386693
            ]
          ],
          [
            [
              -80.8823352,
              35.2386693
            ],
            [
              -80.8826585,
              35.2386696
            ]
          ],
          [
            [
              -80.8807145,
              35.2413064
            ],
            [
              -80.8810375,
              35.2415706
            ]
          ],
          [
            [
              -80.8810383,
              35.2410428
            ],
            [
              -80.8807145,
              35.2413064
            ]
          ],
          [
            [
              -80.8858917,
              35.2389366
            ],
            [
              -80.8858925,
              35.2384088
            ]
          ],
          [
            [
              -80.8858925,
              35.2384088
            ],
            [
              -80.8855691,
              35.2384085
            ]
          ],
          [
            [
              -80.8807196,
              35.2378761
            ],
            [
              -80.8803958,
              35.2381397
            ]
          ],
          [
            [
              -80.8803958,
              35.2381397
            ],
            [
              -80.8807192,
              35.23814
            ]
          ],
          [
            [
              -80.8807192,
              35.23814
            ],
            [
              -80.8807196,
              35.2378761
            ]
          ],
          [
            [
              -80.8852428,
              35.2405192
            ],
            [
              -80.8849198,
              35.240255
            ]
          ],
          [
            [
              -80.8849198,
              35.240255
            ],
            [
              -80.8849194,
              35.2405189
            ]
          ],
          [
            [
              -80.8849194,
              35.2405189
            ],
            [
              -80.8852428,
              35.2405192
            ]
          ],
          [
            [
              -80.88298,
              35.2399893
            ],
            [
              -80.883303,
              35.2402534
            ]
          ],
          [
            [
              -80.883303,
              35.2402534
            ],
            [
              -80.8833034,
              35.2399896
            ]
          ],
          [
            [
              -80.8833034,
              35.2399896
            ],
            [
              -80.88298,
              35.2399893
            ]
          ],
          [
            [
              -80.8849239,
              35.2373524
            ],
            [
              -80.8852469,
              35.2376166
            ]
          ],
          [
            [
              -80.8852469,
              35.2376166
            ],
            [
              -80.8852473,
              35.2373528
            ]
          ],
          [
            [
              -80.8852473,
              35.2373528
            ],
            [
              -80.8849239,
              35.2373524
            ]
          ],
          [
            [
              -80.8849206,
              35.2397273
            ],
            [
              -80.8852435,
              35.2399914
            ]
          ],
          [
            [
              -80.8852435,
              35.2399914
            ],
            [
              -80.8852439,
              35.2397276
            ]
          ],
          [
            [
              -80.8852439,
              35.2397276
            ],
            [
              -80.8849206,
              35.2397273
            ]
          ],
          [
            [
              -80.8803927,
              35.2402506
            ],
            [
              -80.8800693,
              35.2402503
            ]
          ],
          [
            [
              -80.8800693,
              35.2402503
            ],
            [
              -80.880069,
              35.2405142
            ]
          ],
          [
            [
              -80.880069,
              35.2405142
            ],
            [
              -80.8803927,
              35.2402506
            ]
          ],
          [
            [
              -80.882657,
              35.2397251
            ],
            [
              -80.88298,
              35.2399893
            ]
          ],
          [
            [
              -80.88298,
              35.2399893
            ],
            [
              -80.8829804,
              35.2397254
            ]
          ],
          [
            [
              -80.8829804,
              35.2397254
            ],
            [
              -80.882657,
              35.2397251
            ]
          ],
          [
            [
              -80.8816869,
              35.2397241
            ],
            [
              -80.8816873,
              35.2394603
            ]
          ],
          [
            [
              -80.8816873,
              35.2394603
            ],
            [
              -80.881364,
              35.23946
            ]
          ],
          [
            [
              -80.8816885,
              35.2386687
            ],
            [
              -80.8813647,
              35.2389322
            ]
          ],
          [
            [
              -80.8858903,
              35.239992
            ],
            [
              -80.8855673,
              35.2397279
            ]
          ],
          [
            [
              -80.8855673,
              35.2397279
            ],
            [
              -80.8855669,
              35.2399917
            ]
          ],
          [
            [
              -80.8855669,
              35.2399917
            ],
            [
              -80.8858903,
              35.239992
            ]
          ],
          [
            [
              -80.8826566,
              35.239989
            ],
            [
              -80.8823337,
              35.2397248
            ]
          ],
          [
            [
              -80.8823337,
              35.2397248
            ],
            [
              -80.8820099,
              35.2399883
            ]
          ],
          [
            [
              -80.8842716,
              35.2413098
            ],
            [
              -80.8839478,
              35.2415734
            ]
          ],
          [
            [
              -80.8839478,
              35.2415734
            ],
            [
              -80.8842712,
              35.2415737
            ]
          ],
          [
            [
              -80.8842712,
              35.2415737
            ],
            [
              -80.8842716,
              35.2413098
            ]
          ],
          [
            [
              -80.8816888,
              35.2384048
            ],
            [
              -80.8813659,
              35.2381406
            ]
          ],
          [
            [
              -80.8813659,
              35.2381406
            ],
            [
              -80.8810421,
              35.2384042
            ]
          ],
          [
            [
              -80.8836279,
              35.2391983
            ],
            [
              -80.8833049,
              35.2389341
            ]
          ],
          [
            [
              -80.8833049,
              35.2389341
            ],
            [
              -80.8833045,
              35.239198
            ]
          ],
          [
            [
              -80.8833045,
              35.239198
            ],
            [
              -80.8836279,
              35.2391983
            ]
          ],
          [
            [
              -80.880395,
              35.2386674
            ],
            [
              -80.8803958,
              35.2381397
            ]
          ],
          [
            [
              -80.8803958,
              35.2381397
            ],
            [
              -80.8800725,
              35.2381393
            ]
          ],
          [
            [
              -80.8807188,
              35.2384039
            ],
            [
              -80.8803958,
              35.2381397
            ]
          ],
          [
            [
              -80.8800701,
              35.2397226
            ],
            [
              -80.8800697,
              35.2399864
            ]
          ],
          [
            [
              -80.8800697,
              35.2399864
            ],
            [
              -80.8803935,
              35.2397229
            ]
          ],
          [
            [
              -80.8858914,
              35.2392004
            ],
            [
              -80.8855684,
              35.2389363
            ]
          ],
          [
            [
              -80.885568,
              35.2392001
            ],
            [
              -80.8858914,
              35.2392004
            ]
          ],
          [
            [
              -80.8807145,
              35.2413064
            ],
            [
              -80.8803915,
              35.2410422
            ]
          ],
          [
            [
              -80.8803915,
              35.2410422
            ],
            [
              -80.8803912,
              35.2413061
            ]
          ],
          [
            [
              -80.8820134,
              35.2376135
            ],
            [
              -80.8820137,
              35.2373496
            ]
          ],
          [
            [
              -80.8820137,
              35.2373496
            ],
            [
              -80.8816904,
              35.2373493
            ]
          ],
          [
            [
              -80.8816904,
              35.2373493
            ],
            [
              -80.8820134,
              35.2376135
            ]
          ],
          [
            [
              -80.8845964,
              35.2402547
            ],
            [
              -80.8849194,
              35.2405189
            ]
          ],
          [
            [
              -80.8849198,
              35.240255
            ],
            [
              -80.8845964,
              35.2402547
            ]
          ],
          [
            [
              -80.8839531,
              35.2378793
            ],
            [
              -80.8839535,
              35.2376154
            ]
          ],
          [
            [
              -80.8842768,
              35.2376157
            ],
            [
              -80.8846006,
              35.2373521
            ]
          ],
          [
            [
              -80.8846006,
              35.2373521
            ],
            [
              -80.8839538,
              35.2373515
            ]
          ],
          [
            [
              -80.8839538,
              35.2373515
            ],
            [
              -80.8842768,
              35.2376157
            ]
          ],
          [
            [
              -80.8858936,
              35.2376172
            ],
            [
              -80.885894,
              35.2373534
            ]
          ],
          [
            [
              -80.8855647,
              35.2415749
            ],
            [
              -80.885888,
              35.2415753
            ]
          ],
          [
            [
              -80.885888,
              35.2415753
            ],
            [
              -80.8858884,
              35.2413114
            ]
          ],
          [
            [
              -80.8858884,
              35.2413114
            ],
            [
              -80.8855647,
              35.2415749
            ]
          ],
          [
            [
              -80.8800697,
              35.2399864
            ],
            [
              -80.8803927,
              35.2402506
            ]
          ],
          [
            [
              -80.8803927,
              35.2402506
            ],
            [
              -80.8803931,
              35.2399867
            ]
          ],
          [
            [
              -80.8803931,
              35.2399867
            ],
            [
              -80.8800697,
              35.2399864
            ]
          ],
          [
            [
              -80.8807165,
              35.2399871
            ],
            [
              -80.8807161,
              35.2402509
            ]
          ],
          [
            [
              -80.8807161,
              35.2402509
            ],
            [
              -80.8810394,
              35.2402512
            ]
          ],
          [
            [
              -80.8807196,
              35.2378761
            ],
            [
              -80.8803966,
              35.2376119
            ]
          ],
          [
            [
              -80.8803966,
              35.2376119
            ],
            [
              -80.8803962,
              35.2378758
            ]
          ],
          [
            [
              -80.8803962,
              35.2378758
            ],
            [
              -80.8807196,
              35.2378761
            ]
          ],
          [
            [
              -80.8813666,
              35.2376129
            ],
            [
              -80.8816896,
              35.2378771
            ]
          ],
          [
            [
              -80.8816896,
              35.2378771
            ],
            [
              -80.88169,
              35.2376132
            ]
          ],
          [
            [
              -80.88169,
              35.2376132
            ],
            [
              -80.8813666,
              35.2376129
            ]
          ],
          [
            [
              -80.8810425,
              35.2381403
            ],
            [
              -80.8807196,
              35.2378761
            ]
          ],
          [
            [
              -80.8807192,
              35.23814
            ],
            [
              -80.8810425,
              35.2381403
            ]
          ],
          [
            [
              -80.8823306,
              35.2418357
            ],
            [
              -80.8826536,
              35.2420999
            ]
          ],
          [
            [
              -80.8826536,
              35.2420999
            ],
            [
              -80.882654,
              35.241836
            ]
          ],
          [
            [
              -80.8826559,
              35.2405167
            ],
            [
              -80.8829796,
              35.2402531
            ]
          ],
          [
            [
              -80.8829796,
              35.2402531
            ],
            [
              -80.8826566,
              35.239989
            ]
          ],
          [
            [
              -80.8858899,
              35.2402559
            ],
            [
              -80.8855665,
              35.2402556
            ]
          ],
          [
            [
              -80.8855665,
              35.2402556
            ],
            [
              -80.8858895,
              35.2405198
            ]
          ],
          [
            [
              -80.8858895,
              35.2405198
            ],
            [
              -80.8858899,
              35.2402559
            ]
          ],
          [
            [
              -80.8852435,
              35.2399914
            ],
            [
              -80.8855673,
              35.2397279
            ]
          ],
          [
            [
              -80.8855673,
              35.2397279
            ],
            [
              -80.8852439,
              35.2397276
            ]
          ],
          [
            [
              -80.8858929,
              35.238145
            ],
            [
              -80.8858932,
              35.2378811
            ]
          ],
          [
            [
              -80.8858932,
              35.2378811
            ],
            [
              -80.8855695,
              35.2381447
            ]
          ],
          [
            [
              -80.8803966,
              35.2376119
            ],
            [
              -80.8800732,
              35.2376116
            ]
          ],
          [
            [
              -80.8800732,
              35.2376116
            ],
            [
              -80.8800728,
              35.2378755
            ]
          ],
          [
            [
              -80.8800728,
              35.2378755
            ],
            [
              -80.8803966,
              35.2376119
            ]
          ],
          [
            [
              -80.8858899,
              35.2402559
            ],
            [
              -80.8858903,
              35.239992
            ]
          ],
          [
            [
              -80.8858903,
              35.239992
            ],
            [
              -80.8855665,
              35.2402556
            ]
          ],
          [
            [
              -80.8816858,
              35.2405157
            ],
            [
              -80.8816854,
              35.2407796
            ]
          ],
          [
            [
              -80.8816854,
              35.2407796
            ],
            [
              -80.8820088,
              35.2407799
            ]
          ],
          [
            [
              -80.8823363,
              35.2378777
            ],
            [
              -80.8823359,
              35.2381416
            ]
          ],
          [
            [
              -80.88039,
              35.2420977
            ],
            [
              -80.8803904,
              35.2418338
            ]
          ],
          [
            [
              -80.8803904,
              35.2418338
            ],
            [
              -80.8800666,
              35.2420974
            ]
          ],
          [
            [
              -80.8800666,
              35.2420974
            ],
            [
              -80.88039,
              35.2420977
            ]
          ],
          [
            [
              -80.8842753,
              35.2386712
            ],
            [
              -80.883629,
              35.2384067
            ]
          ],
          [
            [
              -80.883629,
              35.2384067
            ],
            [
              -80.8839516,
              35.2389347
            ]
          ],
          [
            [
              -80.8839516,
              35.2389347
            ],
            [
              -80.8842753,
              35.2386712
            ]
          ],
          [
            [
              -80.8849191,
              35.2407827
            ],
            [
              -80.8852428,
              35.2405192
            ]
          ],
          [
            [
              -80.8849194,
              35.2405189
            ],
            [
              -80.8849191,
              35.2407827
            ]
          ],
          [
            [
              -80.8836279,
              35.2391983
            ],
            [
              -80.8839508,
              35.2394625
            ]
          ],
          [
            [
              -80.8845942,
              35.2418379
            ],
            [
              -80.8842705,
              35.2421015
            ]
          ],
          [
            [
              -80.8842705,
              35.2421015
            ],
            [
              -80.8849172,
              35.2421021
            ]
          ],
          [
            [
              -80.8849217,
              35.2389357
            ],
            [
              -80.8852447,
              35.2391998
            ]
          ],
          [
            [
              -80.8858906,
              35.2397282
            ],
            [
              -80.8855673,
              35.2397279
            ]
          ],
          [
            [
              -80.8858903,
              35.239992
            ],
            [
              -80.8858906,
              35.2397282
            ]
          ],
          [
            [
              -80.8849232,
              35.2378802
            ],
            [
              -80.8852469,
              35.2376166
            ]
          ],
          [
            [
              -80.8852432,
              35.2402553
            ],
            [
              -80.8849198,
              35.240255
            ]
          ],
          [
            [
              -80.8852428,
              35.2405192
            ],
            [
              -80.8852432,
              35.2402553
            ]
          ],
          [
            [
              -80.883626,
              35.2405176
            ],
            [
              -80.8839497,
              35.2402541
            ]
          ],
          [
            [
              -80.8839497,
              35.2402541
            ],
            [
              -80.8836264,
              35.2402538
            ]
          ],
          [
            [
              -80.8836264,
              35.2402538
            ],
            [
              -80.883626,
              35.2405176
            ]
          ],
          [
            [
              -80.8845976,
              35.2394631
            ],
            [
              -80.8842746,
              35.2391989
            ]
          ],
          [
            [
              -80.8842746,
              35.2391989
            ],
            [
              -80.8842742,
              35.2394628
            ]
          ],
          [
            [
              -80.8842742,
              35.2394628
            ],
            [
              -80.8845976,
              35.2394631
            ]
          ],
          [
            [
              -80.8823321,
              35.2407802
            ],
            [
              -80.8826551,
              35.2410444
            ]
          ],
          [
            [
              -80.8826555,
              35.2407806
            ],
            [
              -80.8823321,
              35.2407802
            ]
          ],
          [
            [
              -80.8813647,
              35.2389322
            ],
            [
              -80.8810414,
              35.2389319
            ]
          ],
          [
            [
              -80.8852424,
              35.240783
            ],
            [
              -80.8855654,
              35.2410472
            ]
          ],
          [
            [
              -80.8855654,
              35.2410472
            ],
            [
              -80.8855658,
              35.2407833
            ]
          ],
          [
            [
              -80.8855658,
              35.2407833
            ],
            [
              -80.8852424,
              35.240783
            ]
          ],
          [
            [
              -80.8852413,
              35.2415746
            ],
            [
              -80.8855647,
              35.2415749
            ]
          ],
          [
            [
              -80.8855647,
              35.2415749
            ],
            [
              -80.8855651,
              35.2413111
            ]
          ],
          [
            [
              -80.880067,
              35.2418335
            ],
            [
              -80.8800666,
              35.2420974
            ]
          ],
          [
            [
              -80.8820122,
              35.2384051
            ],
            [
              -80.8816885,
              35.2386687
            ]
          ],
          [
            [
              -80.8816885,
              35.2386687
            ],
            [
              -80.8820118,
              35.238669
            ]
          ],
          [
            [
              -80.8852435,
              35.2399914
            ],
            [
              -80.8855669,
              35.2399917
            ]
          ],
          [
            [
              -80.8810371,
              35.2418344
            ],
            [
              -80.8807141,
              35.2415703
            ]
          ],
          [
            [
              -80.8807141,
              35.2415703
            ],
            [
              -80.8807138,
              35.2418341
            ]
          ],
          [
            [
              -80.8807138,
              35.2418341
            ],
            [
              -80.8810371,
              35.2418344
            ]
          ],
          [
            [
              -80.8836237,
              35.2421008
            ],
            [
              -80.8839475,
              35.2418373
            ]
          ],
          [
            [
              -80.8839475,
              35.2418373
            ],
            [
              -80.8836241,
              35.241837
            ]
          ],
          [
            [
              -80.8836241,
              35.241837
            ],
            [
              -80.8836237,
              35.2421008
            ]
          ],
          [
            [
              -80.881362,
              35.2407793
            ],
            [
              -80.881685,
              35.2410435
            ]
          ],
          [
            [
              -80.881685,
              35.2410435
            ],
            [
              -80.8816854,
              35.2407796
            ]
          ],
          [
            [
              -80.8816854,
              35.2407796
            ],
            [
              -80.881362,
              35.2407793
            ]
          ],
          [
            [
              -80.8813605,
              35.2418348
            ],
            [
              -80.8813601,
              35.2420986
            ]
          ],
          [
            [
              -80.8813601,
              35.2420986
            ],
            [
              -80.8816835,
              35.242099
            ]
          ],
          [
            [
              -80.8816835,
              35.242099
            ],
            [
              -80.8813605,
              35.2418348
            ]
          ],
          [
            [
              -80.8852447,
              35.2391998
            ],
            [
              -80.8852443,
              35.2394637
            ]
          ],
          [
            [
              -80.8852443,
              35.2394637
            ],
            [
              -80.8855676,
              35.239464
            ]
          ],
          [
            [
              -80.8855676,
              35.239464
            ],
            [
              -80.8852447,
              35.2391998
            ]
          ],
          [
            [
              -80.8816835,
              35.242099
            ],
            [
              -80.8816839,
              35.2418351
            ]
          ],
          [
            [
              -80.8816839,
              35.2418351
            ],
            [
              -80.8813605,
              35.2418348
            ]
          ],
          [
            [
              -80.8816904,
              35.2373493
            ],
            [
              -80.881367,
              35.237349
            ]
          ],
          [
            [
              -80.881367,
              35.237349
            ],
            [
              -80.8813666,
              35.2376129
            ]
          ],
          [
            [
              -80.8813666,
              35.2376129
            ],
            [
              -80.8816904,
              35.2373493
            ]
          ],
          [
            [
              -80.8816858,
              35.2405157
            ],
            [
              -80.8813628,
              35.2402516
            ]
          ],
          [
            [
              -80.8813628,
              35.2402516
            ],
            [
              -80.8813624,
              35.2405154
            ]
          ],
          [
            [
              -80.8813624,
              35.2405154
            ],
            [
              -80.8816858,
              35.2405157
            ]
          ],
          [
            [
              -80.8842727,
              35.2405182
            ],
            [
              -80.8839497,
              35.2402541
            ]
          ],
          [
            [
              -80.8839497,
              35.2402541
            ],
            [
              -80.8839493,
              35.2405179
            ]
          ],
          [
            [
              -80.8839493,
              35.2405179
            ],
            [
              -80.8842727,
              35.2405182
            ]
          ],
          [
            [
              -80.8807149,
              35.2410425
            ],
            [
              -80.8810383,
              35.2410428
            ]
          ],
          [
            [
              -80.8810402,
              35.2397235
            ],
            [
              -80.8810406,
              35.2394596
            ]
          ],
          [
            [
              -80.8810406,
              35.2394596
            ],
            [
              -80.8807172,
              35.2394593
            ]
          ],
          [
            [
              -80.8833041,
              35.2394618
            ],
            [
              -80.8829811,
              35.2391977
            ]
          ],
          [
            [
              -80.8829811,
              35.2391977
            ],
            [
              -80.8829808,
              35.2394615
            ]
          ],
          [
            [
              -80.8829808,
              35.2394615
            ],
            [
              -80.8833041,
              35.2394618
            ]
          ],
          [
            [
              -80.8842735,
              35.2399905
            ],
            [
              -80.8845964,
              35.2402547
            ]
          ],
          [
            [
              -80.8845964,
              35.2402547
            ],
            [
              -80.8845968,
              35.2399908
            ]
          ],
          [
            [
              -80.8845968,
              35.2399908
            ],
            [
              -80.8842735,
              35.2399905
            ]
          ],
          [
            [
              -80.8826585,
              35.2386696
            ],
            [
              -80.8829819,
              35.2386699
            ]
          ],
          [
            [
              -80.8829819,
              35.2386699
            ],
            [
              -80.8829823,
              35.2384061
            ]
          ],
          [
            [
              -80.8852428,
              35.2405192
            ],
            [
              -80.8855665,
              35.2402556
            ]
          ],
          [
            [
              -80.8855665,
              35.2402556
            ],
            [
              -80.8852432,
              35.2402553
            ]
          ],
          [
            [
              -80.8833015,
              35.2413089
            ],
            [
              -80.8829777,
              35.2415725
            ]
          ],
          [
            [
              -80.8829777,
              35.2415725
            ],
            [
              -80.8833011,
              35.2415728
            ]
          ],
          [
            [
              -80.8833011,
              35.2415728
            ],
            [
              -80.8833015,
              35.2413089
            ]
          ],
          [
            [
              -80.8803904,
              35.2418338
            ],
            [
              -80.8807134,
              35.242098
            ]
          ],
          [
            [
              -80.8807134,
              35.242098
            ],
            [
              -80.8807138,
              35.2418341
            ]
          ],
          [
            [
              -80.8807138,
              35.2418341
            ],
            [
              -80.8803904,
              35.2418338
            ]
          ],
          [
            [
              -80.8833037,
              35.2397257
            ],
            [
              -80.8836267,
              35.2399899
            ]
          ],
          [
            [
              -80.8836267,
              35.2399899
            ],
            [
              -80.8836271,
              35.239726
            ]
          ],
          [
            [
              -80.8836271,
              35.239726
            ],
            [
              -80.8833037,
              35.2397257
            ]
          ],
          [
            [
              -80.8849187,
              35.2410466
            ],
            [
              -80.8845957,
              35.2407824
            ]
          ],
          [
            [
              -80.8845957,
              35.2407824
            ],
            [
              -80.8845953,
              35.2410463
            ]
          ],
          [
            [
              -80.8826578,
              35.2391974
            ],
            [
              -80.8829811,
              35.2391977
            ]
          ],
          [
            [
              -80.8829811,
              35.2391977
            ],
            [
              -80.8826582,
              35.2389335
            ]
          ],
          [
            [
              -80.8826582,
              35.2389335
            ],
            [
              -80.8826578,
              35.2391974
            ]
          ],
          [
            [
              -80.883303,
              35.2402534
            ],
            [
              -80.8836264,
              35.2402538
            ]
          ],
          [
            [
              -80.8836264,
              35.2402538
            ],
            [
              -80.8836267,
              35.2399899
            ]
          ],
          [
            [
              -80.8836267,
              35.2399899
            ],
            [
              -80.883303,
              35.2402534
            ]
          ],
          [
            [
              -80.8839538,
              35.2373515
            ],
            [
              -80.8839535,
              35.2376154
            ]
          ],
          [
            [
              -80.8839535,
              35.2376154
            ],
            [
              -80.8842768,
              35.2376157
            ]
          ],
          [
            [
              -80.8810383,
              35.2410428
            ],
            [
              -80.8813616,
              35.2410432
            ]
          ],
          [
            [
              -80.8813616,
              35.2410432
            ],
            [
              -80.881362,
              35.2407793
            ]
          ],
          [
            [
              -80.8845942,
              35.2418379
            ],
            [
              -80.8842712,
              35.2415737
            ]
          ],
          [
            [
              -80.8842712,
              35.2415737
            ],
            [
              -80.8842708,
              35.2418376
            ]
          ],
          [
            [
              -80.8842708,
              35.2418376
            ],
            [
              -80.8845942,
              35.2418379
            ]
          ],
          [
            [
              -80.8823367,
              35.2376138
            ],
            [
              -80.882013,
              35.2378774
            ]
          ],
          [
            [
              -80.882013,
              35.2378774
            ],
            [
              -80.8823363,
              35.2378777
            ]
          ],
          [
            [
              -80.8823363,
              35.2378777
            ],
            [
              -80.8823367,
              35.2376138
            ]
          ],
          [
            [
              -80.8858877,
              35.2418391
            ],
            [
              -80.8855639,
              35.2421027
            ]
          ],
          [
            [
              -80.8855639,
              35.2421027
            ],
            [
              -80.8858873,
              35.242103
            ]
          ],
          [
            [
              -80.8858873,
              35.242103
            ],
            [
              -80.8858877,
              35.2418391
            ]
          ],
          [
            [
              -80.8826544,
              35.2415722
            ],
            [
              -80.8829773,
              35.2418363
            ]
          ],
          [
            [
              -80.8829773,
              35.2418363
            ],
            [
              -80.8829777,
              35.2415725
            ]
          ],
          [
            [
              -80.8829777,
              35.2415725
            ],
            [
              -80.8826544,
              35.2415722
            ]
          ],
          [
            [
              -80.8807196,
              35.2378761
            ],
            [
              -80.8807199,
              35.2376122
            ]
          ],
          [
            [
              -80.8807199,
              35.2376122
            ],
            [
              -80.8803966,
              35.2376119
            ]
          ],
          [
            [
              -80.8852465,
              35.2378805
            ],
            [
              -80.8849232,
              35.2378802
            ]
          ],
          [
            [
              -80.8849232,
              35.2378802
            ],
            [
              -80.8849228,
              35.2381441
            ]
          ],
          [
            [
              -80.8816846,
              35.2413073
            ],
            [
              -80.8813613,
              35.241307
            ]
          ],
          [
            [
              -80.8813613,
              35.241307
            ],
            [
              -80.8813609,
              35.2415709
            ]
          ],
          [
            [
              -80.8858892,
              35.2407836
            ],
            [
              -80.8855658,
              35.2407833
            ]
          ],
          [
            [
              -80.8826585,
              35.2386696
            ],
            [
              -80.8826582,
              35.2389335
            ]
          ],
          [
            [
              -80.8826582,
              35.2389335
            ],
            [
              -80.8829815,
              35.2389338
            ]
          ],
          [
            [
              -80.8829815,
              35.2389338
            ],
            [
              -80.8826585,
              35.2386696
            ]
          ],
          [
            [
              -80.8807157,
              35.2405148
            ],
            [
              -80.8803923,
              35.2405145
            ]
          ],
          [
            [
              -80.8803923,
              35.2405145
            ],
            [
              -80.8803919,
              35.2407783
            ]
          ],
          [
            [
              -80.8813666,
              35.2376129
            ],
            [
              -80.8813663,
              35.2378768
            ]
          ],
          [
            [
              -80.8813663,
              35.2378768
            ],
            [
              -80.8816896,
              35.2378771
            ]
          ],
          [
            [
              -80.8823306,
              35.2418357
            ],
            [
              -80.8823302,
              35.2420996
            ]
          ],
          [
            [
              -80.8823302,
              35.2420996
            ],
            [
              -80.8826536,
              35.2420999
            ]
          ],
          [
            [
              -80.8855676,
              35.239464
            ],
            [
              -80.8858914,
              35.2392004
            ]
          ],
          [
            [
              -80.885568,
              35.2392001
            ],
            [
              -80.8855676,
              35.239464
            ]
          ],
          [
            [
              -80.8813609,
              35.2415709
            ],
            [
              -80.8810371,
              35.2418344
            ]
          ],
          [
            [
              -80.8810371,
              35.2418344
            ],
            [
              -80.8813605,
              35.2418348
            ]
          ],
          [
            [
              -80.8813605,
              35.2418348
            ],
            [
              -80.8813609,
              35.2415709
            ]
          ],
          [
            [
              -80.8826585,
              35.2386696
            ],
            [
              -80.8823348,
              35.2389332
            ]
          ],
          [
            [
              -80.8823348,
              35.2389332
            ],
            [
              -80.8826582,
              35.2389335
            ]
          ],
          [
            [
              -80.8816892,
              35.2381409
            ],
            [
              -80.8820122,
              35.2384051
            ]
          ],
          [
            [
              -80.8820122,
              35.2384051
            ],
            [
              -80.8820126,
              35.2381413
            ]
          ],
          [
            [
              -80.8820126,
              35.2381413
            ],
            [
              -80.8816892,
              35.2381409
            ]
          ],
          [
            [
              -80.8845983,
              35.2389353
            ],
            [
              -80.8849213,
              35.2391995
            ]
          ],
          [
            [
              -80.8849213,
              35.2391995
            ],
            [
              -80.8849217,
              35.2389357
            ]
          ],
          [
            [
              -80.8849217,
              35.2389357
            ],
            [
              -80.8845983,
              35.2389353
            ]
          ],
          [
            [
              -80.8839471,
              35.2421011
            ],
            [
              -80.8839475,
              35.2418373
            ]
          ],
          [
            [
              -80.8836237,
              35.2421008
            ],
            [
              -80.8839471,
              35.2421011
            ]
          ],
          [
            [
              -80.883303,
              35.2402534
            ],
            [
              -80.883626,
              35.2405176
            ]
          ],
          [
            [
              -80.8816869,
              35.2397241
            ],
            [
              -80.8820099,
              35.2399883
            ]
          ],
          [
            [
              -80.8820099,
              35.2399883
            ],
            [
              -80.8820103,
              35.2397245
            ]
          ],
          [
            [
              -80.8820103,
              35.2397245
            ],
            [
              -80.8816869,
              35.2397241
            ]
          ],
          [
            [
              -80.882331,
              35.2415718
            ],
            [
              -80.882008,
              35.2413077
            ]
          ],
          [
            [
              -80.882008,
              35.2413077
            ],
            [
              -80.8820076,
              35.2415715
            ]
          ],
          [
            [
              -80.8820076,
              35.2415715
            ],
            [
              -80.882331,
              35.2415718
            ]
          ],
          [
            [
              -80.8813659,
              35.2381406
            ],
            [
              -80.8810425,
              35.2381403
            ]
          ],
          [
            [
              -80.8810425,
              35.2381403
            ],
            [
              -80.8810421,
              35.2384042
            ]
          ],
          [
            [
              -80.8845957,
              35.2407824
            ],
            [
              -80.8842727,
              35.2405182
            ]
          ],
          [
            [
              -80.8842727,
              35.2405182
            ],
            [
              -80.8842723,
              35.2407821
            ]
          ],
          [
            [
              -80.8842723,
              35.2407821
            ],
            [
              -80.8845957,
              35.2407824
            ]
          ],
          [
            [
              -80.88298,
              35.2399893
            ],
            [
              -80.8833037,
              35.2397257
            ]
          ],
          [
            [
              -80.8833037,
              35.2397257
            ],
            [
              -80.8829804,
              35.2397254
            ]
          ],
          [
            [
              -80.8823359,
              35.2381416
            ],
            [
              -80.8820126,
              35.2381413
            ]
          ],
          [
            [
              -80.8820122,
              35.2384051
            ],
            [
              -80.8823359,
              35.2381416
            ]
          ],
          [
            [
              -80.8845983,
              35.2389353
            ],
            [
              -80.884922,
              35.2386718
            ]
          ],
          [
            [
              -80.884922,
              35.2386718
            ],
            [
              -80.8845987,
              35.2386715
            ]
          ],
          [
            [
              -80.8845987,
              35.2386715
            ],
            [
              -80.8845983,
              35.2389353
            ]
          ],
          [
            [
              -80.8810433,
              35.2376126
            ],
            [
              -80.881367,
              35.237349
            ]
          ],
          [
            [
              -80.881367,
              35.237349
            ],
            [
              -80.8810437,
              35.2373487
            ]
          ],
          [
            [
              -80.8810437,
              35.2373487
            ],
            [
              -80.8810433,
              35.2376126
            ]
          ],
          [
            [
              -80.8823321,
              35.2407802
            ],
            [
              -80.8823318,
              35.2410441
            ]
          ],
          [
            [
              -80.8823318,
              35.2410441
            ],
            [
              -80.8826551,
              35.2410444
            ]
          ],
          [
            [
              -80.8816885,
              35.2386687
            ],
            [
              -80.8813651,
              35.2386684
            ]
          ],
          [
            [
              -80.8813651,
              35.2386684
            ],
            [
              -80.8813647,
              35.2389322
            ]
          ],
          [
            [
              -80.8833045,
              35.239198
            ],
            [
              -80.8829811,
              35.2391977
            ]
          ],
          [
            [
              -80.8833041,
              35.2394618
            ],
            [
              -80.8833045,
              35.239198
            ]
          ],
          [
            [
              -80.8842757,
              35.2384073
            ],
            [
              -80.8842761,
              35.2381434
            ]
          ],
          [
            [
              -80.8842761,
              35.2381434
            ],
            [
              -80.8839527,
              35.2381431
            ]
          ],
          [
            [
              -80.8836256,
              35.2407815
            ],
            [
              -80.883626,
              35.2405176
            ]
          ],
          [
            [
              -80.883626,
              35.2405176
            ],
            [
              -80.8833026,
              35.2405173
            ]
          ],
          [
            [
              -80.8833026,
              35.2405173
            ],
            [
              -80.8836256,
              35.2407815
            ]
          ],
          [
            [
              -80.8826547,
              35.2413083
            ],
            [
              -80.8823318,
              35.2410441
            ]
          ],
          [
            [
              -80.8823318,
              35.2410441
            ],
            [
              -80.8823314,
              35.241308
            ]
          ],
          [
            [
              -80.8823314,
              35.241308
            ],
            [
              -80.8826547,
              35.2413083
            ]
          ],
          [
            [
              -80.8845976,
              35.2394631
            ],
            [
              -80.8845979,
              35.2391992
            ]
          ],
          [
            [
              -80.8845979,
              35.2391992
            ],
            [
              -80.8842746,
              35.2391989
            ]
          ],
          [
            [
              -80.8839516,
              35.2389347
            ],
            [
              -80.884275,
              35.238935
            ]
          ],
          [
            [
              -80.884275,
              35.238935
            ],
            [
              -80.8842753,
              35.2386712
            ]
          ],
          [
            [
              -80.8816865,
              35.239988
            ],
            [
              -80.8820099,
              35.2399883
            ]
          ],
          [
            [
              -80.8829785,
              35.2410447
            ],
            [
              -80.8833022,
              35.2407812
            ]
          ],
          [
            [
              -80.8833022,
              35.2407812
            ],
            [
              -80.8829789,
              35.2407809
            ]
          ],
          [
            [
              -80.8823348,
              35.2389332
            ],
            [
              -80.8820114,
              35.2389329
            ]
          ],
          [
            [
              -80.8820114,
              35.2389329
            ],
            [
              -80.8820111,
              35.2391967
            ]
          ],
          [
            [
              -80.8820111,
              35.2391967
            ],
            [
              -80.8823348,
              35.2389332
            ]
          ],
          [
            [
              -80.8823352,
              35.2386693
            ],
            [
              -80.8823348,
              35.2389332
            ]
          ],
          [
            [
              -80.8839475,
              35.2418373
            ],
            [
              -80.8842705,
              35.2421015
            ]
          ],
          [
            [
              -80.8842705,
              35.2421015
            ],
            [
              -80.8842708,
              35.2418376
            ]
          ],
          [
            [
              -80.8842708,
              35.2418376
            ],
            [
              -80.8839475,
              35.2418373
            ]
          ],
          [
            [
              -80.8826559,
              35.2405167
            ],
            [
              -80.8829792,
              35.240517
            ]
          ],
          [
            [
              -80.8810371,
              35.2418344
            ],
            [
              -80.8810375,
              35.2415706
            ]
          ],
          [
            [
              -80.8810375,
              35.2415706
            ],
            [
              -80.8807141,
              35.2415703
            ]
          ],
          [
            [
              -80.8816862,
              35.2402519
            ],
            [
              -80.8813632,
              35.2399877
            ]
          ],
          [
            [
              -80.8813632,
              35.2399877
            ],
            [
              -80.8813628,
              35.2402516
            ]
          ],
          [
            [
              -80.8813628,
              35.2402516
            ],
            [
              -80.8816862,
              35.2402519
            ]
          ],
          [
            [
              -80.8820111,
              35.2391967
            ],
            [
              -80.882334,
              35.2394609
            ]
          ],
          [
            [
              -80.882334,
              35.2394609
            ],
            [
              -80.8823344,
              35.239197
            ]
          ],
          [
            [
              -80.8823344,
              35.239197
            ],
            [
              -80.8820111,
              35.2391967
            ]
          ],
          [
            [
              -80.8833019,
              35.2410451
            ],
            [
              -80.8833022,
              35.2407812
            ]
          ],
          [
            [
              -80.8845964,
              35.2402547
            ],
            [
              -80.8845961,
              35.2405186
            ]
          ],
          [
            [
              -80.8820095,
              35.2402522
            ],
            [
              -80.8816862,
              35.2402519
            ]
          ],
          [
            [
              -80.8816862,
              35.2402519
            ],
            [
              -80.8816858,
              35.2405157
            ]
          ],
          [
            [
              -80.8820107,
              35.2394606
            ],
            [
              -80.8816869,
              35.2397241
            ]
          ],
          [
            [
              -80.8820103,
              35.2397245
            ],
            [
              -80.8820107,
              35.2394606
            ]
          ],
          [
            [
              -80.8807157,
              35.2405148
            ],
            [
              -80.8810391,
              35.2405151
            ]
          ],
          [
            [
              -80.8810391,
              35.2405151
            ],
            [
              -80.8807161,
              35.2402509
            ]
          ],
          [
            [
              -80.8807161,
              35.2402509
            ],
            [
              -80.8807157,
              35.2405148
            ]
          ],
          [
            [
              -80.8823367,
              35.2376138
            ],
            [
              -80.8820134,
              35.2376135
            ]
          ],
          [
            [
              -80.8820134,
              35.2376135
            ],
            [
              -80.882013,
              35.2378774
            ]
          ],
          [
            [
              -80.8807196,
              35.2378761
            ],
            [
              -80.8810433,
              35.2376126
            ]
          ],
          [
            [
              -80.8810433,
              35.2376126
            ],
            [
              -80.8807199,
              35.2376122
            ]
          ],
          [
            [
              -80.88039,
              35.2420977
            ],
            [
              -80.8807134,
              35.242098
            ]
          ],
          [
            [
              -80.8820122,
              35.2384051
            ],
            [
              -80.8823356,
              35.2384054
            ]
          ],
          [
            [
              -80.8816896,
              35.2378771
            ],
            [
              -80.8820134,
              35.2376135
            ]
          ],
          [
            [
              -80.8820134,
              35.2376135
            ],
            [
              -80.88169,
              35.2376132
            ]
          ],
          [
            [
              -80.8829781,
              35.2413086
            ],
            [
              -80.8826547,
              35.2413083
            ]
          ],
          [
            [
              -80.8826547,
              35.2413083
            ],
            [
              -80.8829777,
              35.2415725
            ]
          ],
          [
            [
              -80.8829777,
              35.2415725
            ],
            [
              -80.8829781,
              35.2413086
            ]
          ],
          [
            [
              -80.8845979,
              35.2391992
            ],
            [
              -80.8845983,
              35.2389353
            ]
          ],
          [
            [
              -80.8845983,
              35.2389353
            ],
            [
              -80.884275,
              35.238935
            ]
          ],
          [
            [
              -80.884275,
              35.238935
            ],
            [
              -80.8845979,
              35.2391992
            ]
          ],
          [
            [
              -80.8845979,
              35.2391992
            ],
            [
              -80.8849213,
              35.2391995
            ]
          ],
          [
            [
              -80.8842723,
              35.2407821
            ],
            [
              -80.8839486,
              35.2410457
            ]
          ],
          [
            [
              -80.8839486,
              35.2410457
            ],
            [
              -80.884272,
              35.241046
            ]
          ],
          [
            [
              -80.884272,
              35.241046
            ],
            [
              -80.8842723,
              35.2407821
            ]
          ],
          [
            [
              -80.88298,
              35.2399893
            ],
            [
              -80.8829796,
              35.2402531
            ]
          ],
          [
            [
              -80.8823352,
              35.2386693
            ],
            [
              -80.8820114,
              35.2389329
            ]
          ],
          [
            [
              -80.8852413,
              35.2415746
            ],
            [
              -80.8855643,
              35.2418388
            ]
          ],
          [
            [
              -80.8855643,
              35.2418388
            ],
            [
              -80.8855647,
              35.2415749
            ]
          ],
          [
            [
              -80.8845991,
              35.2384076
            ],
            [
              -80.8845994,
              35.2381437
            ]
          ],
          [
            [
              -80.8845994,
              35.2381437
            ],
            [
              -80.8842757,
              35.2384073
            ]
          ],
          [
            [
              -80.8842757,
              35.2384073
            ],
            [
              -80.8845991,
              35.2384076
            ]
          ],
          [
            [
              -80.8839505,
              35.2397263
            ],
            [
              -80.8839501,
              35.2399902
            ]
          ],
          [
            [
              -80.8839501,
              35.2399902
            ],
            [
              -80.8842735,
              35.2399905
            ]
          ],
          [
            [
              -80.8842735,
              35.2399905
            ],
            [
              -80.8839505,
              35.2397263
            ]
          ],
          [
            [
              -80.8839478,
              35.2415734
            ],
            [
              -80.8836248,
              35.2413092
            ]
          ],
          [
            [
              -80.8836248,
              35.2413092
            ],
            [
              -80.8836245,
              35.2415731
            ]
          ],
          [
            [
              -80.8836245,
              35.2415731
            ],
            [
              -80.8839478,
              35.2415734
            ]
          ],
          [
            [
              -80.8816846,
              35.2413073
            ],
            [
              -80.8820076,
              35.2415715
            ]
          ],
          [
            [
              -80.882008,
              35.2413077
            ],
            [
              -80.8816846,
              35.2413073
            ]
          ],
          [
            [
              -80.8813628,
              35.2402516
            ],
            [
              -80.8810391,
              35.2405151
            ]
          ],
          [
            [
              -80.8810391,
              35.2405151
            ],
            [
              -80.8813624,
              35.2405154
            ]
          ],
          [
            [
              -80.8842712,
              35.2415737
            ],
            [
              -80.8839475,
              35.2418373
            ]
          ],
          [
            [
              -80.8839493,
              35.2405179
            ],
            [
              -80.8842723,
              35.2407821
            ]
          ],
          [
            [
              -80.8836271,
              35.239726
            ],
            [
              -80.8839501,
              35.2399902
            ]
          ],
          [
            [
              -80.8839505,
              35.2397263
            ],
            [
              -80.8836271,
              35.239726
            ]
          ],
          [
            [
              -80.8845994,
              35.2381437
            ],
            [
              -80.8842761,
              35.2381434
            ]
          ],
          [
            [
              -80.8836267,
              35.2399899
            ],
            [
              -80.8833034,
              35.2399896
            ]
          ],
          [
            [
              -80.8829823,
              35.2384061
            ],
            [
              -80.883306,
              35.2381425
            ]
          ],
          [
            [
              -80.883306,
              35.2381425
            ],
            [
              -80.8829827,
              35.2381422
            ]
          ],
          [
            [
              -80.8849228,
              35.2381441
            ],
            [
              -80.8845991,
              35.2384076
            ]
          ],
          [
            [
              -80.8845991,
              35.2384076
            ],
            [
              -80.8849224,
              35.2384079
            ]
          ],
          [
            [
              -80.8839508,
              35.2394625
            ],
            [
              -80.8842738,
              35.2397266
            ]
          ],
          [
            [
              -80.8842738,
              35.2397266
            ],
            [
              -80.8842742,
              35.2394628
            ]
          ],
          [
            [
              -80.8842742,
              35.2394628
            ],
            [
              -80.8839508,
              35.2394625
            ]
          ],
          [
            [
              -80.8845987,
              35.2386715
            ],
            [
              -80.884275,
              35.238935
            ]
          ],
          [
            [
              -80.8858895,
              35.2405198
            ],
            [
              -80.8855662,
              35.2405195
            ]
          ],
          [
            [
              -80.8855662,
              35.2405195
            ],
            [
              -80.8858892,
              35.2407836
            ]
          ],
          [
            [
              -80.8858892,
              35.2407836
            ],
            [
              -80.8858895,
              35.2405198
            ]
          ],
          [
            [
              -80.8820069,
              35.2420993
            ],
            [
              -80.8816839,
              35.2418351
            ]
          ],
          [
            [
              -80.8816835,
              35.242099
            ],
            [
              -80.8820069,
              35.2420993
            ]
          ],
          [
            [
              -80.8816862,
              35.2402519
            ],
            [
              -80.8816865,
              35.239988
            ]
          ],
          [
            [
              -80.8803939,
              35.239459
            ],
            [
              -80.8803935,
              35.2397229
            ]
          ],
          [
            [
              -80.8807172,
              35.2394593
            ],
            [
              -80.8803939,
              35.239459
            ]
          ],
          [
            [
              -80.8855662,
              35.2405195
            ],
            [
              -80.8852424,
              35.240783
            ]
          ],
          [
            [
              -80.8855658,
              35.2407833
            ],
            [
              -80.8855662,
              35.2405195
            ]
          ],
          [
            [
              -80.8858914,
              35.2392004
            ],
            [
              -80.8858917,
              35.2389366
            ]
          ],
          [
            [
              -80.8852447,
              35.2391998
            ],
            [
              -80.8849209,
              35.2394634
            ]
          ],
          [
            [
              -80.8849209,
              35.2394634
            ],
            [
              -80.8852443,
              35.2394637
            ]
          ],
          [
            [
              -80.8849179,
              35.2415743
            ],
            [
              -80.8845949,
              35.2413102
            ]
          ],
          [
            [
              -80.8845949,
              35.2413102
            ],
            [
              -80.8845946,
              35.241574
            ]
          ],
          [
            [
              -80.8845946,
              35.241574
            ],
            [
              -80.8849179,
              35.2415743
            ]
          ],
          [
            [
              -80.883949,
              35.2407818
            ],
            [
              -80.8842723,
              35.2407821
            ]
          ],
          [
            [
              -80.8845991,
              35.2384076
            ],
            [
              -80.884922,
              35.2386718
            ]
          ],
          [
            [
              -80.8839471,
              35.2421011
            ],
            [
              -80.8842705,
              35.2421015
            ]
          ],
          [
            [
              -80.8816862,
              35.2402519
            ],
            [
              -80.8820099,
              35.2399883
            ]
          ],
          [
            [
              -80.8829834,
              35.2376145
            ],
            [
              -80.8833071,
              35.2373509
            ]
          ],
          [
            [
              -80.8833071,
              35.2373509
            ],
            [
              -80.8829838,
              35.2373506
            ]
          ],
          [
            [
              -80.8829838,
              35.2373506
            ],
            [
              -80.8829834,
              35.2376145
            ]
          ],
          [
            [
              -80.8829834,
              35.2376145
            ],
            [
              -80.8833064,
              35.2378786
            ]
          ],
          [
            [
              -80.8836248,
              35.2413092
            ],
            [
              -80.8839486,
              35.2410457
            ]
          ],
          [
            [
              -80.8839486,
              35.2410457
            ],
            [
              -80.8836252,
              35.2410454
            ]
          ],
          [
            [
              -80.8836252,
              35.2410454
            ],
            [
              -80.8836248,
              35.2413092
            ]
          ],
          [
            [
              -80.8842735,
              35.2399905
            ],
            [
              -80.8839497,
              35.2402541
            ]
          ],
          [
            [
              -80.8839497,
              35.2402541
            ],
            [
              -80.8842731,
              35.2402544
            ]
          ],
          [
            [
              -80.8842731,
              35.2402544
            ],
            [
              -80.8842735,
              35.2399905
            ]
          ],
          [
            [
              -80.8823329,
              35.2402525
            ],
            [
              -80.8823325,
              35.2405164
            ]
          ],
          [
            [
              -80.8836256,
              35.2407815
            ],
            [
              -80.8839486,
              35.2410457
            ]
          ],
          [
            [
              -80.8839486,
              35.2410457
            ],
            [
              -80.883949,
              35.2407818
            ]
          ],
          [
            [
              -80.8816839,
              35.2418351
            ],
            [
              -80.8820076,
              35.2415715
            ]
          ],
          [
            [
              -80.883303,
              35.2402534
            ],
            [
              -80.8833026,
              35.2405173
            ]
          ],
          [
            [
              -80.8820099,
              35.2399883
            ],
            [
              -80.8820095,
              35.2402522
            ]
          ],
          [
            [
              -80.8820095,
              35.2402522
            ],
            [
              -80.8823329,
              35.2402525
            ]
          ],
          [
            [
              -80.8820134,
              35.2376135
            ],
            [
              -80.8823371,
              35.23735
            ]
          ],
          [
            [
              -80.8823371,
              35.23735
            ],
            [
              -80.8820137,
              35.2373496
            ]
          ],
          [
            [
              -80.884272,
              35.241046
            ],
            [
              -80.8845957,
              35.2407824
            ]
          ],
          [
            [
              -80.8833049,
              35.2389341
            ],
            [
              -80.8829811,
              35.2391977
            ]
          ],
          [
            [
              -80.8833015,
              35.2413089
            ],
            [
              -80.8836245,
              35.2415731
            ]
          ],
          [
            [
              -80.8836248,
              35.2413092
            ],
            [
              -80.8833015,
              35.2413089
            ]
          ],
          [
            [
              -80.8826547,
              35.2413083
            ],
            [
              -80.8826551,
              35.2410444
            ]
          ],
          [
            [
              -80.8823344,
              35.239197
            ],
            [
              -80.8823348,
              35.2389332
            ]
          ],
          [
            [
              -80.8836248,
              35.2413092
            ],
            [
              -80.8833019,
              35.2410451
            ]
          ],
          [
            [
              -80.8833019,
              35.2410451
            ],
            [
              -80.8833015,
              35.2413089
            ]
          ],
          [
            [
              -80.882331,
              35.2415718
            ],
            [
              -80.8820072,
              35.2418354
            ]
          ],
          [
            [
              -80.8820072,
              35.2418354
            ],
            [
              -80.8823306,
              35.2418357
            ]
          ],
          [
            [
              -80.8823306,
              35.2418357
            ],
            [
              -80.882331,
              35.2415718
            ]
          ],
          [
            [
              -80.8842753,
              35.2386712
            ],
            [
              -80.8842757,
              35.2384073
            ]
          ],
          [
            [
              -80.8836271,
              35.239726
            ],
            [
              -80.8839508,
              35.2394625
            ]
          ],
          [
            [
              -80.8839508,
              35.2394625
            ],
            [
              -80.8836275,
              35.2394622
            ]
          ],
          [
            [
              -80.8836275,
              35.2394622
            ],
            [
              -80.8836271,
              35.239726
            ]
          ],
          [
            [
              -80.8836279,
              35.2391983
            ],
            [
              -80.8836275,
              35.2394622
            ]
          ],
          [
            [
              -80.8833049,
              35.2389341
            ],
            [
              -80.8829815,
              35.2389338
            ]
          ],
          [
            [
              -80.8829815,
              35.2389338
            ],
            [
              -80.8829811,
              35.2391977
            ]
          ],
          [
            [
              -80.8829815,
              35.2389338
            ],
            [
              -80.8829819,
              35.2386699
            ]
          ],
          [
            [
              -80.8846006,
              35.2373521
            ],
            [
              -80.8846002,
              35.237616
            ]
          ],
          [
            [
              -80.8849239,
              35.2373524
            ],
            [
              -80.8846006,
              35.2373521
            ]
          ],
          [
            [
              -80.8855662,
              35.2405195
            ],
            [
              -80.8852428,
              35.2405192
            ]
          ],
          [
            [
              -80.8852428,
              35.2405192
            ],
            [
              -80.8852424,
              35.240783
            ]
          ],
          [
            [
              -80.8810391,
              35.2405151
            ],
            [
              -80.881362,
              35.2407793
            ]
          ],
          [
            [
              -80.881362,
              35.2407793
            ],
            [
              -80.8813624,
              35.2405154
            ]
          ],
          [
            [
              -80.8816854,
              35.2407796
            ],
            [
              -80.8813624,
              35.2405154
            ]
          ],
          [
            [
              -80.8813616,
              35.2410432
            ],
            [
              -80.881685,
              35.2410435
            ]
          ],
          [
            [
              -80.8849198,
              35.240255
            ],
            [
              -80.8849202,
              35.2399911
            ]
          ],
          [
            [
              -80.8849202,
              35.2399911
            ],
            [
              -80.8845964,
              35.2402547
            ]
          ],
          [
            [
              -80.8852432,
              35.2402553
            ],
            [
              -80.8849202,
              35.2399911
            ]
          ],
          [
            [
              -80.8852432,
              35.2402553
            ],
            [
              -80.8852435,
              35.2399914
            ]
          ],
          [
            [
              -80.8852435,
              35.2399914
            ],
            [
              -80.8849202,
              35.2399911
            ]
          ],
          [
            [
              -80.8845994,
              35.2381437
            ],
            [
              -80.8849228,
              35.2381441
            ]
          ],
          [
            [
              -80.8839497,
              35.2402541
            ],
            [
              -80.8839501,
              35.2399902
            ]
          ],
          [
            [
              -80.8839501,
              35.2399902
            ],
            [
              -80.8836264,
              35.2402538
            ]
          ],
          [
            [
              -80.8852432,
              35.2402553
            ],
            [
              -80.8855669,
              35.2399917
            ]
          ],
          [
            [
              -80.8823359,
              35.2381416
            ],
            [
              -80.882013,
              35.2378774
            ]
          ],
          [
            [
              -80.882013,
              35.2378774
            ],
            [
              -80.8820126,
              35.2381413
            ]
          ],
          [
            [
              -80.8849202,
              35.2399911
            ],
            [
              -80.8845968,
              35.2399908
            ]
          ],
          [
            [
              -80.8836275,
              35.2394622
            ],
            [
              -80.8833037,
              35.2397257
            ]
          ],
          [
            [
              -80.8842716,
              35.2413098
            ],
            [
              -80.8839482,
              35.2413095
            ]
          ],
          [
            [
              -80.8839482,
              35.2413095
            ],
            [
              -80.8839478,
              35.2415734
            ]
          ],
          [
            [
              -80.8855662,
              35.2405195
            ],
            [
              -80.8855665,
              35.2402556
            ]
          ],
          [
            [
              -80.8829781,
              35.2413086
            ],
            [
              -80.8833015,
              35.2413089
            ]
          ],
          [
            [
              -80.8855647,
              35.2415749
            ],
            [
              -80.8858877,
              35.2418391
            ]
          ],
          [
            [
              -80.8858877,
              35.2418391
            ],
            [
              -80.885888,
              35.2415753
            ]
          ],
          [
            [
              -80.8845953,
              35.2410463
            ],
            [
              -80.884272,
              35.241046
            ]
          ],
          [
            [
              -80.884272,
              35.241046
            ],
            [
              -80.8842716,
              35.2413098
            ]
          ],
          [
            [
              -80.8842716,
              35.2413098
            ],
            [
              -80.8845953,
              35.2410463
            ]
          ],
          [
            [
              -80.8839486,
              35.2410457
            ],
            [
              -80.8842716,
              35.2413098
            ]
          ],
          [
            [
              -80.8816892,
              35.2381409
            ],
            [
              -80.8816888,
              35.2384048
            ]
          ],
          [
            [
              -80.8816888,
              35.2384048
            ],
            [
              -80.8820122,
              35.2384051
            ]
          ],
          [
            [
              -80.8816888,
              35.2384048
            ],
            [
              -80.8816885,
              35.2386687
            ]
          ],
          [
            [
              -80.8807145,
              35.2413064
            ],
            [
              -80.8807141,
              35.2415703
            ]
          ],
          [
            [
              -80.8839475,
              35.2418373
            ],
            [
              -80.8839478,
              35.2415734
            ]
          ],
          [
            [
              -80.8839478,
              35.2415734
            ],
            [
              -80.8836241,
              35.241837
            ]
          ],
          [
            [
              -80.8836241,
              35.241837
            ],
            [
              -80.8833007,
              35.2418367
            ]
          ],
          [
            [
              -80.8816846,
              35.2413073
            ],
            [
              -80.881685,
              35.2410435
            ]
          ],
          [
            [
              -80.881685,
              35.2410435
            ],
            [
              -80.8813613,
              35.241307
            ]
          ],
          [
            [
              -80.8842731,
              35.2402544
            ],
            [
              -80.8845964,
              35.2402547
            ]
          ],
          [
            [
              -80.8842727,
              35.2405182
            ],
            [
              -80.8842731,
              35.2402544
            ]
          ],
          [
            [
              -80.8810421,
              35.2384042
            ],
            [
              -80.8810418,
              35.238668
            ]
          ],
          [
            [
              -80.8810418,
              35.238668
            ],
            [
              -80.8813651,
              35.2386684
            ]
          ],
          [
            [
              -80.8810414,
              35.2389319
            ],
            [
              -80.8813651,
              35.2386684
            ]
          ],
          [
            [
              -80.8807176,
              35.2391955
            ],
            [
              -80.8807172,
              35.2394593
            ]
          ],
          [
            [
              -80.8800728,
              35.2378755
            ],
            [
              -80.8800725,
              35.2381393
            ]
          ],
          [
            [
              -80.8836256,
              35.2407815
            ],
            [
              -80.8836252,
              35.2410454
            ]
          ],
          [
            [
              -80.8836256,
              35.2407815
            ],
            [
              -80.8833019,
              35.2410451
            ]
          ],
          [
            [
              -80.8833019,
              35.2410451
            ],
            [
              -80.8836252,
              35.2410454
            ]
          ],
          [
            [
              -80.8810391,
              35.2405151
            ],
            [
              -80.8810387,
              35.240779
            ]
          ],
          [
            [
              -80.8849183,
              35.2413105
            ],
            [
              -80.8849179,
              35.2415743
            ]
          ],
          [
            [
              -80.8816892,
              35.2381409
            ],
            [
              -80.8813659,
              35.2381406
            ]
          ],
          [
            [
              -80.8842727,
              35.2405182
            ],
            [
              -80.8845964,
              35.2402547
            ]
          ],
          [
            [
              -80.8823306,
              35.2418357
            ],
            [
              -80.8820069,
              35.2420993
            ]
          ],
          [
            [
              -80.8820069,
              35.2420993
            ],
            [
              -80.8823302,
              35.2420996
            ]
          ],
          [
            [
              -80.882008,
              35.2413077
            ],
            [
              -80.8823314,
              35.241308
            ]
          ],
          [
            [
              -80.8833045,
              35.239198
            ],
            [
              -80.8836275,
              35.2394622
            ]
          ],
          [
            [
              -80.8813613,
              35.241307
            ],
            [
              -80.8813616,
              35.2410432
            ]
          ],
          [
            [
              -80.8803915,
              35.2410422
            ],
            [
              -80.8803919,
              35.2407783
            ]
          ],
          [
            [
              -80.8803919,
              35.2407783
            ],
            [
              -80.8800686,
              35.240778
            ]
          ],
          [
            [
              -80.8807149,
              35.2410425
            ],
            [
              -80.8807145,
              35.2413064
            ]
          ],
          [
            [
              -80.8807149,
              35.2410425
            ],
            [
              -80.8803915,
              35.2410422
            ]
          ],
          [
            [
              -80.8826547,
              35.2413083
            ],
            [
              -80.8829785,
              35.2410447
            ]
          ],
          [
            [
              -80.8823348,
              35.2389332
            ],
            [
              -80.8826578,
              35.2391974
            ]
          ],
          [
            [
              -80.8820111,
              35.2391967
            ],
            [
              -80.8820107,
              35.2394606
            ]
          ],
          [
            [
              -80.8820107,
              35.2394606
            ],
            [
              -80.882334,
              35.2394609
            ]
          ],
          [
            [
              -80.8816877,
              35.2391964
            ],
            [
              -80.8820107,
              35.2394606
            ]
          ],
          [
            [
              -80.8820111,
              35.2391967
            ],
            [
              -80.8816877,
              35.2391964
            ]
          ],
          [
            [
              -80.8855669,
              35.2399917
            ],
            [
              -80.8855665,
              35.2402556
            ]
          ],
          [
            [
              -80.882013,
              35.2378774
            ],
            [
              -80.8816892,
              35.2381409
            ]
          ],
          [
            [
              -80.885891,
              35.2394643
            ],
            [
              -80.8855676,
              35.239464
            ]
          ],
          [
            [
              -80.8855676,
              35.239464
            ],
            [
              -80.8855673,
              35.2397279
            ]
          ],
          [
            [
              -80.8855673,
              35.2397279
            ],
            [
              -80.885891,
              35.2394643
            ]
          ],
          [
            [
              -80.8852443,
              35.2394637
            ],
            [
              -80.8855673,
              35.2397279
            ]
          ],
          [
            [
              -80.8820107,
              35.2394606
            ],
            [
              -80.8823337,
              35.2397248
            ]
          ],
          [
            [
              -80.8823337,
              35.2397248
            ],
            [
              -80.882334,
              35.2394609
            ]
          ],
          [
            [
              -80.8836241,
              35.241837
            ],
            [
              -80.8836245,
              35.2415731
            ]
          ],
          [
            [
              -80.8836245,
              35.2415731
            ],
            [
              -80.8833007,
              35.2418367
            ]
          ],
          [
            [
              -80.883626,
              35.2405176
            ],
            [
              -80.8839493,
              35.2405179
            ]
          ],
          [
            [
              -80.880397,
              35.2373481
            ],
            [
              -80.8803966,
              35.2376119
            ]
          ],
          [
            [
              -80.8800736,
              35.2373477
            ],
            [
              -80.8803966,
              35.2376119
            ]
          ],
          [
            [
              -80.880397,
              35.2373481
            ],
            [
              -80.8800736,
              35.2373477
            ]
          ],
          [
            [
              -80.8836267,
              35.2399899
            ],
            [
              -80.8839501,
              35.2399902
            ]
          ],
          [
            [
              -80.8842716,
              35.2413098
            ],
            [
              -80.8845949,
              35.2413102
            ]
          ],
          [
            [
              -80.8845949,
              35.2413102
            ],
            [
              -80.8845953,
              35.2410463
            ]
          ],
          [
            [
              -80.8845949,
              35.2413102
            ],
            [
              -80.8849183,
              35.2413105
            ]
          ],
          [
            [
              -80.8810394,
              35.2402512
            ],
            [
              -80.8813628,
              35.2402516
            ]
          ],
          [
            [
              -80.8810391,
              35.2405151
            ],
            [
              -80.8810394,
              35.2402512
            ]
          ],
          [
            [
              -80.8810425,
              35.2381403
            ],
            [
              -80.8807188,
              35.2384039
            ]
          ],
          [
            [
              -80.8807188,
              35.2384039
            ],
            [
              -80.8810421,
              35.2384042
            ]
          ],
          [
            [
              -80.8826574,
              35.2394612
            ],
            [
              -80.8829811,
              35.2391977
            ]
          ],
          [
            [
              -80.8826578,
              35.2391974
            ],
            [
              -80.8826574,
              35.2394612
            ]
          ],
          [
            [
              -80.8803923,
              35.2405145
            ],
            [
              -80.8807161,
              35.2402509
            ]
          ],
          [
            [
              -80.8807161,
              35.2402509
            ],
            [
              -80.8803927,
              35.2402506
            ]
          ],
          [
            [
              -80.8803927,
              35.2402506
            ],
            [
              -80.8803923,
              35.2405145
            ]
          ],
          [
            [
              -80.880069,
              35.2405142
            ],
            [
              -80.8803923,
              35.2405145
            ]
          ],
          [
            [
              -80.8820072,
              35.2418354
            ],
            [
              -80.8820069,
              35.2420993
            ]
          ],
          [
            [
              -80.8823337,
              35.2397248
            ],
            [
              -80.8826574,
              35.2394612
            ]
          ],
          [
            [
              -80.8826574,
              35.2394612
            ],
            [
              -80.882334,
              35.2394609
            ]
          ],
          [
            [
              -80.8826578,
              35.2391974
            ],
            [
              -80.882334,
              35.2394609
            ]
          ],
          [
            [
              -80.8816877,
              35.2391964
            ],
            [
              -80.8816873,
              35.2394603
            ]
          ],
          [
            [
              -80.8816873,
              35.2394603
            ],
            [
              -80.8820107,
              35.2394606
            ]
          ],
          [
            [
              -80.8833007,
              35.2418367
            ],
            [
              -80.8829773,
              35.2418363
            ]
          ],
          [
            [
              -80.8829773,
              35.2418363
            ],
            [
              -80.882977,
              35.2421002
            ]
          ],
          [
            [
              -80.8836248,
              35.2413092
            ],
            [
              -80.8839482,
              35.2413095
            ]
          ],
          [
            [
              -80.8839482,
              35.2413095
            ],
            [
              -80.8839486,
              35.2410457
            ]
          ],
          [
            [
              -80.8852447,
              35.2391998
            ],
            [
              -80.8849213,
              35.2391995
            ]
          ],
          [
            [
              -80.8849213,
              35.2391995
            ],
            [
              -80.8849209,
              35.2394634
            ]
          ],
          [
            [
              -80.8823367,
              35.2376138
            ],
            [
              -80.8823371,
              35.23735
            ]
          ],
          [
            [
              -80.8823367,
              35.2376138
            ],
            [
              -80.8826604,
              35.2373503
            ]
          ],
          [
            [
              -80.8826604,
              35.2373503
            ],
            [
              -80.8823371,
              35.23735
            ]
          ],
          [
            [
              -80.8800697,
              35.2399864
            ],
            [
              -80.8800693,
              35.2402503
            ]
          ],
          [
            [
              -80.8842738,
              35.2397266
            ],
            [
              -80.8842735,
              35.2399905
            ]
          ],
          [
            [
              -80.8803939,
              35.239459
            ],
            [
              -80.8800705,
              35.2394587
            ]
          ],
          [
            [
              -80.8842768,
              35.2376157
            ],
            [
              -80.8846002,
              35.237616
            ]
          ],
          [
            [
              -80.8810375,
              35.2415706
            ],
            [
              -80.8813609,
              35.2415709
            ]
          ],
          [
            [
              -80.8839527,
              35.2381431
            ],
            [
              -80.8842765,
              35.2378796
            ]
          ],
          [
            [
              -80.8842765,
              35.2378796
            ],
            [
              -80.8839531,
              35.2378793
            ]
          ],
          [
            [
              -80.8839531,
              35.2378793
            ],
            [
              -80.8839527,
              35.2381431
            ]
          ],
          [
            [
              -80.880069,
              35.2405142
            ],
            [
              -80.8803919,
              35.2407783
            ]
          ],
          [
            [
              -80.8820072,
              35.2418354
            ],
            [
              -80.8816839,
              35.2418351
            ]
          ],
          [
            [
              -80.8803939,
              35.239459
            ],
            [
              -80.8800709,
              35.2391948
            ]
          ],
          [
            [
              -80.8800709,
              35.2391948
            ],
            [
              -80.8800705,
              35.2394587
            ]
          ],
          [
            [
              -80.8839508,
              35.2394625
            ],
            [
              -80.8839505,
              35.2397263
            ]
          ],
          [
            [
              -80.8839505,
              35.2397263
            ],
            [
              -80.8842738,
              35.2397266
            ]
          ],
          [
            [
              -80.8839527,
              35.2381431
            ],
            [
              -80.8836294,
              35.2381428
            ]
          ],
          [
            [
              -80.8836294,
              35.2381428
            ],
            [
              -80.883629,
              35.2384067
            ]
          ],
          [
            [
              -80.882657,
              35.2397251
            ],
            [
              -80.8826566,
              35.239989
            ]
          ],
          [
            [
              -80.8826566,
              35.239989
            ],
            [
              -80.88298,
              35.2399893
            ]
          ],
          [
            [
              -80.8845991,
              35.2384076
            ],
            [
              -80.8845987,
              35.2386715
            ]
          ],
          [
            [
              -80.8842757,
              35.2384073
            ],
            [
              -80.8845987,
              35.2386715
            ]
          ],
          [
            [
              -80.8836275,
              35.2394622
            ],
            [
              -80.8833041,
              35.2394618
            ]
          ],
          [
            [
              -80.8833041,
              35.2394618
            ],
            [
              -80.8833037,
              35.2397257
            ]
          ],
          [
            [
              -80.8829773,
              35.2418363
            ],
            [
              -80.8826536,
              35.2420999
            ]
          ],
          [
            [
              -80.8826536,
              35.2420999
            ],
            [
              -80.882977,
              35.2421002
            ]
          ],
          [
            [
              -80.8849206,
              35.2397273
            ],
            [
              -80.8849202,
              35.2399911
            ]
          ],
          [
            [
              -80.8807176,
              35.2391955
            ],
            [
              -80.8803939,
              35.239459
            ]
          ],
          [
            [
              -80.880069,
              35.2405142
            ],
            [
              -80.8800686,
              35.240778
            ]
          ],
          [
            [
              -80.8826574,
              35.2394612
            ],
            [
              -80.8829808,
              35.2394615
            ]
          ],
          [
            [
              -80.8826601,
              35.2376141
            ],
            [
              -80.8823367,
              35.2376138
            ]
          ],
          [
            [
              -80.882654,
              35.241836
            ],
            [
              -80.8829773,
              35.2418363
            ]
          ],
          [
            [
              -80.8807141,
              35.2415703
            ],
            [
              -80.8803904,
              35.2418338
            ]
          ],
          [
            [
              -80.8807161,
              35.2402509
            ],
            [
              -80.8803931,
              35.2399867
            ]
          ],
          [
            [
              -80.8803931,
              35.2399867
            ],
            [
              -80.8803935,
              35.2397229
            ]
          ],
          [
            [
              -80.882657,
              35.2397251
            ],
            [
              -80.8823337,
              35.2397248
            ]
          ],
          [
            [
              -80.882657,
              35.2397251
            ],
            [
              -80.8826574,
              35.2394612
            ]
          ],
          [
            [
              -80.882657,
              35.2397251
            ],
            [
              -80.8829808,
              35.2394615
            ]
          ],
          [
            [
              -80.8855654,
              35.2410472
            ],
            [
              -80.8852421,
              35.2410469
            ]
          ],
          [
            [
              -80.8842765,
              35.2378796
            ],
            [
              -80.8842761,
              35.2381434
            ]
          ],
          [
            [
              -80.8845946,
              35.241574
            ],
            [
              -80.8842716,
              35.2413098
            ]
          ],
          [
            [
              -80.8842712,
              35.2415737
            ],
            [
              -80.8845946,
              35.241574
            ]
          ],
          [
            [
              -80.8833022,
              35.2407812
            ],
            [
              -80.8829792,
              35.240517
            ]
          ],
          [
            [
              -80.8829792,
              35.240517
            ],
            [
              -80.8829789,
              35.2407809
            ]
          ],
          [
            [
              -80.8826559,
              35.2405167
            ],
            [
              -80.8829789,
              35.2407809
            ]
          ],
          [
            [
              -80.8800713,
              35.2389309
            ],
            [
              -80.8800709,
              35.2391948
            ]
          ],
          [
            [
              -80.8800709,
              35.2391948
            ],
            [
              -80.8803943,
              35.2391951
            ]
          ],
          [
            [
              -80.8803943,
              35.2391951
            ],
            [
              -80.8800713,
              35.2389309
            ]
          ],
          [
            [
              -80.8803939,
              35.239459
            ],
            [
              -80.8803943,
              35.2391951
            ]
          ],
          [
            [
              -80.8807176,
              35.2391955
            ],
            [
              -80.8803943,
              35.2391951
            ]
          ],
          [
            [
              -80.8842765,
              35.2378796
            ],
            [
              -80.8839535,
              35.2376154
            ]
          ],
          [
            [
              -80.8839538,
              35.2373515
            ],
            [
              -80.8836305,
              35.2373512
            ]
          ],
          [
            [
              -80.8829792,
              35.240517
            ],
            [
              -80.8833026,
              35.2405173
            ]
          ],
          [
            [
              -80.8842768,
              35.2376157
            ],
            [
              -80.8842765,
              35.2378796
            ]
          ],
          [
            [
              -80.8816892,
              35.2381409
            ],
            [
              -80.8813663,
              35.2378768
            ]
          ],
          [
            [
              -80.8813663,
              35.2378768
            ],
            [
              -80.8813659,
              35.2381406
            ]
          ],
          [
            [
              -80.8849191,
              35.2407827
            ],
            [
              -80.8852424,
              35.240783
            ]
          ],
          [
            [
              -80.8858906,
              35.2397282
            ],
            [
              -80.885891,
              35.2394643
            ]
          ],
          [
            [
              -80.882013,
              35.2378774
            ],
            [
              -80.8816896,
              35.2378771
            ]
          ],
          [
            [
              -80.8816896,
              35.2378771
            ],
            [
              -80.8816892,
              35.2381409
            ]
          ],
          [
            [
              -80.8845957,
              35.2407824
            ],
            [
              -80.8849191,
              35.2407827
            ]
          ],
          [
            [
              -80.8829808,
              35.2394615
            ],
            [
              -80.8833037,
              35.2397257
            ]
          ],
          [
            [
              -80.8813663,
              35.2378768
            ],
            [
              -80.8810429,
              35.2378764
            ]
          ],
          [
            [
              -80.8810429,
              35.2378764
            ],
            [
              -80.8813659,
              35.2381406
            ]
          ],
          [
            [
              -80.8813663,
              35.2378768
            ],
            [
              -80.8810433,
              35.2376126
            ]
          ],
          [
            [
              -80.8810433,
              35.2376126
            ],
            [
              -80.8810429,
              35.2378764
            ]
          ],
          [
            [
              -80.8807196,
              35.2378761
            ],
            [
              -80.8810429,
              35.2378764
            ]
          ],
          [
            [
              -80.8823337,
              35.2397248
            ],
            [
              -80.8820103,
              35.2397245
            ]
          ],
          [
            [
              -80.8852421,
              35.2410469
            ],
            [
              -80.8849187,
              35.2410466
            ]
          ],
          [
            [
              -80.8852424,
              35.240783
            ],
            [
              -80.8852421,
              35.2410469
            ]
          ],
          [
            [
              -80.8852424,
              35.240783
            ],
            [
              -80.8849187,
              35.2410466
            ]
          ],
          [
            [
              -80.8845946,
              35.241574
            ],
            [
              -80.8845942,
              35.2418379
            ]
          ],
          [
            [
              -80.8849191,
              35.2407827
            ],
            [
              -80.8849187,
              35.2410466
            ]
          ],
          [
            [
              -80.8845979,
              35.2391992
            ],
            [
              -80.8849209,
              35.2394634
            ]
          ],
          [
            [
              -80.8845976,
              35.2394631
            ],
            [
              -80.8849209,
              35.2394634
            ]
          ],
          [
            [
              -80.8833022,
              35.2407812
            ],
            [
              -80.8833026,
              35.2405173
            ]
          ],
          [
            [
              -80.8813666,
              35.2376129
            ],
            [
              -80.8810433,
              35.2376126
            ]
          ],
          [
            [
              -80.8852406,
              35.2421024
            ],
            [
              -80.8855639,
              35.2421027
            ]
          ],
          [
            [
              -80.8855639,
              35.2421027
            ],
            [
              -80.8855643,
              35.2418388
            ]
          ],
          [
            [
              -80.8855643,
              35.2418388
            ],
            [
              -80.8852406,
              35.2421024
            ]
          ],
          [
            [
              -80.8858877,
              35.2418391
            ],
            [
              -80.8855643,
              35.2418388
            ]
          ],
          [
            [
              -80.8820114,
              35.2389329
            ],
            [
              -80.8820118,
              35.238669
            ]
          ],
          [
            [
              -80.8849209,
              35.2394634
            ],
            [
              -80.8849206,
              35.2397273
            ]
          ],
          [
            [
              -80.8849206,
              35.2397273
            ],
            [
              -80.8852443,
              35.2394637
            ]
          ],
          [
            [
              -80.8833007,
              35.2418367
            ],
            [
              -80.8829777,
              35.2415725
            ]
          ],
          [
            [
              -80.8807141,
              35.2415703
            ],
            [
              -80.8803908,
              35.2415699
            ]
          ],
          [
            [
              -80.8836256,
              35.2407815
            ],
            [
              -80.8833022,
              35.2407812
            ]
          ],
          [
            [
              -80.8816904,
              35.2373493
            ],
            [
              -80.88169,
              35.2376132
            ]
          ],
          [
            [
              -80.884275,
              35.238935
            ],
            [
              -80.8842746,
              35.2391989
            ]
          ],
          [
            [
              -80.8810429,
              35.2378764
            ],
            [
              -80.8810425,
              35.2381403
            ]
          ],
          [
            [
              -80.8836294,
              35.2381428
            ],
            [
              -80.883306,
              35.2381425
            ]
          ],
          [
            [
              -80.883306,
              35.2381425
            ],
            [
              -80.883629,
              35.2384067
            ]
          ],
          [
            [
              -80.8833064,
              35.2378786
            ],
            [
              -80.883306,
              35.2381425
            ]
          ],
          [
            [
              -80.8833064,
              35.2378786
            ],
            [
              -80.8829827,
              35.2381422
            ]
          ],
          [
            [
              -80.8833037,
              35.2397257
            ],
            [
              -80.8833034,
              35.2399896
            ]
          ],
          [
            [
              -80.8823321,
              35.2407802
            ],
            [
              -80.8820088,
              35.2407799
            ]
          ],
          [
            [
              -80.8833056,
              35.2384064
            ],
            [
              -80.8829823,
              35.2384061
            ]
          ],
          [
            [
              -80.883306,
              35.2381425
            ],
            [
              -80.8833056,
              35.2384064
            ]
          ],
          [
            [
              -80.8807188,
              35.2384039
            ],
            [
              -80.8807192,
              35.23814
            ]
          ],
          [
            [
              -80.8842727,
              35.2405182
            ],
            [
              -80.8845961,
              35.2405186
            ]
          ],
          [
            [
              -80.8823314,
              35.241308
            ],
            [
              -80.882331,
              35.2415718
            ]
          ],
          [
            [
              -80.882331,
              35.2415718
            ],
            [
              -80.8826547,
              35.2413083
            ]
          ],
          [
            [
              -80.882331,
              35.2415718
            ],
            [
              -80.8826544,
              35.2415722
            ]
          ],
          [
            [
              -80.8826544,
              35.2415722
            ],
            [
              -80.8826547,
              35.2413083
            ]
          ],
          [
            [
              -80.885891,
              35.2394643
            ],
            [
              -80.8858914,
              35.2392004
            ]
          ],
          [
            [
              -80.8807165,
              35.2399871
            ],
            [
              -80.8803931,
              35.2399867
            ]
          ],
          [
            [
              -80.8826578,
              35.2391974
            ],
            [
              -80.8823344,
              35.239197
            ]
          ],
          [
            [
              -80.8852443,
              35.2394637
            ],
            [
              -80.8852439,
              35.2397276
            ]
          ],
          [
            [
              -80.8833064,
              35.2378786
            ],
            [
              -80.882983,
              35.2378783
            ]
          ],
          [
            [
              -80.8829834,
              35.2376145
            ],
            [
              -80.882983,
              35.2378783
            ]
          ],
          [
            [
              -80.8829838,
              35.2373506
            ],
            [
              -80.8826604,
              35.2373503
            ]
          ],
          [
            [
              -80.8826604,
              35.2373503
            ],
            [
              -80.8829834,
              35.2376145
            ]
          ],
          [
            [
              -80.8829834,
              35.2376145
            ],
            [
              -80.8826601,
              35.2376141
            ]
          ],
          [
            [
              -80.8826604,
              35.2373503
            ],
            [
              -80.8826601,
              35.2376141
            ]
          ],
          [
            [
              -80.8820072,
              35.2418354
            ],
            [
              -80.8820076,
              35.2415715
            ]
          ],
          [
            [
              -80.8852465,
              35.2378805
            ],
            [
              -80.8852469,
              35.2376166
            ]
          ],
          [
            [
              -80.8852465,
              35.2378805
            ],
            [
              -80.8855702,
              35.2376169
            ]
          ],
          [
            [
              -80.8855702,
              35.2376169
            ],
            [
              -80.8852469,
              35.2376166
            ]
          ],
          [
            [
              -80.8833007,
              35.2418367
            ],
            [
              -80.8833011,
              35.2415728
            ]
          ],
          [
            [
              -80.8836245,
              35.2415731
            ],
            [
              -80.8833011,
              35.2415728
            ]
          ],
          [
            [
              -80.8800678,
              35.2413058
            ],
            [
              -80.8803912,
              35.2413061
            ]
          ],
          [
            [
              -80.8803943,
              35.2391951
            ],
            [
              -80.8803946,
              35.2389313
            ]
          ],
          [
            [
              -80.8803946,
              35.2389313
            ],
            [
              -80.8800713,
              35.2389309
            ]
          ],
          [
            [
              -80.8807176,
              35.2391955
            ],
            [
              -80.8803946,
              35.2389313
            ]
          ],
          [
            [
              -80.8803946,
              35.2389313
            ],
            [
              -80.880395,
              35.2386674
            ]
          ],
          [
            [
              -80.8800736,
              35.2373477
            ],
            [
              -80.8800732,
              35.2376116
            ]
          ],
          [
            [
              -80.8852409,
              35.2418385
            ],
            [
              -80.8855643,
              35.2418388
            ]
          ],
          [
            [
              -80.8852409,
              35.2418385
            ],
            [
              -80.8852406,
              35.2421024
            ]
          ],
          [
            [
              -80.8849172,
              35.2421021
            ],
            [
              -80.8852406,
              35.2421024
            ]
          ],
          [
            [
              -80.8829808,
              35.2394615
            ],
            [
              -80.8829804,
              35.2397254
            ]
          ],
          [
            [
              -80.8826559,
              35.2405167
            ],
            [
              -80.8826555,
              35.2407806
            ]
          ],
          [
            [
              -80.8842753,
              35.2386712
            ],
            [
              -80.8845987,
              35.2386715
            ]
          ],
          [
            [
              -80.8803946,
              35.2389313
            ],
            [
              -80.880718,
              35.2389316
            ]
          ],
          [
            [
              -80.8807176,
              35.2391955
            ],
            [
              -80.880718,
              35.2389316
            ]
          ],
          [
            [
              -80.8852465,
              35.2378805
            ],
            [
              -80.8855699,
              35.2378808
            ]
          ],
          [
            [
              -80.8855699,
              35.2378808
            ],
            [
              -80.8855702,
              35.2376169
            ]
          ],
          [
            [
              -80.8855695,
              35.2381447
            ],
            [
              -80.8855699,
              35.2378808
            ]
          ],
          [
            [
              -80.8858932,
              35.2378811
            ],
            [
              -80.8855699,
              35.2378808
            ]
          ]
        ]
      }
    }
  ]
}
